pert_mode,scenario,source,n,vol_med,seas_med,ratio_DD_uncal,sign_DD_uncal,ratio_DD_cal,sign_DD_cal
consistent,P+10,AR_clim,9,,,,0,,0
consistent,P+10,AR_ens,9,,,,0,,0
consistent,P+10,AR_xgb,9,5.431826028083342,-0.4444319980465572,0.49232983838006983,9,0.47403195635002937,9
consistent,P+10,ARy_clim,9,,,,0,,0
consistent,P+10,ARy_ens,9,,,,0,,0
consistent,P+10,ARy_xgb,9,4.686937400321911,-0.5681750860365709,0.4248146241922655,9,0.40902600592837457,9
consistent,P+10,DD_cal,9,11.462430784059174,-7.3384763364411585,1.0629728990974514,9,1.0,9
consistent,P+10,DD_uncal,9,11.032900313245019,-3.543739813683965,1.0,9,0.9407577567114642,9
consistent,P+10,NQ_xgb,9,3.8665056228637695,1.05363130569458,0.3612332271163848,9,0.34600786149517976,9
consistent,P+10,OS_clim,9,,0.0,,0,,0
consistent,P+10,OS_ens,9,,,,0,,0
consistent,P+10,OS_xgb,9,1.4773249626159668,1.258993148803711,0.13754950880381514,9,0.13243735737772333,9
consistent,P-10,AR_clim,9,,,,0,,0
consistent,P-10,AR_ens,9,,,,0,,0
consistent,P-10,AR_xgb,9,-5.74493781587595,1.1375232224898113,0.5137263456651572,9,0.48397066329881,9
consistent,P-10,ARy_clim,9,,,,0,,0
consistent,P-10,ARy_ens,9,,,,0,,0
consistent,P-10,ARy_xgb,9,-4.309551549914747,2.5455336539567996,0.4003664581216084,9,0.40047452181750026,9
consistent,P-10,DD_cal,9,-11.394644029019553,5.794214980674051,1.054180816751002,9,1.0,9
consistent,P-10,DD_uncal,9,-10.996900101159458,3.166649710029491,1.0,9,0.9486038676761469,9
consistent,P-10,NQ_xgb,9,-3.433358669281006,-1.1388897895812988,0.3070193027421977,9,0.28923635481706106,9
consistent,P-10,OS_clim,9,,0.0,,0,,0
consistent,P-10,OS_ens,9,,,,0,,0
consistent,P-10,OS_xgb,9,-1.6756832599639893,-0.9277999401092529,0.15683453001812486,9,0.1503521733337097,9
consistent,T+1,AR_clim,9,,,,0,,0
consistent,T+1,AR_ens,9,,,,0,,0
consistent,T+1,AR_xgb,9,0.6649676307102892,8.795656390353413,0.651679485957946,8,0.43727430295496167,8
consistent,T+1,ARy_clim,9,,,,0,,0
consistent,T+1,ARy_ens,9,,,,0,,0
consistent,T+1,ARy_xgb,9,0.18471225525387158,8.897099213925797,0.6223234605486178,8,0.45215559964867436,8
consistent,T+1,DD_cal,9,-1.874734606469608,27.841876622593265,1.4903219364918125,9,1.0,9
consistent,T+1,DD_uncal,9,-1.1383596182986566,13.640549584647754,1.0,9,0.6709959610163021,9
consistent,T+1,NQ_xgb,9,0.8172273635864258,10.916519165039062,0.5149559462125131,5,0.35003196831338673,5
consistent,T+1,OS_clim,9,,0.0,0.0,0,0.0,0
consistent,T+1,OS_ens,9,,,,0,,0
consistent,T+1,OS_xgb,9,-0.4066050052642822,4.047572612762451,0.2290366981521315,7,0.14004313668907065,7
consistent,T+2,AR_clim,9,,,,0,,0
consistent,T+2,AR_ens,9,,,,0,,0
consistent,T+2,AR_xgb,9,2.53701089159748,19.98315367817539,0.46514545984529493,8,0.46337646826868895,8
consistent,T+2,ARy_clim,9,,,,0,,0
consistent,T+2,ARy_ens,9,,,,0,,0
consistent,T+2,ARy_xgb,9,1.4291981276102206,20.539950590764647,0.47766869178476495,8,0.43729940992941774,8
consistent,T+2,DD_cal,9,-3.844897934897218,50.597499318687746,1.6541851666076368,9,1.0,9
consistent,T+2,DD_uncal,9,-2.377838236077179,25.555457901892034,1.0,9,0.6045272440997498,9
consistent,T+2,NQ_xgb,9,2.8914809226989746,17.803478240966797,0.5038611128035044,7,0.32205406397714953,7
consistent,T+2,OS_clim,9,,0.0,0.0,0,0.0,0
consistent,T+2,OS_ens,9,,,,0,,0
consistent,T+2,OS_xgb,9,-0.13643503189086914,8.297514915466309,0.2430640366304481,8,0.15477385863594278,8
consistent,T+2/P-10,AR_clim,9,,,,0,,0
consistent,T+2/P-10,AR_ens,9,,,,0,,0
consistent,T+2/P-10,AR_xgb,9,-2.6221092381864985,17.665453045393907,0.386560727773347,8,0.35036336165855375,8
consistent,T+2/P-10,ARy_clim,9,,,,0,,0
consistent,T+2/P-10,ARy_ens,9,,,,0,,0
consistent,T+2/P-10,ARy_xgb,9,-1.9242037871042506,16.142419630178683,0.40297947759138236,8,0.3897793440564709,8
consistent,T+2/P-10,DD_cal,9,-15.157769180229973,49.97894456786892,1.7538846801260732,9,1.0,9
consistent,T+2/P-10,DD_uncal,9,-13.32318146667346,25.21503235638065,1.0,9,0.5701629139768287,9
consistent,T+2/P-10,NQ_xgb,9,-0.40093064308166504,12.507414817810059,0.48129974327080205,5,0.2950326711312621,5
consistent,T+2/P-10,OS_clim,9,,0.0,0.0,0,0.0,0
consistent,T+2/P-10,OS_ens,9,,,,0,,0
consistent,T+2/P-10,OS_xgb,9,-1.4981567859649658,6.3650665283203125,0.19110049487533537,7,0.10822608379825514,7
consistent,T+3,AR_clim,9,,,,0,,0
consistent,T+3,AR_ens,9,,,,0,,0
consistent,T+3,AR_xgb,9,3.4722415915212634,23.398261720865634,0.4815799087286085,8,0.4318858577673204,8
consistent,T+3,ARy_clim,9,,,,0,,0
consistent,T+3,ARy_ens,9,,,,0,,0
consistent,T+3,ARy_xgb,9,4.516470195772526,24.38751363195808,0.47823622510097935,8,0.4427369279676695,8
consistent,T+3,DD_cal,9,-5.782087680678261,67.94975470422901,1.655625991836855,9,1.0,9
consistent,T+3,DD_uncal,9,-3.221872571932616,33.890682223003566,1.0,9,0.6040011481642285,9
consistent,T+3,NQ_xgb,9,4.192256927490234,27.292133331298828,0.4445594121650272,8,0.3017585347200857,8
consistent,T+3,OS_clim,9,,0.0,0.0,0,0.0,0
consistent,T+3,OS_ens,9,,,,0,,0
consistent,T+3,OS_xgb,9,-0.4660964012145996,11.685037612915039,0.1900777957613562,6,0.11829174678928953,6
paper,P+10,AR_clim,9,,,,0,,0
paper,P+10,AR_ens,9,,,,0,,0
paper,P+10,AR_xgb,9,6.055218076331381,1.2524197922831881,0.5469695409330875,9,0.5113416305868327,9
paper,P+10,ARy_clim,9,,,,0,,0
paper,P+10,ARy_ens,9,,,,0,,0
paper,P+10,ARy_xgb,9,4.963202286225132,2.264661526785172,0.4483274494548598,9,0.41912478097044265,9
paper,P+10,DD_cal,9,11.462430784059174,-7.3384763364411585,1.0629728990974514,9,1.0,9
paper,P+10,DD_uncal,9,11.032900313245019,-3.543739813683965,1.0,9,0.9407577567114642,9
paper,P+10,NQ_xgb,9,3.744387626647949,3.6425352096557617,0.34628297011279224,9,0.3237271645508101,9
paper,P+10,OS_clim,9,,0.0,,0,,0
paper,P+10,OS_ens,9,,,,0,,0
paper,P+10,OS_xgb,9,1.5609025955200195,2.014482021331787,0.14458282804869657,9,0.14266669701734505,9
paper,P-10,AR_clim,9,,,,0,,0
paper,P-10,AR_ens,9,,,,0,,0
paper,P-10,AR_xgb,9,-5.304208290790202,-2.2348559398694956,0.49277217407109414,9,0.49290517917499976,9
paper,P-10,ARy_clim,9,,,,0,,0
paper,P-10,ARy_ens,9,,,,0,,0
paper,P-10,ARy_xgb,9,-5.126786764418101,-0.4088378447201224,0.46205838429878493,9,0.4352953758723811,9
paper,P-10,DD_cal,9,-11.394644029019553,5.794214980674051,1.054180816751002,9,1.0,9
paper,P-10,DD_uncal,9,-10.996900101159458,3.166649710029491,1.0,9,0.9486038676761469,9
paper,P-10,NQ_xgb,9,-2.180999517440796,-3.668278694152832,0.19832857417799424,9,0.1922776717450692,9
paper,P-10,OS_clim,9,,0.0,,0,,0
paper,P-10,OS_ens,9,,,,0,,0
paper,P-10,OS_xgb,9,-1.2067615985870361,-1.6893565654754639,0.10932951628519465,9,0.10371040199929794,9
paper,T+1,AR_clim,9,,,,0,,0
paper,T+1,AR_ens,9,,,,0,,0
paper,T+1,AR_xgb,9,3.170360363368241,3.3537717285985646,0.1582047049770438,7,0.10753677996505807,7
paper,T+1,ARy_clim,9,,,,0,,0
paper,T+1,ARy_ens,9,,,,0,,0
paper,T+1,ARy_xgb,9,3.2362475725913775,2.3381120141490186,0.11403836226027278,7,0.11672180704667538,7
paper,T+1,DD_cal,9,-1.874734606469608,27.841876622593265,1.4903219364918125,9,1.0,9
paper,T+1,DD_uncal,9,-1.1383596182986566,13.640549584647754,1.0,9,0.6709959610163021,9
paper,T+1,NQ_xgb,9,3.5886526107788086,-0.49640536308288574,-0.03682818545188539,3,-0.037694792094463934,3
paper,T+1,OS_clim,9,,0.0,0.0,0,0.0,0
paper,T+1,OS_ens,9,,,,0,,0
paper,T+1,OS_xgb,9,1.0271310806274414,0.7632970809936523,0.03943263982179901,6,0.047650160104506886,6
paper,T+2,AR_clim,9,,,,0,,0
paper,T+2,AR_ens,9,,,,0,,0
paper,T+2,AR_xgb,9,6.19644830902375,4.453626911207653,0.1466956349636579,8,0.088681507926043,8
paper,T+2,ARy_clim,9,,,,0,,0
paper,T+2,ARy_ens,9,,,,0,,0
paper,T+2,ARy_xgb,9,6.458080540813049,6.207517359417847,0.15590366112270543,8,0.09424801060357041,8
paper,T+2,DD_cal,9,-3.844897934897218,50.597499318687746,1.6541851666076368,9,1.0,9
paper,T+2,DD_uncal,9,-2.377838236077179,25.555457901892034,1.0,9,0.6045272440997498,9
paper,T+2,NQ_xgb,9,8.642983436584473,0.26175975799560547,0.011226987224457002,5,0.009097744400467452,5
paper,T+2,OS_clim,9,,0.0,0.0,0,0.0,0
paper,T+2,OS_ens,9,,,,0,,0
paper,T+2,OS_xgb,9,2.9682159423828125,3.040635585784912,0.06608070434766637,6,0.0480481198207171,6
paper,T+2/P-10,AR_clim,9,,,,0,,0
paper,T+2/P-10,AR_ens,9,,,,0,,0
paper,T+2/P-10,AR_xgb,9,3.0516557409257627,2.9376727166269276,0.12821028168094453,7,0.05425774414365177,7
paper,T+2/P-10,ARy_clim,9,,,,0,,0
paper,T+2/P-10,ARy_ens,9,,,,0,,0
paper,T+2/P-10,ARy_xgb,9,3.2579097844288807,3.876188189863128,0.15216560818093985,8,0.07455939450296364,8
paper,T+2/P-10,DD_cal,9,-15.157769180229973,49.97894456786892,1.7538846801260732,9,1.0,9
paper,T+2/P-10,DD_uncal,9,-13.32318146667346,25.21503235638065,1.0,9,0.5701629139768287,9
paper,T+2/P-10,NQ_xgb,9,6.609535217285156,0.6631314754486084,0.026299053123396185,5,0.029629630749540573,5
paper,T+2/P-10,OS_clim,9,,0.0,0.0,0,0.0,0
paper,T+2/P-10,OS_ens,9,,,,0,,0
paper,T+2/P-10,OS_xgb,9,2.000272274017334,2.572906017303467,0.057642091616137515,6,0.04123383916643552,6
paper,T+3,AR_clim,9,,,,0,,0
paper,T+3,AR_ens,9,,,,0,,0
paper,T+3,AR_xgb,9,7.443743632381938,7.683695666437074,0.16682209308928866,8,0.11513852791131858,8
paper,T+3,ARy_clim,9,,,,0,,0
paper,T+3,ARy_ens,9,,,,0,,0
paper,T+3,ARy_xgb,9,8.733149061087309,9.140384804175383,0.17257123965092042,7,0.11160803305758074,7
paper,T+3,DD_cal,9,-5.782087680678261,67.94975470422901,1.655625991836855,9,1.0,9
paper,T+3,DD_uncal,9,-3.221872571932616,33.890682223003566,1.0,9,0.6040011481642285,9
paper,T+3,NQ_xgb,9,12.984477996826172,5.025249481201172,0.1725271778233786,6,0.15240505338735466,6
paper,T+3,OS_clim,9,,0.0,0.0,0,0.0,0
paper,T+3,OS_ens,9,,,,0,,0
paper,T+3,OS_xgb,9,4.228043556213379,4.602396488189697,0.07486611585468972,6,0.05203959653543256,6
