gauge,basin,pert_mode,scenario,source,vol,seas
17288,Zeravshan,paper,T+1,OS_xgb,4.553794860839844,4.171693801879883
17288,Zeravshan,paper,T+1,OS_clim,,0.0
17288,Zeravshan,paper,T+1,OS_ens,,
17288,Zeravshan,paper,T+1,AR_xgb,7.819374851860794,3.4093760275354157
17288,Zeravshan,paper,T+1,ARy_xgb,7.908247665249957,3.7903234829095753
17288,Zeravshan,paper,T+1,AR_clim,,
17288,Zeravshan,paper,T+1,ARy_clim,,
17288,Zeravshan,paper,T+1,AR_ens,,
17288,Zeravshan,paper,T+1,ARy_ens,,
17288,Zeravshan,paper,T+1,NQ_xgb,7.402253150939941,2.5041580200195312
17288,Zeravshan,paper,T+1,DD_uncal,-0.9506611384971886,23.756782721327273
17288,Zeravshan,paper,T+1,DD_cal,-0.21331069282136683,35.40525443006369
17288,Zeravshan,paper,T+2,OS_xgb,9.116125106811523,9.375465393066406
17288,Zeravshan,paper,T+2,OS_clim,,0.0
17288,Zeravshan,paper,T+2,OS_ens,,
17288,Zeravshan,paper,T+2,AR_xgb,15.922618277004407,6.887451985778782
17288,Zeravshan,paper,T+2,ARy_xgb,15.957208212408025,7.319774583993421
17288,Zeravshan,paper,T+2,AR_clim,,
17288,Zeravshan,paper,T+2,ARy_clim,,
17288,Zeravshan,paper,T+2,AR_ens,,
17288,Zeravshan,paper,T+2,ARy_ens,,
17288,Zeravshan,paper,T+2,NQ_xgb,15.55323600769043,13.084698677062988
17288,Zeravshan,paper,T+2,DD_uncal,-1.6858777745086928,46.950626632381166
17288,Zeravshan,paper,T+2,DD_cal,-0.263691900494345,77.66503013821838
17288,Zeravshan,paper,T+3,OS_xgb,13.66788101196289,13.036287307739258
17288,Zeravshan,paper,T+3,OS_clim,,0.0
17288,Zeravshan,paper,T+3,OS_ens,,
17288,Zeravshan,paper,T+3,AR_xgb,25.536660372838327,14.468806037315083
17288,Zeravshan,paper,T+3,ARy_xgb,25.3331447098615,14.145119127792725
17288,Zeravshan,paper,T+3,AR_clim,,
17288,Zeravshan,paper,T+3,ARy_clim,,
17288,Zeravshan,paper,T+3,AR_ens,,
17288,Zeravshan,paper,T+3,ARy_ens,,
17288,Zeravshan,paper,T+3,NQ_xgb,23.492860794067383,22.111330032348633
17288,Zeravshan,paper,T+3,DD_uncal,-2.7130900618824727,62.0373539904527
17288,Zeravshan,paper,T+3,DD_cal,-0.30096798688741266,125.66433060929157
17288,Zeravshan,paper,P+10,OS_xgb,0.47081708908081055,1.4731884002685547
17288,Zeravshan,paper,P+10,OS_clim,,0.0
17288,Zeravshan,paper,P+10,OS_ens,,
17288,Zeravshan,paper,P+10,AR_xgb,1.9320234392487423,5.795005266454956
17288,Zeravshan,paper,P+10,ARy_xgb,1.857282670231486,6.073545080181142
17288,Zeravshan,paper,P+10,AR_clim,,
17288,Zeravshan,paper,P+10,ARy_clim,,
17288,Zeravshan,paper,P+10,AR_ens,,
17288,Zeravshan,paper,P+10,ARy_ens,,
17288,Zeravshan,paper,P+10,NQ_xgb,1.051008701324463,3.6425352096557617
17288,Zeravshan,paper,P+10,DD_uncal,10.742648557510325,-5.407745062850823
17288,Zeravshan,paper,P+10,DD_cal,10.20656660215813,-5.651095504411473
17288,Zeravshan,paper,P-10,OS_xgb,-0.5551397800445557,-2.7205705642700195
17288,Zeravshan,paper,P-10,OS_clim,,0.0
17288,Zeravshan,paper,P-10,OS_ens,,
17288,Zeravshan,paper,P-10,AR_xgb,-2.989589256843661,-8.612804743023663
17288,Zeravshan,paper,P-10,ARy_xgb,-2.830258563718535,-8.14930693069983
17288,Zeravshan,paper,P-10,AR_clim,,
17288,Zeravshan,paper,P-10,ARy_clim,,
17288,Zeravshan,paper,P-10,AR_ens,,
17288,Zeravshan,paper,P-10,ARy_ens,,
17288,Zeravshan,paper,P-10,NQ_xgb,-1.1884689331054688,-5.2267608642578125
17288,Zeravshan,paper,P-10,DD_uncal,-10.721285348164045,4.778695881875716
17288,Zeravshan,paper,P-10,DD_cal,-10.201489908907602,5.794214980674051
17288,Zeravshan,paper,T+2/P-10,OS_xgb,8.815908432006836,7.434343338012695
17288,Zeravshan,paper,T+2/P-10,OS_clim,,0.0
17288,Zeravshan,paper,T+2/P-10,OS_ens,,
17288,Zeravshan,paper,T+2/P-10,AR_xgb,14.460972846533583,1.3991356724897486
17288,Zeravshan,paper,T+2/P-10,ARy_xgb,14.369418206344676,1.3987239835184795
17288,Zeravshan,paper,T+2/P-10,AR_clim,,
17288,Zeravshan,paper,T+2/P-10,ARy_clim,,
17288,Zeravshan,paper,T+2/P-10,AR_ens,,
17288,Zeravshan,paper,T+2/P-10,ARy_ens,,
17288,Zeravshan,paper,T+2/P-10,NQ_xgb,15.054738998413086,12.514412879943848
17288,Zeravshan,paper,T+2/P-10,DD_uncal,-12.372710302601009,46.26020092625126
17288,Zeravshan,paper,T+2/P-10,DD_cal,-10.478025844085192,81.68407263556172
17288,Zeravshan,consistent,T+1,OS_xgb,2.733743190765381,10.502052307128906
17288,Zeravshan,consistent,T+1,OS_clim,,0.0
17288,Zeravshan,consistent,T+1,OS_ens,,
17288,Zeravshan,consistent,T+1,AR_xgb,4.240733599060786,15.48180795184917
17288,Zeravshan,consistent,T+1,ARy_xgb,4.31089448866786,16.008684047539333
17288,Zeravshan,consistent,T+1,AR_clim,,
17288,Zeravshan,consistent,T+1,ARy_clim,,
17288,Zeravshan,consistent,T+1,AR_ens,,
17288,Zeravshan,consistent,T+1,ARy_ens,,
17288,Zeravshan,consistent,T+1,NQ_xgb,7.24719762802124,17.435646057128906
17288,Zeravshan,consistent,T+1,DD_uncal,-0.9506611384971886,23.756782721327273
17288,Zeravshan,consistent,T+1,DD_cal,-0.21331069282136683,35.40525443006369
17288,Zeravshan,consistent,T+2,OS_xgb,4.973495006561279,12.020516395568848
17288,Zeravshan,consistent,T+2,OS_clim,,0.0
17288,Zeravshan,consistent,T+2,OS_ens,,
17288,Zeravshan,consistent,T+2,AR_xgb,10.400927542531036,21.83887081494369
17288,Zeravshan,consistent,T+2,ARy_xgb,10.311476415949649,21.825624309313184
17288,Zeravshan,consistent,T+2,AR_clim,,
17288,Zeravshan,consistent,T+2,ARy_clim,,
17288,Zeravshan,consistent,T+2,AR_ens,,
17288,Zeravshan,consistent,T+2,ARy_ens,,
17288,Zeravshan,consistent,T+2,NQ_xgb,12.575614929199219,27.643465042114258
17288,Zeravshan,consistent,T+2,DD_uncal,-1.6858777745086928,46.950626632381166
17288,Zeravshan,consistent,T+2,DD_cal,-0.263691900494345,77.66503013821838
17288,Zeravshan,consistent,T+3,OS_xgb,8.308326721191406,14.865053176879883
17288,Zeravshan,consistent,T+3,OS_clim,,0.0
17288,Zeravshan,consistent,T+3,OS_ens,,
17288,Zeravshan,consistent,T+3,AR_xgb,16.58613379228864,29.549709461944175
17288,Zeravshan,consistent,T+3,ARy_xgb,16.43799578300682,29.668509987647276
17288,Zeravshan,consistent,T+3,AR_clim,,
17288,Zeravshan,consistent,T+3,ARy_clim,,
17288,Zeravshan,consistent,T+3,AR_ens,,
17288,Zeravshan,consistent,T+3,ARy_ens,,
17288,Zeravshan,consistent,T+3,NQ_xgb,18.51845932006836,37.920284271240234
17288,Zeravshan,consistent,T+3,DD_uncal,-2.7130900618824727,62.0373539904527
17288,Zeravshan,consistent,T+3,DD_cal,-0.30096798688741266,125.66433060929157
17288,Zeravshan,consistent,P+10,OS_xgb,1.3945221900939941,1.258993148803711
17288,Zeravshan,consistent,P+10,OS_clim,,0.0
17288,Zeravshan,consistent,P+10,OS_ens,,
17288,Zeravshan,consistent,P+10,AR_xgb,2.6186347892435347,4.366788639967023
17288,Zeravshan,consistent,P+10,ARy_xgb,2.5371017208638547,4.962849231184929
17288,Zeravshan,consistent,P+10,AR_clim,,
17288,Zeravshan,consistent,P+10,ARy_clim,,
17288,Zeravshan,consistent,P+10,AR_ens,,
17288,Zeravshan,consistent,P+10,ARy_ens,,
17288,Zeravshan,consistent,P+10,NQ_xgb,2.0363211631774902,1.2379050254821777
17288,Zeravshan,consistent,P+10,DD_uncal,10.742648557510325,-5.407745062850823
17288,Zeravshan,consistent,P+10,DD_cal,10.20656660215813,-5.651095504411473
17288,Zeravshan,consistent,P-10,OS_xgb,-1.231604814529419,-1.2253284454345703
17288,Zeravshan,consistent,P-10,OS_clim,,0.0
17288,Zeravshan,consistent,P-10,OS_ens,,
17288,Zeravshan,consistent,P-10,AR_xgb,-3.7339133636153377,-3.5288771303057964
17288,Zeravshan,consistent,P-10,ARy_xgb,-3.6215872540463323,-3.856819592844685
17288,Zeravshan,consistent,P-10,AR_clim,,
17288,Zeravshan,consistent,P-10,ARy_clim,,
17288,Zeravshan,consistent,P-10,AR_ens,,
17288,Zeravshan,consistent,P-10,ARy_ens,,
17288,Zeravshan,consistent,P-10,NQ_xgb,-1.385486125946045,-1.1388897895812988
17288,Zeravshan,consistent,P-10,DD_uncal,-10.721285348164045,4.778695881875716
17288,Zeravshan,consistent,P-10,DD_cal,-10.201489908907602,5.794214980674051
17288,Zeravshan,consistent,T+2/P-10,OS_xgb,4.248476028442383,8.840347290039062
17288,Zeravshan,consistent,T+2/P-10,OS_clim,,0.0
17288,Zeravshan,consistent,T+2/P-10,OS_ens,,
17288,Zeravshan,consistent,T+2/P-10,AR_xgb,6.858080168413805,17.665453045393907
17288,Zeravshan,consistent,T+2/P-10,ARy_xgb,6.50216583264791,16.142419630178683
17288,Zeravshan,consistent,T+2/P-10,AR_clim,,
17288,Zeravshan,consistent,T+2/P-10,ARy_clim,,
17288,Zeravshan,consistent,T+2/P-10,AR_ens,,
17288,Zeravshan,consistent,T+2/P-10,ARy_ens,,
17288,Zeravshan,consistent,T+2/P-10,NQ_xgb,11.510491371154785,24.099470138549805
17288,Zeravshan,consistent,T+2/P-10,DD_uncal,-12.372710302601009,46.26020092625126
17288,Zeravshan,consistent,T+2/P-10,DD_cal,-10.478025844085192,81.68407263556172
16279,Chatkal,paper,T+1,OS_xgb,0.19859075546264648,0.7632970809936523
16279,Chatkal,paper,T+1,OS_clim,,0.0
16279,Chatkal,paper,T+1,OS_ens,,
16279,Chatkal,paper,T+1,AR_xgb,3.170360363368241,1.130597152103796
16279,Chatkal,paper,T+1,ARy_xgb,4.091310128171743,2.1474400979233144
16279,Chatkal,paper,T+1,AR_clim,,
16279,Chatkal,paper,T+1,ARy_clim,,
16279,Chatkal,paper,T+1,AR_ens,,
16279,Chatkal,paper,T+1,ARy_ens,,
16279,Chatkal,paper,T+1,NQ_xgb,2.5684237480163574,-3.4008264541625977
16279,Chatkal,paper,T+1,DD_uncal,-1.2144240858695143,19.356986609141224
16279,Chatkal,paper,T+1,DD_cal,-1.8103121571548475,16.01877264041884
16279,Chatkal,paper,T+2,OS_xgb,0.630486011505127,1.4474093914031982
16279,Chatkal,paper,T+2,OS_clim,,0.0
16279,Chatkal,paper,T+2,OS_ens,,
16279,Chatkal,paper,T+2,AR_xgb,2.7195377054041847,4.453626911207653
16279,Chatkal,paper,T+2,ARy_xgb,3.550809317781467,6.207517359417847
16279,Chatkal,paper,T+2,AR_clim,,
16279,Chatkal,paper,T+2,ARy_clim,,
16279,Chatkal,paper,T+2,AR_ens,,
16279,Chatkal,paper,T+2,ARy_ens,,
16279,Chatkal,paper,T+2,NQ_xgb,5.811882019042969,-5.552053451538086
16279,Chatkal,paper,T+2,DD_uncal,-2.3980643383636036,35.273849730609285
16279,Chatkal,paper,T+2,DD_cal,-3.7238665095203904,31.967987087611938
16279,Chatkal,paper,T+3,OS_xgb,0.9814143180847168,2.0310282707214355
16279,Chatkal,paper,T+3,OS_clim,,0.0
16279,Chatkal,paper,T+3,OS_ens,,
16279,Chatkal,paper,T+3,AR_xgb,1.9559473356051793,7.683695666437074
16279,Chatkal,paper,T+3,ARy_xgb,2.745341941552648,9.140384804175383
16279,Chatkal,paper,T+3,AR_clim,,
16279,Chatkal,paper,T+3,ARy_clim,,
16279,Chatkal,paper,T+3,AR_ens,,
16279,Chatkal,paper,T+3,ARy_ens,,
16279,Chatkal,paper,T+3,NQ_xgb,9.032905578613281,-3.854334831237793
16279,Chatkal,paper,T+3,DD_uncal,-3.221872571932616,52.96586396820632
16279,Chatkal,paper,T+3,DD_cal,-5.423453024241464,47.155933344451824
16279,Chatkal,paper,P+10,OS_xgb,2.119600772857666,4.951238632202148
16279,Chatkal,paper,P+10,OS_clim,,0.0
16279,Chatkal,paper,P+10,OS_ens,,
16279,Chatkal,paper,P+10,AR_xgb,11.125870748986454,6.336855289916343
16279,Chatkal,paper,P+10,ARy_xgb,11.24601518883004,6.353034229586417
16279,Chatkal,paper,P+10,AR_clim,,
16279,Chatkal,paper,P+10,ARy_clim,,
16279,Chatkal,paper,P+10,AR_ens,,
16279,Chatkal,paper,P+10,ARy_ens,,
16279,Chatkal,paper,P+10,NQ_xgb,3.5997390747070312,6.981050968170166
16279,Chatkal,paper,P+10,DD_uncal,11.032900313245019,-5.78046112667534
16279,Chatkal,paper,P+10,DD_cal,11.458776049419829,-5.903813854289707
16279,Chatkal,paper,P-10,OS_xgb,-0.9927213191986084,-1.4360427856445312
16279,Chatkal,paper,P-10,OS_clim,,0.0
16279,Chatkal,paper,P-10,OS_ens,,
16279,Chatkal,paper,P-10,AR_xgb,-5.686185193896909,-2.2348559398694956
16279,Chatkal,paper,P-10,ARy_xgb,-5.267070861311229,-0.4088378447201224
16279,Chatkal,paper,P-10,AR_clim,,
16279,Chatkal,paper,P-10,ARy_clim,,
16279,Chatkal,paper,P-10,AR_ens,,
16279,Chatkal,paper,P-10,ARy_ens,,
16279,Chatkal,paper,P-10,NQ_xgb,-2.180999517440796,-3.5861074924468994
16279,Chatkal,paper,P-10,DD_uncal,-10.996900101159458,5.487901729191946
16279,Chatkal,paper,P-10,DD_cal,-11.342968206586502,4.799170927149065
16279,Chatkal,paper,T+2/P-10,OS_xgb,-0.2633810043334961,0.3611147403717041
16279,Chatkal,paper,T+2/P-10,OS_clim,,0.0
16279,Chatkal,paper,T+2/P-10,OS_ens,,
16279,Chatkal,paper,T+2/P-10,AR_xgb,-3.3350557567005,4.485342558636951
16279,Chatkal,paper,T+2/P-10,ARy_xgb,-2.2270510778238606,5.423507335593447
16279,Chatkal,paper,T+2/P-10,AR_clim,,
16279,Chatkal,paper,T+2/P-10,ARy_clim,,
16279,Chatkal,paper,T+2/P-10,AR_ens,,
16279,Chatkal,paper,T+2/P-10,ARy_ens,,
16279,Chatkal,paper,T+2/P-10,NQ_xgb,4.620420932769775,-7.181090354919434
16279,Chatkal,paper,T+2/P-10,DD_uncal,-13.32318146667346,34.984265690944135
16279,Chatkal,paper,T+2/P-10,DD_cal,-14.931523680948267,31.976535393819873
16279,Chatkal,consistent,T+1,OS_xgb,-1.2524187564849854,4.748570919036865
16279,Chatkal,consistent,T+1,OS_clim,,0.0
16279,Chatkal,consistent,T+1,OS_ens,,
16279,Chatkal,consistent,T+1,AR_xgb,-2.4938270984574573,16.994729656898688
16279,Chatkal,consistent,T+1,ARy_xgb,-1.6563997987426582,17.31837967402542
16279,Chatkal,consistent,T+1,AR_clim,,
16279,Chatkal,consistent,T+1,ARy_clim,,
16279,Chatkal,consistent,T+1,AR_ens,,
16279,Chatkal,consistent,T+1,ARy_ens,,
16279,Chatkal,consistent,T+1,NQ_xgb,-1.0925590991973877,12.376291275024414
16279,Chatkal,consistent,T+1,DD_uncal,-1.2144240858695143,19.356986609141224
16279,Chatkal,consistent,T+1,DD_cal,-1.8103121571548475,16.01877264041884
16279,Chatkal,consistent,T+2,OS_xgb,-2.143728733062744,8.65204906463623
16279,Chatkal,consistent,T+2,OS_clim,,0.0
16279,Chatkal,consistent,T+2,OS_ens,,
16279,Chatkal,consistent,T+2,AR_xgb,1.0246963775400353,23.056432240767855
16279,Chatkal,consistent,T+2,ARy_xgb,-0.49581221309579204,20.539950590764647
16279,Chatkal,consistent,T+2,AR_clim,,
16279,Chatkal,consistent,T+2,ARy_clim,,
16279,Chatkal,consistent,T+2,AR_ens,,
16279,Chatkal,consistent,T+2,ARy_ens,,
16279,Chatkal,consistent,T+2,NQ_xgb,-1.1145949363708496,20.526308059692383
16279,Chatkal,consistent,T+2,DD_uncal,-2.3980643383636036,35.273849730609285
16279,Chatkal,consistent,T+2,DD_cal,-3.7238665095203904,31.967987087611938
16279,Chatkal,consistent,T+3,OS_xgb,-1.16233229637146,12.103139877319336
16279,Chatkal,consistent,T+3,OS_clim,,0.0
16279,Chatkal,consistent,T+3,OS_ens,,
16279,Chatkal,consistent,T+3,AR_xgb,9.25532265391218,42.688620699012816
16279,Chatkal,consistent,T+3,ARy_xgb,7.489545755528226,41.41097824162321
16279,Chatkal,consistent,T+3,AR_clim,,
16279,Chatkal,consistent,T+3,ARy_clim,,
16279,Chatkal,consistent,T+3,AR_ens,,
16279,Chatkal,consistent,T+3,ARy_ens,,
16279,Chatkal,consistent,T+3,NQ_xgb,1.846635341644287,27.698505401611328
16279,Chatkal,consistent,T+3,DD_uncal,-3.221872571932616,52.96586396820632
16279,Chatkal,consistent,T+3,DD_cal,-5.423453024241464,47.155933344451824
16279,Chatkal,consistent,P+10,OS_xgb,1.5175700187683105,0.3865838050842285
16279,Chatkal,consistent,P+10,OS_clim,,0.0
16279,Chatkal,consistent,P+10,OS_ens,,
16279,Chatkal,consistent,P+10,AR_xgb,5.431826028083342,1.2710802244596087
16279,Chatkal,consistent,P+10,ARy_xgb,4.686937400321911,0.21037086962976126
16279,Chatkal,consistent,P+10,AR_clim,,
16279,Chatkal,consistent,P+10,ARy_clim,,
16279,Chatkal,consistent,P+10,AR_ens,,
16279,Chatkal,consistent,P+10,ARy_ens,,
16279,Chatkal,consistent,P+10,NQ_xgb,4.176676273345947,-3.6779165267944336
16279,Chatkal,consistent,P+10,DD_uncal,11.032900313245019,-5.78046112667534
16279,Chatkal,consistent,P+10,DD_cal,11.458776049419829,-5.903813854289707
16279,Chatkal,consistent,P-10,OS_xgb,-1.7714977264404297,0.8462965488433838
16279,Chatkal,consistent,P-10,OS_clim,,0.0
16279,Chatkal,consistent,P-10,OS_ens,,
16279,Chatkal,consistent,P-10,AR_xgb,-8.231561643034112,6.811323219380239
16279,Chatkal,consistent,P-10,ARy_xgb,-8.386560517234532,7.741884451991476
16279,Chatkal,consistent,P-10,AR_clim,,
16279,Chatkal,consistent,P-10,ARy_clim,,
16279,Chatkal,consistent,P-10,AR_ens,,
16279,Chatkal,consistent,P-10,ARy_ens,,
16279,Chatkal,consistent,P-10,NQ_xgb,-5.040287971496582,7.095575332641602
16279,Chatkal,consistent,P-10,DD_uncal,-10.996900101159458,5.487901729191946
16279,Chatkal,consistent,P-10,DD_cal,-11.342968206586502,4.799170927149065
16279,Chatkal,consistent,T+2/P-10,OS_xgb,-2.8498053550720215,7.728898525238037
16279,Chatkal,consistent,T+2/P-10,OS_clim,,0.0
16279,Chatkal,consistent,T+2/P-10,OS_ens,,
16279,Chatkal,consistent,T+2/P-10,AR_xgb,-2.6221092381864985,22.581887955879232
16279,Chatkal,consistent,T+2/P-10,ARy_xgb,-1.9242037871042506,23.86733466489803
16279,Chatkal,consistent,T+2/P-10,AR_clim,,
16279,Chatkal,consistent,T+2/P-10,ARy_clim,,
16279,Chatkal,consistent,T+2/P-10,AR_ens,,
16279,Chatkal,consistent,T+2/P-10,ARy_ens,,
16279,Chatkal,consistent,T+2/P-10,NQ_xgb,-2.9072582721710205,19.930404663085938
16279,Chatkal,consistent,T+2/P-10,DD_uncal,-13.32318146667346,34.984265690944135
16279,Chatkal,consistent,T+2/P-10,DD_cal,-14.931523680948267,31.976535393819873
16290,Pskem,paper,T+1,OS_xgb,1.0271310806274414,0.30025243759155273
16290,Pskem,paper,T+1,OS_clim,,0.0
16290,Pskem,paper,T+1,OS_ens,,
16290,Pskem,paper,T+1,AR_xgb,2.958968423111097,3.3537717285985646
16290,Pskem,paper,T+1,ARy_xgb,2.9819379206392993,2.3381120141490186
16290,Pskem,paper,T+1,AR_clim,,
16290,Pskem,paper,T+1,ARy_clim,,
16290,Pskem,paper,T+1,AR_ens,,
16290,Pskem,paper,T+1,ARy_ens,,
16290,Pskem,paper,T+1,NQ_xgb,3.5886526107788086,-4.4222235679626465
16290,Pskem,paper,T+1,DD_uncal,-0.835730298154902,21.19893797776249
16290,Pskem,paper,T+1,DD_cal,-1.3173996293347034,31.18720617902364
16290,Pskem,paper,T+2,OS_xgb,2.971935272216797,3.040635585784912
16290,Pskem,paper,T+2,OS_clim,,0.0
16290,Pskem,paper,T+2,OS_ens,,
16290,Pskem,paper,T+2,AR_xgb,8.062404483427986,7.525512820483459
16290,Pskem,paper,T+2,ARy_xgb,7.966301463451364,6.920866368156454
16290,Pskem,paper,T+2,AR_clim,,
16290,Pskem,paper,T+2,ARy_clim,,
16290,Pskem,paper,T+2,AR_ens,,
16290,Pskem,paper,T+2,ARy_ens,,
16290,Pskem,paper,T+2,NQ_xgb,8.642983436584473,-4.127467155456543
16290,Pskem,paper,T+2,DD_uncal,-1.6647378634020993,46.01397058038912
16290,Pskem,paper,T+2,DD_cal,-2.77858609977385,63.28313359878588
16290,Pskem,paper,T+3,OS_xgb,4.577755928039551,4.602396488189697
16290,Pskem,paper,T+3,OS_clim,,0.0
16290,Pskem,paper,T+3,OS_ens,,
16290,Pskem,paper,T+3,AR_xgb,11.949854246634462,10.255392664911465
16290,Pskem,paper,T+3,ARy_xgb,12.252219362275163,9.870645692808687
16290,Pskem,paper,T+3,AR_clim,,
16290,Pskem,paper,T+3,ARy_clim,,
16290,Pskem,paper,T+3,AR_ens,,
16290,Pskem,paper,T+3,ARy_ens,,
16290,Pskem,paper,T+3,NQ_xgb,12.984477996826172,-0.1431589126586914
16290,Pskem,paper,T+3,DD_uncal,-2.004599654858785,61.47502692837239
16290,Pskem,paper,T+3,DD_cal,-4.035149962409601,88.4402799905651
16290,Pskem,paper,P+10,OS_xgb,0.7641315460205078,1.5860319137573242
16290,Pskem,paper,P+10,OS_clim,,0.0
16290,Pskem,paper,P+10,OS_ens,,
16290,Pskem,paper,P+10,AR_xgb,1.9926894019899555,0.9248903903368078
16290,Pskem,paper,P+10,ARy_xgb,2.3717731075633797,2.264661526785172
16290,Pskem,paper,P+10,AR_clim,,
16290,Pskem,paper,P+10,ARy_clim,,
16290,Pskem,paper,P+10,AR_ens,,
16290,Pskem,paper,P+10,ARy_ens,,
16290,Pskem,paper,P+10,NQ_xgb,1.9403934478759766,4.423880577087402
16290,Pskem,paper,P+10,DD_uncal,10.703626722627124,-5.919824656284267
16290,Pskem,paper,P+10,DD_cal,11.174617842946422,-8.325028913033684
16290,Pskem,paper,P-10,OS_xgb,-0.8308351039886475,-1.4527559280395508
16290,Pskem,paper,P-10,OS_clim,,0.0
16290,Pskem,paper,P-10,OS_ens,,
16290,Pskem,paper,P-10,AR_xgb,-4.934422578322284,-2.576075217828034
16290,Pskem,paper,P-10,ARy_xgb,-4.401699311625363,-1.6807284201680197
16290,Pskem,paper,P-10,AR_clim,,
16290,Pskem,paper,P-10,ARy_clim,,
16290,Pskem,paper,P-10,AR_ens,,
16290,Pskem,paper,P-10,ARy_ens,,
16290,Pskem,paper,P-10,NQ_xgb,-1.1587798595428467,-4.25747013092041
16290,Pskem,paper,P-10,DD_uncal,-10.684402597886677,5.189121074803704
16290,Pskem,paper,P-10,DD_cal,-11.14505512497499,7.456788297551999
16290,Pskem,paper,T+2/P-10,OS_xgb,2.3509860038757324,2.572906017303467
16290,Pskem,paper,T+2/P-10,OS_clim,,0.0
16290,Pskem,paper,T+2/P-10,OS_ens,,
16290,Pskem,paper,T+2/P-10,AR_xgb,3.0516557409257627,1.5337153754129806
16290,Pskem,paper,T+2/P-10,ARy_xgb,5.421450079050838,4.652351530713927
16290,Pskem,paper,T+2/P-10,AR_clim,,
16290,Pskem,paper,T+2/P-10,ARy_clim,,
16290,Pskem,paper,T+2/P-10,AR_ens,,
16290,Pskem,paper,T+2/P-10,ARy_ens,,
16290,Pskem,paper,T+2/P-10,NQ_xgb,8.39986801147461,-6.001877307891846
16290,Pskem,paper,T+2/P-10,DD_uncal,-12.328079171956363,44.63588924630824
16290,Pskem,paper,T+2/P-10,DD_cal,-13.833027646481465,62.39792532822946
16290,Pskem,consistent,T+1,OS_xgb,-0.802457332611084,4.855334758758545
16290,Pskem,consistent,T+1,OS_clim,,0.0
16290,Pskem,consistent,T+1,OS_ens,,
16290,Pskem,consistent,T+1,AR_xgb,1.4130712728289918,14.922039038605405
16290,Pskem,consistent,T+1,ARy_xgb,0.04570687013230046,13.19259644227667
16290,Pskem,consistent,T+1,AR_clim,,
16290,Pskem,consistent,T+1,ARy_clim,,
16290,Pskem,consistent,T+1,AR_ens,,
16290,Pskem,consistent,T+1,ARy_ens,,
16290,Pskem,consistent,T+1,NQ_xgb,-0.0064432621002197266,10.916519165039062
16290,Pskem,consistent,T+1,DD_uncal,-0.835730298154902,21.19893797776249
16290,Pskem,consistent,T+1,DD_cal,-1.3173996293347034,31.18720617902364
16290,Pskem,consistent,T+2,OS_xgb,-1.0755956172943115,11.184341430664062
16290,Pskem,consistent,T+2,OS_clim,,0.0
16290,Pskem,consistent,T+2,OS_ens,,
16290,Pskem,consistent,T+2,AR_xgb,2.53701089159748,32.02475422121037
16290,Pskem,consistent,T+2,ARy_xgb,1.4291981276102206,27.673676981233577
16290,Pskem,consistent,T+2,AR_clim,,
16290,Pskem,consistent,T+2,ARy_clim,,
16290,Pskem,consistent,T+2,AR_ens,,
16290,Pskem,consistent,T+2,ARy_ens,,
16290,Pskem,consistent,T+2,NQ_xgb,0.7251620292663574,23.184650421142578
16290,Pskem,consistent,T+2,DD_uncal,-1.6647378634020993,46.01397058038912
16290,Pskem,consistent,T+2,DD_cal,-2.77858609977385,63.28313359878588
16290,Pskem,consistent,T+3,OS_xgb,-1.5872538089752197,11.685037612915039
16290,Pskem,consistent,T+3,OS_clim,,0.0
16290,Pskem,consistent,T+3,OS_ens,,
16290,Pskem,consistent,T+3,AR_xgb,3.4722415915212634,38.196106184907194
16290,Pskem,consistent,T+3,ARy_xgb,4.516470195772526,39.15577787162334
16290,Pskem,consistent,T+3,AR_clim,,
16290,Pskem,consistent,T+3,ARy_clim,,
16290,Pskem,consistent,T+3,AR_ens,,
16290,Pskem,consistent,T+3,ARy_ens,,
16290,Pskem,consistent,T+3,NQ_xgb,0.7541894912719727,27.329301834106445
16290,Pskem,consistent,T+3,DD_uncal,-2.004599654858785,61.47502692837239
16290,Pskem,consistent,T+3,DD_cal,-4.035149962409601,88.4402799905651
16290,Pskem,consistent,P+10,OS_xgb,1.4773249626159668,-0.9357452392578125
16290,Pskem,consistent,P+10,OS_clim,,0.0
16290,Pskem,consistent,P+10,OS_ens,,
16290,Pskem,consistent,P+10,AR_xgb,3.891597616312703,-4.963456557373225
16290,Pskem,consistent,P+10,ARy_xgb,4.97598768912364,-3.7331231968247947
16290,Pskem,consistent,P+10,AR_clim,,
16290,Pskem,consistent,P+10,ARy_clim,,
16290,Pskem,consistent,P+10,AR_ens,,
16290,Pskem,consistent,P+10,ARy_ens,,
16290,Pskem,consistent,P+10,NQ_xgb,3.8665056228637695,-2.6039600372314453
16290,Pskem,consistent,P+10,DD_uncal,10.703626722627124,-5.919824656284267
16290,Pskem,consistent,P+10,DD_cal,11.174617842946422,-8.325028913033684
16290,Pskem,consistent,P-10,OS_xgb,-1.6756832599639893,1.323777437210083
16290,Pskem,consistent,P-10,OS_clim,,0.0
16290,Pskem,consistent,P-10,OS_ens,,
16290,Pskem,consistent,P-10,AR_xgb,-5.917187987630879,1.9894939844480213
16290,Pskem,consistent,P-10,ARy_xgb,-5.098379493931593,2.5608653498032767
16290,Pskem,consistent,P-10,AR_clim,,
16290,Pskem,consistent,P-10,ARy_clim,,
16290,Pskem,consistent,P-10,AR_ens,,
16290,Pskem,consistent,P-10,ARy_ens,,
16290,Pskem,consistent,P-10,NQ_xgb,-2.730637788772583,2.7718186378479004
16290,Pskem,consistent,P-10,DD_uncal,-10.684402597886677,5.189121074803704
16290,Pskem,consistent,P-10,DD_cal,-11.14505512497499,7.456788297551999
16290,Pskem,consistent,T+2/P-10,OS_xgb,-2.3636460304260254,9.653425216674805
16290,Pskem,consistent,T+2/P-10,OS_clim,,0.0
16290,Pskem,consistent,T+2/P-10,OS_ens,,
16290,Pskem,consistent,T+2/P-10,AR_xgb,-4.810066653743017,21.86194687851789
16290,Pskem,consistent,T+2/P-10,ARy_xgb,-3.024547135564526,24.321422404921933
16290,Pskem,consistent,T+2/P-10,AR_clim,,
16290,Pskem,consistent,T+2/P-10,ARy_clim,,
16290,Pskem,consistent,T+2/P-10,AR_ens,,
16290,Pskem,consistent,T+2/P-10,ARy_ens,,
16290,Pskem,consistent,T+2/P-10,NQ_xgb,-1.4537155628204346,21.48324203491211
16290,Pskem,consistent,T+2/P-10,DD_uncal,-12.328079171956363,44.63588924630824
16290,Pskem,consistent,T+2/P-10,DD_cal,-13.833027646481465,62.39792532822946
16300,Ugam,paper,T+1,OS_xgb,-0.1762866973876953,-0.671541690826416
16300,Ugam,paper,T+1,OS_clim,,0.0
16300,Ugam,paper,T+1,OS_ens,,
16300,Ugam,paper,T+1,AR_xgb,2.175063989623416,2.665006497183142
16300,Ugam,paper,T+1,ARy_xgb,0.8114824282380306,1.5371176703002698
16300,Ugam,paper,T+1,AR_clim,,
16300,Ugam,paper,T+1,ARy_clim,,
16300,Ugam,paper,T+1,AR_ens,,
16300,Ugam,paper,T+1,ARy_ens,,
16300,Ugam,paper,T+1,NQ_xgb,-0.3308117389678955,-0.49640536308288574
16300,Ugam,paper,T+1,DD_uncal,-1.0812835331240112,13.47895251943434
16300,Ugam,paper,T+1,DD_cal,-0.8700353620113122,13.16907019513156
16300,Ugam,paper,T+2,OS_xgb,0.47876834869384766,-0.8990705013275146
16300,Ugam,paper,T+2,OS_clim,,0.0
16300,Ugam,paper,T+2,OS_ens,,
16300,Ugam,paper,T+2,AR_xgb,3.469157972970116,1.2620753800838491
16300,Ugam,paper,T+2,ARy_xgb,1.5056168674872028,0.17721794070331143
16300,Ugam,paper,T+2,AR_clim,,
16300,Ugam,paper,T+2,ARy_clim,,
16300,Ugam,paper,T+2,AR_ens,,
16300,Ugam,paper,T+2,ARy_ens,,
16300,Ugam,paper,T+2,NQ_xgb,3.049933910369873,4.150688648223877
16300,Ugam,paper,T+2,DD_uncal,-2.030388971667252,25.555457901892034
16300,Ugam,paper,T+2,DD_cal,-1.8236001020862203,22.57954897259342
16300,Ugam,paper,T+3,OS_xgb,1.0145187377929688,-0.3856956958770752
16300,Ugam,paper,T+3,OS_clim,,0.0
16300,Ugam,paper,T+3,OS_ens,,
16300,Ugam,paper,T+3,AR_xgb,6.678831559692555,1.2564675396300684
16300,Ugam,paper,T+3,ARy_xgb,4.320200455145051,-0.01300345473547182
16300,Ugam,paper,T+3,AR_clim,,
16300,Ugam,paper,T+3,ARy_clim,,
16300,Ugam,paper,T+3,AR_ens,,
16300,Ugam,paper,T+3,ARy_ens,,
16300,Ugam,paper,T+3,NQ_xgb,5.85864782333374,8.834761619567871
16300,Ugam,paper,T+3,DD_uncal,-2.8375087975638924,33.890682223003566
16300,Ugam,paper,T+3,DD_cal,-2.783949260727292,28.70171281305481
16300,Ugam,paper,P+10,OS_xgb,1.5609025955200195,2.014482021331787
16300,Ugam,paper,P+10,OS_clim,,0.0
16300,Ugam,paper,P+10,OS_ens,,
16300,Ugam,paper,P+10,AR_xgb,7.233880950579508,-0.9223473693154682
16300,Ugam,paper,P+10,ARy_xgb,5.380521949949579,-1.1380340348324802
16300,Ugam,paper,P+10,AR_clim,,
16300,Ugam,paper,P+10,ARy_clim,,
16300,Ugam,paper,P+10,AR_ens,,
16300,Ugam,paper,P+10,ARy_ens,,
16300,Ugam,paper,P+10,NQ_xgb,3.9402008056640625,3.945183753967285
16300,Ugam,paper,P+10,DD_uncal,10.795905824959352,-3.3539344654339054
16300,Ugam,paper,P+10,DD_cal,10.781174239556268,-3.029351969861981
16300,Ugam,paper,P-10,OS_xgb,-1.4200448989868164,-1.6893565654754639
16300,Ugam,paper,P-10,OS_clim,,0.0
16300,Ugam,paper,P-10,OS_ens,,
16300,Ugam,paper,P-10,AR_xgb,-5.304208290790202,0.6835269529465329
16300,Ugam,paper,P-10,ARy_xgb,-5.126786764418101,1.7987336761011274
16300,Ugam,paper,P-10,AR_clim,,
16300,Ugam,paper,P-10,ARy_clim,,
16300,Ugam,paper,P-10,AR_ens,,
16300,Ugam,paper,P-10,ARy_ens,,
16300,Ugam,paper,P-10,NQ_xgb,-3.9216220378875732,-5.231118202209473
16300,Ugam,paper,P-10,DD_uncal,-10.76401747072866,2.952598916046389
16300,Ugam,paper,P-10,DD_cal,-10.761112917636861,2.859510122283904
16300,Ugam,paper,T+2/P-10,OS_xgb,-0.8573830127716064,-2.2029340267181396
16300,Ugam,paper,T+2/P-10,OS_clim,,0.0
16300,Ugam,paper,T+2/P-10,OS_ens,,
16300,Ugam,paper,T+2/P-10,AR_xgb,-0.9415469028513535,4.678623357470579
16300,Ugam,paper,T+2/P-10,ARy_xgb,-2.5314233215071313,3.876188189863128
16300,Ugam,paper,T+2/P-10,AR_clim,,
16300,Ugam,paper,T+2/P-10,ARy_clim,,
16300,Ugam,paper,T+2/P-10,AR_ens,,
16300,Ugam,paper,T+2/P-10,ARy_ens,,
16300,Ugam,paper,T+2/P-10,NQ_xgb,-0.03910064697265625,0.6631314754486084
16300,Ugam,paper,T+2/P-10,DD_uncal,-12.741224680701746,25.21503235638065
16300,Ugam,paper,T+2/P-10,DD_cal,-12.56929310449788,22.380686450467856
16300,Ugam,consistent,T+1,OS_xgb,0.38968324661254883,1.4371395111083984
16300,Ugam,consistent,T+1,OS_clim,,0.0
16300,Ugam,consistent,T+1,OS_ens,,
16300,Ugam,consistent,T+1,AR_xgb,0.6649676307102892,5.6053151828213466
16300,Ugam,consistent,T+1,ARy_xgb,1.159830598416911,6.515916956195367
16300,Ugam,consistent,T+1,AR_clim,,
16300,Ugam,consistent,T+1,ARy_clim,,
16300,Ugam,consistent,T+1,AR_ens,,
16300,Ugam,consistent,T+1,ARy_ens,,
16300,Ugam,consistent,T+1,NQ_xgb,1.484060287475586,-1.462167501449585
16300,Ugam,consistent,T+1,DD_uncal,-1.0812835331240112,13.47895251943434
16300,Ugam,consistent,T+1,DD_cal,-0.8700353620113122,13.16907019513156
16300,Ugam,consistent,T+2,OS_xgb,1.5672564506530762,2.47153639793396
16300,Ugam,consistent,T+2,OS_clim,,0.0
16300,Ugam,consistent,T+2,OS_ens,,
16300,Ugam,consistent,T+2,AR_xgb,8.116148903351794,10.462831658020244
16300,Ugam,consistent,T+2,ARy_xgb,7.689066355642105,12.207042143957402
16300,Ugam,consistent,T+2,AR_clim,,
16300,Ugam,consistent,T+2,ARy_clim,,
16300,Ugam,consistent,T+2,AR_ens,,
16300,Ugam,consistent,T+2,ARy_ens,,
16300,Ugam,consistent,T+2,NQ_xgb,4.282736778259277,3.858238458633423
16300,Ugam,consistent,T+2,DD_uncal,-2.030388971667252,25.555457901892034
16300,Ugam,consistent,T+2,DD_cal,-1.8236001020862203,22.57954897259342
16300,Ugam,consistent,T+3,OS_xgb,2.88388729095459,2.1900832653045654
16300,Ugam,consistent,T+3,OS_clim,,0.0
16300,Ugam,consistent,T+3,OS_ens,,
16300,Ugam,consistent,T+3,AR_xgb,18.289332185441776,12.902846808539994
16300,Ugam,consistent,T+3,ARy_xgb,9.618439676310242,14.371971120299921
16300,Ugam,consistent,T+3,AR_clim,,
16300,Ugam,consistent,T+3,ARy_clim,,
16300,Ugam,consistent,T+3,AR_ens,,
16300,Ugam,consistent,T+3,ARy_ens,,
16300,Ugam,consistent,T+3,NQ_xgb,5.0003767013549805,3.710448741912842
16300,Ugam,consistent,T+3,DD_uncal,-2.8375087975638924,33.890682223003566
16300,Ugam,consistent,T+3,DD_cal,-2.783949260727292,28.70171281305481
16300,Ugam,consistent,P+10,OS_xgb,1.7810463905334473,1.9203782081604004
16300,Ugam,consistent,P+10,OS_clim,,0.0
16300,Ugam,consistent,P+10,OS_ens,,
16300,Ugam,consistent,P+10,AR_xgb,6.70084005867988,-0.4444319980465572
16300,Ugam,consistent,P+10,ARy_xgb,5.646675593678796,-1.1267436098811645
16300,Ugam,consistent,P+10,AR_clim,,
16300,Ugam,consistent,P+10,ARy_clim,,
16300,Ugam,consistent,P+10,AR_ens,,
16300,Ugam,consistent,P+10,ARy_ens,,
16300,Ugam,consistent,P+10,NQ_xgb,3.979372978210449,2.3839712142944336
16300,Ugam,consistent,P+10,DD_uncal,10.795905824959352,-3.3539344654339054
16300,Ugam,consistent,P+10,DD_cal,10.781174239556268,-3.029351969861981
16300,Ugam,consistent,P-10,OS_xgb,-1.282036304473877,-1.6245603561401367
16300,Ugam,consistent,P-10,OS_clim,,0.0
16300,Ugam,consistent,P-10,OS_ens,,
16300,Ugam,consistent,P-10,AR_xgb,-4.8183310425583326,1.1375232224898113
16300,Ugam,consistent,P-10,ARy_xgb,-4.309551549914747,2.201194295353259
16300,Ugam,consistent,P-10,AR_clim,,
16300,Ugam,consistent,P-10,ARy_clim,,
16300,Ugam,consistent,P-10,AR_ens,,
16300,Ugam,consistent,P-10,ARy_ens,,
16300,Ugam,consistent,P-10,NQ_xgb,-2.9351353645324707,-10.46683120727539
16300,Ugam,consistent,P-10,DD_uncal,-10.76401747072866,2.952598916046389
16300,Ugam,consistent,P-10,DD_cal,-10.761112917636861,2.859510122283904
16300,Ugam,consistent,T+2/P-10,OS_xgb,0.15094280242919922,1.1628687381744385
16300,Ugam,consistent,T+2/P-10,OS_clim,,0.0
16300,Ugam,consistent,T+2/P-10,OS_ens,,
16300,Ugam,consistent,T+2/P-10,AR_xgb,3.328669546528218,9.276648441700154
16300,Ugam,consistent,T+2/P-10,ARy_xgb,2.291474551770678,10.161140566424077
16300,Ugam,consistent,T+2/P-10,AR_clim,,
16300,Ugam,consistent,T+2/P-10,ARy_clim,,
16300,Ugam,consistent,T+2/P-10,AR_ens,,
16300,Ugam,consistent,T+2/P-10,ARy_ens,,
16300,Ugam,consistent,T+2/P-10,NQ_xgb,0.5301237106323242,-1.6309142112731934
16300,Ugam,consistent,T+2/P-10,DD_uncal,-12.741224680701746,25.21503235638065
16300,Ugam,consistent,T+2/P-10,DD_cal,-12.56929310449788,22.380686450467856
16936,Naryn,paper,T+1,OS_xgb,3.110170364379883,7.644939422607422
16936,Naryn,paper,T+1,OS_clim,,0.0
16936,Naryn,paper,T+1,OS_ens,,
16936,Naryn,paper,T+1,AR_xgb,6.34648610351809,4.241371266287875
16936,Naryn,paper,T+1,ARy_xgb,6.306247629579298,3.988040840122742
16936,Naryn,paper,T+1,AR_clim,,
16936,Naryn,paper,T+1,ARy_clim,,
16936,Naryn,paper,T+1,AR_ens,,
16936,Naryn,paper,T+1,ARy_ens,,
16936,Naryn,paper,T+1,NQ_xgb,7.801175117492676,-0.1786346435546875
16936,Naryn,paper,T+1,DD_uncal,-1.5696836374842316,10.406974787517498
16936,Naryn,paper,T+1,DD_cal,-3.1685047890936846,28.90232758602825
16936,Naryn,paper,T+2,OS_xgb,5.614721775054932,14.268625259399414
16936,Naryn,paper,T+2,OS_clim,,0.0
16936,Naryn,paper,T+2,OS_ens,,
16936,Naryn,paper,T+2,AR_xgb,12.621631599842264,4.167442256814292
16936,Naryn,paper,T+2,ARy_xgb,12.699469735740765,3.7404215273021624
16936,Naryn,paper,T+2,AR_clim,,
16936,Naryn,paper,T+2,ARy_clim,,
16936,Naryn,paper,T+2,AR_ens,,
16936,Naryn,paper,T+2,ARy_ens,,
16936,Naryn,paper,T+2,NQ_xgb,13.506412506103516,-1.126312255859375
16936,Naryn,paper,T+2,DD_uncal,-3.0421324622731616,19.17768171809907
16936,Naryn,paper,T+2,DD_cal,-6.3236418616237415,53.4811445509099
16936,Naryn,paper,T+3,OS_xgb,7.844638824462891,19.312726974487305
16936,Naryn,paper,T+3,OS_clim,,0.0
16936,Naryn,paper,T+3,OS_ens,,
16936,Naryn,paper,T+3,AR_xgb,18.07512155053448,7.107350106572131
16936,Naryn,paper,T+3,ARy_xgb,17.843153778737108,6.850398855804119
16936,Naryn,paper,T+3,AR_clim,,
16936,Naryn,paper,T+3,ARy_clim,,
16936,Naryn,paper,T+3,AR_ens,,
16936,Naryn,paper,T+3,ARy_ens,,
16936,Naryn,paper,T+3,NQ_xgb,21.40955924987793,2.7032623291015625
16936,Naryn,paper,T+3,DD_uncal,-4.860786580362175,28.807477477859358
16936,Naryn,paper,T+3,DD_cal,-9.8756012601261,73.05797556463199
16936,Naryn,paper,P+10,OS_xgb,0.30837059020996094,1.0409057140350342
16936,Naryn,paper,P+10,OS_clim,,0.0
16936,Naryn,paper,P+10,OS_ens,,
16936,Naryn,paper,P+10,AR_xgb,1.6460872396519832,-0.0038759617208450337
16936,Naryn,paper,P+10,ARy_xgb,1.742235480633192,0.08078459580302955
16936,Naryn,paper,P+10,AR_clim,,
16936,Naryn,paper,P+10,ARy_clim,,
16936,Naryn,paper,P+10,AR_ens,,
16936,Naryn,paper,P+10,ARy_ens,,
16936,Naryn,paper,P+10,NQ_xgb,1.4967799186706543,-0.8763313293457031
16936,Naryn,paper,P+10,DD_uncal,11.164575752766194,-2.693070088199079
16936,Naryn,paper,P+10,DD_cal,12.384199563710862,-7.541535165355207
16936,Naryn,paper,P-10,OS_xgb,-0.17931461334228516,-0.46092867851257324
16936,Naryn,paper,P-10,OS_clim,,0.0
16936,Naryn,paper,P-10,OS_ens,,
16936,Naryn,paper,P-10,AR_xgb,-2.500276660871581,0.9987191147106889
16936,Naryn,paper,P-10,ARy_xgb,-1.8688933659280482,1.3738380110967063
16936,Naryn,paper,P-10,AR_clim,,
16936,Naryn,paper,P-10,ARy_clim,,
16936,Naryn,paper,P-10,AR_ens,,
16936,Naryn,paper,P-10,ARy_ens,,
16936,Naryn,paper,P-10,NQ_xgb,-0.629502534866333,-0.9162425994873047
16936,Naryn,paper,P-10,DD_uncal,-11.1657056814772,2.4958070007222286
16936,Naryn,paper,P-10,DD_cal,-12.335912823966598,7.728182050111887
16936,Naryn,paper,T+2/P-10,OS_xgb,5.535280704498291,13.822365760803223
16936,Naryn,paper,T+2/P-10,OS_clim,,0.0
16936,Naryn,paper,T+2/P-10,OS_ens,,
16936,Naryn,paper,T+2/P-10,AR_xgb,12.420825964895732,2.9376727166269276
16936,Naryn,paper,T+2/P-10,ARy_xgb,12.402819308617818,2.938455805387296
16936,Naryn,paper,T+2/P-10,AR_clim,,
16936,Naryn,paper,T+2/P-10,ARy_clim,,
16936,Naryn,paper,T+2/P-10,AR_ens,,
16936,Naryn,paper,T+2/P-10,ARy_ens,,
16936,Naryn,paper,T+2/P-10,NQ_xgb,13.195121765136719,-1.2058734893798828
16936,Naryn,paper,T+2/P-10,DD_uncal,-14.229928661276803,19.310906324464483
16936,Naryn,paper,T+2/P-10,DD_cal,-18.58301637030334,54.1429202963028
16936,Naryn,consistent,T+1,OS_xgb,1.0405182838439941,4.047572612762451
16936,Naryn,consistent,T+1,OS_clim,,0.0
16936,Naryn,consistent,T+1,OS_ens,,
16936,Naryn,consistent,T+1,AR_xgb,0.2784432558638583,6.5011982968436355
16936,Naryn,consistent,T+1,ARy_xgb,0.18471225525387158,6.084824575953974
16936,Naryn,consistent,T+1,AR_clim,,
16936,Naryn,consistent,T+1,ARy_clim,,
16936,Naryn,consistent,T+1,AR_ens,,
16936,Naryn,consistent,T+1,ARy_ens,,
16936,Naryn,consistent,T+1,NQ_xgb,3.945314884185791,-1.2856125831604004
16936,Naryn,consistent,T+1,DD_uncal,-1.5696836374842316,10.406974787517498
16936,Naryn,consistent,T+1,DD_cal,-3.1685047890936846,28.90232758602825
16936,Naryn,consistent,T+2,OS_xgb,2.079916000366211,8.297514915466309
16936,Naryn,consistent,T+2,OS_clim,,0.0
16936,Naryn,consistent,T+2,OS_ens,,
16936,Naryn,consistent,T+2,AR_xgb,3.4025590048274656,8.639711187304266
16936,Naryn,consistent,T+2,ARy_xgb,3.1366849460491064,8.054367370945892
16936,Naryn,consistent,T+2,AR_clim,,
16936,Naryn,consistent,T+2,ARy_clim,,
16936,Naryn,consistent,T+2,AR_ens,,
16936,Naryn,consistent,T+2,ARy_ens,,
16936,Naryn,consistent,T+2,NQ_xgb,6.743490695953369,0.3145933151245117
16936,Naryn,consistent,T+2,DD_uncal,-3.0421324622731616,19.17768171809907
16936,Naryn,consistent,T+2,DD_cal,-6.3236418616237415,53.4811445509099
16936,Naryn,consistent,T+3,OS_xgb,3.0652284622192383,13.295614242553711
16936,Naryn,consistent,T+3,OS_clim,,0.0
16936,Naryn,consistent,T+3,OS_ens,,
16936,Naryn,consistent,T+3,AR_xgb,5.961229075529073,13.873102374488955
16936,Naryn,consistent,T+3,ARy_xgb,5.486992780469735,13.725910868018353
16936,Naryn,consistent,T+3,AR_clim,,
16936,Naryn,consistent,T+3,ARy_clim,,
16936,Naryn,consistent,T+3,AR_ens,,
16936,Naryn,consistent,T+3,ARy_ens,,
16936,Naryn,consistent,T+3,NQ_xgb,11.138653755187988,4.956817626953125
16936,Naryn,consistent,T+3,DD_uncal,-4.860786580362175,28.807477477859358
16936,Naryn,consistent,T+3,DD_cal,-9.8756012601261,73.05797556463199
16936,Naryn,consistent,P+10,OS_xgb,0.4622817039489746,1.168811321258545
16936,Naryn,consistent,P+10,OS_clim,,0.0
16936,Naryn,consistent,P+10,OS_ens,,
16936,Naryn,consistent,P+10,AR_xgb,2.217375893473883,-0.6556459250558699
16936,Naryn,consistent,P+10,ARy_xgb,2.3489791002512916,-0.5681750860365709
16936,Naryn,consistent,P+10,AR_clim,,
16936,Naryn,consistent,P+10,ARy_clim,,
16936,Naryn,consistent,P+10,AR_ens,,
16936,Naryn,consistent,P+10,ARy_ens,,
16936,Naryn,consistent,P+10,NQ_xgb,1.9364356994628906,-1.2856841087341309
16936,Naryn,consistent,P+10,DD_uncal,11.164575752766194,-2.693070088199079
16936,Naryn,consistent,P+10,DD_cal,12.384199563710862,-7.541535165355207
16936,Naryn,consistent,P-10,OS_xgb,-0.20846128463745117,-0.9277999401092529
16936,Naryn,consistent,P-10,OS_clim,,0.0
16936,Naryn,consistent,P-10,OS_ens,,
16936,Naryn,consistent,P-10,AR_xgb,-2.186080220388409,1.4532722437190504
16936,Naryn,consistent,P-10,ARy_xgb,-2.0668225137228102,2.5455336539567996
16936,Naryn,consistent,P-10,AR_clim,,
16936,Naryn,consistent,P-10,ARy_clim,,
16936,Naryn,consistent,P-10,AR_ens,,
16936,Naryn,consistent,P-10,ARy_ens,,
16936,Naryn,consistent,P-10,NQ_xgb,-1.0703086853027344,-2.4369239807128906
16936,Naryn,consistent,P-10,DD_uncal,-11.1657056814772,2.4958070007222286
16936,Naryn,consistent,P-10,DD_cal,-12.335912823966598,7.728182050111887
16936,Naryn,consistent,T+2/P-10,OS_xgb,1.697218418121338,6.3650665283203125
16936,Naryn,consistent,T+2/P-10,OS_clim,,0.0
16936,Naryn,consistent,T+2/P-10,OS_ens,,
16936,Naryn,consistent,T+2/P-10,AR_xgb,2.729396720291599,7.4648380027479195
16936,Naryn,consistent,T+2/P-10,ARy_xgb,2.6458214713710904,7.287225723155288
16936,Naryn,consistent,T+2/P-10,AR_clim,,
16936,Naryn,consistent,T+2/P-10,ARy_clim,,
16936,Naryn,consistent,T+2/P-10,AR_ens,,
16936,Naryn,consistent,T+2/P-10,ARy_ens,,
16936,Naryn,consistent,T+2/P-10,NQ_xgb,5.413568019866943,-1.8807411193847656
16936,Naryn,consistent,T+2/P-10,DD_uncal,-14.229928661276803,19.310906324464483
16936,Naryn,consistent,T+2/P-10,DD_cal,-18.58301637030334,54.1429202963028
17202,Karatag,paper,T+1,OS_xgb,1.1330366134643555,-2.1242380142211914
17202,Karatag,paper,T+1,OS_clim,,0.0
17202,Karatag,paper,T+1,OS_ens,,
17202,Karatag,paper,T+1,AR_xgb,3.5093441345871224,-5.263210462285994
17202,Karatag,paper,T+1,ARy_xgb,3.2362475725913775,-5.372869827350568
17202,Karatag,paper,T+1,AR_clim,,
17202,Karatag,paper,T+1,ARy_clim,,
17202,Karatag,paper,T+1,AR_ens,,
17202,Karatag,paper,T+1,ARy_ens,,
17202,Karatag,paper,T+1,NQ_xgb,3.7612557411193848,-8.038848876953125
17202,Karatag,paper,T+1,DD_uncal,-1.2094342767934418,11.441509050249444
17202,Karatag,paper,T+1,DD_cal,-2.0355162531730198,27.841876622593265
17202,Karatag,paper,T+2,OS_xgb,2.9682159423828125,-0.8037567138671875
17202,Karatag,paper,T+2,OS_clim,,0.0
17202,Karatag,paper,T+2,OS_ens,,
17202,Karatag,paper,T+2,AR_xgb,6.916476870807964,-4.485095966778708
17202,Karatag,paper,T+2,ARy_xgb,6.458080540813049,-4.761660433345826
17202,Karatag,paper,T+2,AR_clim,,
17202,Karatag,paper,T+2,ARy_clim,,
17202,Karatag,paper,T+2,AR_ens,,
17202,Karatag,paper,T+2,ARy_ens,,
17202,Karatag,paper,T+2,NQ_xgb,8.659278869628906,-8.021819114685059
17202,Karatag,paper,T+2,DD_uncal,-2.387081383199674,22.193142596832658
17202,Karatag,paper,T+2,DD_cal,-4.079261912926713,50.597499318687746
17202,Karatag,paper,T+3,OS_xgb,4.694688320159912,-1.5024304389953613
17202,Karatag,paper,T+3,OS_clim,,0.0
17202,Karatag,paper,T+3,OS_ens,,
17202,Karatag,paper,T+3,AR_xgb,11.994418054090673,-6.535203118154898
17202,Karatag,paper,T+3,ARy_xgb,11.282465671523001,-7.075130072063262
17202,Karatag,paper,T+3,AR_clim,,
17202,Karatag,paper,T+3,ARy_clim,,
17202,Karatag,paper,T+3,AR_ens,,
17202,Karatag,paper,T+3,ARy_ens,,
17202,Karatag,paper,T+3,NQ_xgb,13.305961608886719,-3.6436071395874023
17202,Karatag,paper,T+3,DD_uncal,-3.7354335363717683,33.45312027195058
17202,Karatag,paper,T+3,DD_cal,-6.3980602089296905,67.94975470422901
17202,Karatag,paper,P+10,OS_xgb,1.6894340515136719,2.375316619873047
17202,Karatag,paper,P+10,OS_clim,,0.0
17202,Karatag,paper,P+10,OS_ens,,
17202,Karatag,paper,P+10,AR_xgb,6.055218076331381,5.330114065001013
17202,Karatag,paper,P+10,ARy_xgb,4.963202286225132,3.5595280762443116
17202,Karatag,paper,P+10,AR_clim,,
17202,Karatag,paper,P+10,ARy_clim,,
17202,Karatag,paper,P+10,AR_ens,,
17202,Karatag,paper,P+10,ARy_ens,,
17202,Karatag,paper,P+10,NQ_xgb,3.8335204124450684,2.271413803100586
17202,Karatag,paper,P+10,DD_uncal,11.07048495973222,-3.543739813683965
17202,Karatag,paper,P+10,DD_cal,11.841824944669987,-8.817792589037587
17202,Karatag,paper,P-10,OS_xgb,-1.2067615985870361,-1.9535481929779053
17202,Karatag,paper,P-10,OS_clim,,0.0
17202,Karatag,paper,P-10,OS_ens,,
17202,Karatag,paper,P-10,AR_xgb,-2.217488103647325,-3.844078954590946
17202,Karatag,paper,P-10,ARy_xgb,-1.9325619762838198,-3.156238767543207
17202,Karatag,paper,P-10,AR_clim,,
17202,Karatag,paper,P-10,ARy_clim,,
17202,Karatag,paper,P-10,AR_ens,,
17202,Karatag,paper,P-10,ARy_ens,,
17202,Karatag,paper,P-10,NQ_xgb,-3.169524669647217,-3.285407781600952
17202,Karatag,paper,P-10,DD_uncal,-11.037838998931482,3.166649710029491
17202,Karatag,paper,P-10,DD_cal,-11.635878131059652,7.769990584396226
17202,Karatag,paper,T+2/P-10,OS_xgb,2.000272274017334,-2.0017027854919434
17202,Karatag,paper,T+2/P-10,OS_clim,,0.0
17202,Karatag,paper,T+2/P-10,OS_ens,,
17202,Karatag,paper,T+2/P-10,AR_xgb,4.963186097563699,-6.625295417201471
17202,Karatag,paper,T+2/P-10,ARy_xgb,4.815552369171305,-6.528291928335261
17202,Karatag,paper,T+2/P-10,AR_clim,,
17202,Karatag,paper,T+2/P-10,ARy_clim,,
17202,Karatag,paper,T+2/P-10,AR_ens,,
17202,Karatag,paper,T+2/P-10,ARy_ens,,
17202,Karatag,paper,T+2/P-10,NQ_xgb,6.609535217285156,-8.773171424865723
17202,Karatag,paper,T+2/P-10,DD_uncal,-13.330839691172148,22.195661963822054
17202,Karatag,paper,T+2/P-10,DD_cal,-15.56755528001621,49.97894456786892
17202,Karatag,consistent,T+1,OS_xgb,-0.4066050052642822,-3.4266293048858643
17202,Karatag,consistent,T+1,OS_clim,,0.0
17202,Karatag,consistent,T+1,OS_ens,,
17202,Karatag,consistent,T+1,AR_xgb,1.590107334759816,-2.1218149617617255
17202,Karatag,consistent,T+1,ARy_xgb,0.7902585742251445,-3.4490838973366245
17202,Karatag,consistent,T+1,AR_clim,,
17202,Karatag,consistent,T+1,ARy_clim,,
17202,Karatag,consistent,T+1,AR_ens,,
17202,Karatag,consistent,T+1,ARy_ens,,
17202,Karatag,consistent,T+1,NQ_xgb,0.8172273635864258,-6.050271034240723
17202,Karatag,consistent,T+1,DD_uncal,-1.2094342767934418,11.441509050249444
17202,Karatag,consistent,T+1,DD_cal,-2.0355162531730198,27.841876622593265
17202,Karatag,consistent,T+2,OS_xgb,-0.13643503189086914,-5.4530439376831055
17202,Karatag,consistent,T+2,OS_clim,,0.0
17202,Karatag,consistent,T+2,OS_ens,,
17202,Karatag,consistent,T+2,AR_xgb,1.6475859383492608,-5.0319809209759985
17202,Karatag,consistent,T+2,ARy_xgb,1.100178082978509,-5.257600796289063
17202,Karatag,consistent,T+2,AR_clim,,
17202,Karatag,consistent,T+2,ARy_clim,,
17202,Karatag,consistent,T+2,AR_ens,,
17202,Karatag,consistent,T+2,ARy_ens,,
17202,Karatag,consistent,T+2,NQ_xgb,2.8914809226989746,-10.003739356994629
17202,Karatag,consistent,T+2,DD_uncal,-2.387081383199674,22.193142596832658
17202,Karatag,consistent,T+2,DD_cal,-4.079261912926713,50.597499318687746
17202,Karatag,consistent,T+3,OS_xgb,-0.4660964012145996,-8.319723129272461
17202,Karatag,consistent,T+3,OS_clim,,0.0
17202,Karatag,consistent,T+3,OS_ens,,
17202,Karatag,consistent,T+3,AR_xgb,2.3871531063676787,-9.246175692797308
17202,Karatag,consistent,T+3,ARy_xgb,1.5912164059793232,-9.490380350418349
17202,Karatag,consistent,T+3,AR_clim,,
17202,Karatag,consistent,T+3,ARy_clim,,
17202,Karatag,consistent,T+3,AR_ens,,
17202,Karatag,consistent,T+3,ARy_ens,,
17202,Karatag,consistent,T+3,NQ_xgb,4.192256927490234,-11.556255340576172
17202,Karatag,consistent,T+3,DD_uncal,-3.7354335363717683,33.45312027195058
17202,Karatag,consistent,T+3,DD_cal,-6.3980602089296905,67.94975470422901
17202,Karatag,consistent,P+10,OS_xgb,1.249682903289795,3.2108545303344727
17202,Karatag,consistent,P+10,OS_clim,,0.0
17202,Karatag,consistent,P+10,OS_ens,,
17202,Karatag,consistent,P+10,AR_xgb,4.860502172000669,2.785820073234424
17202,Karatag,consistent,P+10,ARy_xgb,3.9851665561024596,1.3463579930704794
17202,Karatag,consistent,P+10,AR_clim,,
17202,Karatag,consistent,P+10,ARy_clim,,
17202,Karatag,consistent,P+10,AR_ens,,
17202,Karatag,consistent,P+10,ARy_ens,,
17202,Karatag,consistent,P+10,NQ_xgb,3.5443782806396484,2.40175724029541
17202,Karatag,consistent,P+10,DD_uncal,11.07048495973222,-3.543739813683965
17202,Karatag,consistent,P+10,DD_cal,11.841824944669987,-8.817792589037587
17202,Karatag,consistent,P-10,OS_xgb,-1.8995463848114014,-3.6158740520477295
17202,Karatag,consistent,P-10,OS_clim,,0.0
17202,Karatag,consistent,P-10,OS_ens,,
17202,Karatag,consistent,P-10,AR_xgb,-3.497869611099891,-4.5237749673798895
17202,Karatag,consistent,P-10,ARy_xgb,-3.141578211162188,-4.169799915401396
17202,Karatag,consistent,P-10,AR_clim,,
17202,Karatag,consistent,P-10,ARy_clim,,
17202,Karatag,consistent,P-10,AR_ens,,
17202,Karatag,consistent,P-10,ARy_ens,,
17202,Karatag,consistent,P-10,NQ_xgb,-4.140192031860352,-4.453974723815918
17202,Karatag,consistent,P-10,DD_uncal,-11.037838998931482,3.166649710029491
17202,Karatag,consistent,P-10,DD_cal,-11.635878131059652,7.769990584396226
17202,Karatag,consistent,T+2/P-10,OS_xgb,-1.4981567859649658,-7.865101337432861
17202,Karatag,consistent,T+2/P-10,OS_clim,,0.0
17202,Karatag,consistent,T+2/P-10,OS_ens,,
17202,Karatag,consistent,T+2/P-10,AR_xgb,-1.031587553951685,-6.986224644459993
17202,Karatag,consistent,T+2/P-10,ARy_xgb,-1.3972429674896314,-7.0487865311423485
17202,Karatag,consistent,T+2/P-10,AR_clim,,
17202,Karatag,consistent,T+2/P-10,ARy_clim,,
17202,Karatag,consistent,T+2/P-10,AR_ens,,
17202,Karatag,consistent,T+2/P-10,ARy_ens,,
17202,Karatag,consistent,T+2/P-10,NQ_xgb,-0.40093064308166504,-13.565141677856445
17202,Karatag,consistent,T+2/P-10,DD_uncal,-13.330839691172148,22.195661963822054
17202,Karatag,consistent,T+2/P-10,DD_cal,-15.56755528001621,49.97894456786892
17211,Sangardak,paper,T+1,OS_xgb,-2.015066146850586,-3.4181833267211914
17211,Sangardak,paper,T+1,OS_clim,,0.0
17211,Sangardak,paper,T+1,OS_ens,,
17211,Sangardak,paper,T+1,AR_xgb,-1.4333080118832497,-2.4989003485223926
17211,Sangardak,paper,T+1,ARy_xgb,-2.2629943518041484,-3.157502640282517
17211,Sangardak,paper,T+1,AR_clim,,
17211,Sangardak,paper,T+1,ARy_clim,,
17211,Sangardak,paper,T+1,AR_ens,,
17211,Sangardak,paper,T+1,ARy_ens,,
17211,Sangardak,paper,T+1,NQ_xgb,-2.460068464279175,-2.88618803024292
17211,Sangardak,paper,T+1,DD_uncal,-1.1383596182986566,13.640549584647754
17211,Sangardak,paper,T+1,DD_cal,-2.156351567571424,16.88597535120764
17211,Sangardak,paper,T+2,OS_xgb,-1.358354091644287,-1.7333686351776123
17211,Sangardak,paper,T+2,OS_clim,,0.0
17211,Sangardak,paper,T+2,OS_ens,,
17211,Sangardak,paper,T+2,AR_xgb,0.38162532174343955,1.986948854335746
17211,Sangardak,paper,T+2,ARy_xgb,-0.47744476410198633,1.243651654270972
17211,Sangardak,paper,T+2,AR_clim,,
17211,Sangardak,paper,T+2,ARy_clim,,
17211,Sangardak,paper,T+2,AR_ens,,
17211,Sangardak,paper,T+2,ARy_ens,,
17211,Sangardak,paper,T+2,NQ_xgb,0.26487112045288086,0.26175975799560547
17211,Sangardak,paper,T+2,DD_uncal,-2.377838236077179,23.31522720765059
17211,Sangardak,paper,T+2,DD_cal,-4.398877611199792,28.771940216539384
17211,Sangardak,paper,T+3,OS_xgb,0.04329681396484375,-0.4299759864807129
17211,Sangardak,paper,T+3,OS_clim,,0.0
17211,Sangardak,paper,T+3,OS_ens,,
17211,Sangardak,paper,T+3,AR_xgb,2.4082628992438293,3.238634338531432
17211,Sangardak,paper,T+3,ARy_xgb,1.3519442622871525,1.8504738477382432
17211,Sangardak,paper,T+3,AR_clim,,
17211,Sangardak,paper,T+3,ARy_clim,,
17211,Sangardak,paper,T+3,AR_ens,,
17211,Sangardak,paper,T+3,ARy_ens,,
17211,Sangardak,paper,T+3,NQ_xgb,2.690410614013672,5.025249481201172
17211,Sangardak,paper,T+3,DD_uncal,-3.7116048074973373,29.127291969881263
17211,Sangardak,paper,T+3,DD_cal,-6.731663305346314,32.97298461901347
17211,Sangardak,paper,P+10,OS_xgb,2.951228618621826,2.194535732269287
17211,Sangardak,paper,P+10,OS_clim,,0.0
17211,Sangardak,paper,P+10,OS_ens,,
17211,Sangardak,paper,P+10,AR_xgb,6.743923852331113,1.2524197922831881
17211,Sangardak,paper,P+10,ARy_xgb,5.865763123618795,1.2027455804427545
17211,Sangardak,paper,P+10,AR_clim,,
17211,Sangardak,paper,P+10,ARy_clim,,
17211,Sangardak,paper,P+10,AR_ens,,
17211,Sangardak,paper,P+10,ARy_ens,,
17211,Sangardak,paper,P+10,NQ_xgb,5.245602130889893,3.2074928283691406
17211,Sangardak,paper,P+10,DD_uncal,11.220354176527092,-3.085205611554631
17211,Sangardak,paper,P+10,DD_cal,12.040845521887732,-6.169546979585384
17211,Sangardak,paper,P-10,OS_xgb,-2.5981605052948,-2.2906899452209473
17211,Sangardak,paper,P-10,OS_clim,,0.0
17211,Sangardak,paper,P-10,OS_ens,,
17211,Sangardak,paper,P-10,AR_xgb,-6.851464270664842,-5.634374699730737
17211,Sangardak,paper,P-10,ARy_xgb,-5.167141431424294,-3.6957935598438074
17211,Sangardak,paper,P-10,AR_clim,,
17211,Sangardak,paper,P-10,ARy_clim,,
17211,Sangardak,paper,P-10,AR_ens,,
17211,Sangardak,paper,P-10,ARy_ens,,
17211,Sangardak,paper,P-10,NQ_xgb,-5.162972450256348,-3.668278694152832
17211,Sangardak,paper,P-10,DD_uncal,-11.182875599727282,2.8199358219756174
17211,Sangardak,paper,P-10,DD_cal,-11.870425733489032,5.350341958078953
17211,Sangardak,paper,T+2/P-10,OS_xgb,-2.716553211212158,-1.9883511066436768
17211,Sangardak,paper,T+2/P-10,OS_clim,,0.0
17211,Sangardak,paper,T+2/P-10,OS_ens,,
17211,Sangardak,paper,T+2/P-10,AR_xgb,-4.258915414061848,-0.46855065399186113
17211,Sangardak,paper,T+2/P-10,ARy_xgb,-4.46556215612206,0.10882681520714144
17211,Sangardak,paper,T+2/P-10,AR_clim,,
17211,Sangardak,paper,T+2/P-10,ARy_clim,,
17211,Sangardak,paper,T+2/P-10,AR_ens,,
17211,Sangardak,paper,T+2/P-10,ARy_ens,,
17211,Sangardak,paper,T+2/P-10,NQ_xgb,-2.4079442024230957,1.1868298053741455
17211,Sangardak,paper,T+2/P-10,DD_uncal,-13.509411829423069,22.737408297749088
17211,Sangardak,paper,T+2/P-10,DD_cal,-15.963241029436837,29.60655345699894
17211,Sangardak,consistent,T+1,OS_xgb,-1.629018783569336,-0.7678329944610596
17211,Sangardak,consistent,T+1,OS_clim,,0.0
17211,Sangardak,consistent,T+1,OS_ens,,
17211,Sangardak,consistent,T+1,AR_xgb,-0.353112405910494,2.7607193934527485
17211,Sangardak,consistent,T+1,ARy_xgb,-1.2918219739643688,2.4667166671548
17211,Sangardak,consistent,T+1,AR_clim,,
17211,Sangardak,consistent,T+1,ARy_clim,,
17211,Sangardak,consistent,T+1,AR_ens,,
17211,Sangardak,consistent,T+1,ARy_ens,,
17211,Sangardak,consistent,T+1,NQ_xgb,-3.1900763511657715,-2.4506330490112305
17211,Sangardak,consistent,T+1,DD_uncal,-1.1383596182986566,13.640549584647754
17211,Sangardak,consistent,T+1,DD_cal,-2.156351567571424,16.88597535120764
17211,Sangardak,consistent,T+2,OS_xgb,-0.4876077175140381,0.9707808494567871
17211,Sangardak,consistent,T+2,OS_clim,,0.0
17211,Sangardak,consistent,T+2,OS_ens,,
17211,Sangardak,consistent,T+2,AR_xgb,2.049000370949461,9.747003043483781
17211,Sangardak,consistent,T+2,ARy_xgb,1.0884009749642543,10.352741521827314
17211,Sangardak,consistent,T+2,AR_clim,,
17211,Sangardak,consistent,T+2,ARy_clim,,
17211,Sangardak,consistent,T+2,AR_ens,,
17211,Sangardak,consistent,T+2,ARy_ens,,
17211,Sangardak,consistent,T+2,NQ_xgb,-0.7657408714294434,-0.9512484073638916
17211,Sangardak,consistent,T+2,DD_uncal,-2.377838236077179,23.31522720765059
17211,Sangardak,consistent,T+2,DD_cal,-4.398877611199792,28.771940216539384
17211,Sangardak,consistent,T+3,OS_xgb,-1.5148818492889404,-0.6847739219665527
17211,Sangardak,consistent,T+3,OS_clim,,0.0
17211,Sangardak,consistent,T+3,OS_ens,,
17211,Sangardak,consistent,T+3,AR_xgb,2.4422574944914732,10.535696044389297
17211,Sangardak,consistent,T+3,ARy_xgb,0.9125050467582163,9.592948385411294
17211,Sangardak,consistent,T+3,AR_clim,,
17211,Sangardak,consistent,T+3,ARy_clim,,
17211,Sangardak,consistent,T+3,AR_ens,,
17211,Sangardak,consistent,T+3,ARy_ens,,
17211,Sangardak,consistent,T+3,NQ_xgb,-0.20667314529418945,1.3180255889892578
17211,Sangardak,consistent,T+3,DD_uncal,-3.7116048074973373,29.127291969881263
17211,Sangardak,consistent,T+3,DD_cal,-6.731663305346314,32.97298461901347
17211,Sangardak,consistent,P+10,OS_xgb,2.090179920196533,1.4150142669677734
17211,Sangardak,consistent,P+10,OS_clim,,0.0
17211,Sangardak,consistent,P+10,OS_ens,,
17211,Sangardak,consistent,P+10,AR_xgb,5.810423783031626,1.9362596922293918
17211,Sangardak,consistent,P+10,ARy_xgb,4.085510027226813,0.38388350303959484
17211,Sangardak,consistent,P+10,AR_clim,,
17211,Sangardak,consistent,P+10,ARy_clim,,
17211,Sangardak,consistent,P+10,AR_ens,,
17211,Sangardak,consistent,P+10,ARy_ens,,
17211,Sangardak,consistent,P+10,NQ_xgb,2.1255135536193848,7.618308067321777
17211,Sangardak,consistent,P+10,DD_uncal,11.220354176527092,-3.085205611554631
17211,Sangardak,consistent,P+10,DD_cal,12.040845521887732,-6.169546979585384
17211,Sangardak,consistent,P-10,OS_xgb,-1.8376469612121582,0.45315027236938477
17211,Sangardak,consistent,P-10,OS_clim,,0.0
17211,Sangardak,consistent,P-10,OS_ens,,
17211,Sangardak,consistent,P-10,AR_xgb,-5.74493781587595,-1.4445825746482788
17211,Sangardak,consistent,P-10,ARy_xgb,-4.135056226652479,-0.049529733552666766
17211,Sangardak,consistent,P-10,AR_clim,,
17211,Sangardak,consistent,P-10,ARy_clim,,
17211,Sangardak,consistent,P-10,AR_ens,,
17211,Sangardak,consistent,P-10,ARy_ens,,
17211,Sangardak,consistent,P-10,NQ_xgb,-3.433358669281006,-0.0467836856842041
17211,Sangardak,consistent,P-10,DD_uncal,-11.182875599727282,2.8199358219756174
17211,Sangardak,consistent,P-10,DD_cal,-11.870425733489032,5.350341958078953
17211,Sangardak,consistent,T+2/P-10,OS_xgb,-3.3013522624969482,-1.8402276039123535
17211,Sangardak,consistent,T+2/P-10,OS_clim,,0.0
17211,Sangardak,consistent,T+2/P-10,OS_ens,,
17211,Sangardak,consistent,T+2/P-10,AR_xgb,-5.1861331677472755,6.33679829567072
17211,Sangardak,consistent,T+2/P-10,ARy_xgb,-5.299528792220121,8.122380076653425
17211,Sangardak,consistent,T+2/P-10,AR_clim,,
17211,Sangardak,consistent,T+2/P-10,ARy_clim,,
17211,Sangardak,consistent,T+2/P-10,AR_ens,,
17211,Sangardak,consistent,T+2/P-10,ARy_ens,,
17211,Sangardak,consistent,T+2/P-10,NQ_xgb,-4.554289817810059,-2.400064468383789
17211,Sangardak,consistent,T+2/P-10,DD_uncal,-13.509411829423069,22.737408297749088
17211,Sangardak,consistent,T+2/P-10,DD_cal,-15.963241029436837,29.60655345699894
16176,Padshaata,paper,T+1,OS_xgb,1.3921380043029785,4.486358165740967
16176,Padshaata,paper,T+1,OS_clim,,0.0
16176,Padshaata,paper,T+1,OS_ens,,
16176,Padshaata,paper,T+1,AR_xgb,1.8184737984246802,7.419033252080698
16176,Padshaata,paper,T+1,ARy_xgb,1.7921176201934008,7.713723900150682
16176,Padshaata,paper,T+1,AR_clim,,
16176,Padshaata,paper,T+1,ARy_clim,,
16176,Padshaata,paper,T+1,AR_ens,,
16176,Padshaata,paper,T+1,ARy_ens,,
16176,Padshaata,paper,T+1,NQ_xgb,2.0583629608154297,5.141716957092285
16176,Padshaata,paper,T+1,DD_uncal,-1.0244983780455352,16.974312189458864
16176,Padshaata,paper,T+1,DD_cal,-1.874734606469608,29.866805255973162
16176,Padshaata,paper,T+2,OS_xgb,3.6988139152526855,12.699687957763672
16176,Padshaata,paper,T+2,OS_clim,,0.0
16176,Padshaata,paper,T+2,OS_ens,,
16176,Padshaata,paper,T+2,AR_xgb,6.19644830902375,17.327497707587636
16176,Padshaata,paper,T+2,ARy_xgb,6.907989702860928,18.06102395332305
16176,Padshaata,paper,T+2,AR_clim,,
16176,Padshaata,paper,T+2,ARy_clim,,
16176,Padshaata,paper,T+2,AR_ens,,
16176,Padshaata,paper,T+2,ARy_ens,,
16176,Padshaata,paper,T+2,NQ_xgb,7.016301155090332,13.86159610748291
16176,Padshaata,paper,T+2,DD_uncal,-2.04879840387332,31.620451355582425
16176,Padshaata,paper,T+2,DD_cal,-3.844897934897218,55.281023381931284
16176,Padshaata,paper,T+3,OS_xgb,4.228043556213379,16.99942398071289
16176,Padshaata,paper,T+3,OS_clim,,0.0
16176,Padshaata,paper,T+3,OS_ens,,
16176,Padshaata,paper,T+3,AR_xgb,6.885600641738621,26.558301889804405
16176,Padshaata,paper,T+3,ARy_xgb,8.733149061087309,27.91729630632852
16176,Padshaata,paper,T+3,AR_clim,,
16176,Padshaata,paper,T+3,ARy_clim,,
16176,Padshaata,paper,T+3,AR_ens,,
16176,Padshaata,paper,T+3,ARy_ens,,
16176,Padshaata,paper,T+3,NQ_xgb,8.745908737182617,24.167448043823242
16176,Padshaata,paper,T+3,DD_uncal,-2.9831216231309687,44.57156481042391
16176,Padshaata,paper,T+3,DD_cal,-5.782087680678261,73.79384119697875
16176,Padshaata,paper,P+10,OS_xgb,1.0898709297180176,0.5004763603210449
16176,Padshaata,paper,P+10,OS_clim,,0.0
16176,Padshaata,paper,P+10,OS_ens,,
16176,Padshaata,paper,P+10,AR_xgb,2.7300896273399378,3.182292523590613
16176,Padshaata,paper,P+10,ARy_xgb,4.294802051838031,2.4566062355742435
16176,Padshaata,paper,P+10,AR_clim,,
16176,Padshaata,paper,P+10,ARy_clim,,
16176,Padshaata,paper,P+10,AR_ens,,
16176,Padshaata,paper,P+10,ARy_ens,,
16176,Padshaata,paper,P+10,NQ_xgb,3.744387626647949,1.0484933853149414
16176,Padshaata,paper,P+10,DD_uncal,10.783370670871939,-4.318450773415882
16176,Padshaata,paper,P+10,DD_cal,11.462430784059174,-7.3384763364411585
16176,Padshaata,paper,P-10,OS_xgb,-1.2203872203826904,-0.2794027328491211
16176,Padshaata,paper,P-10,OS_clim,,0.0
16176,Padshaata,paper,P-10,OS_ens,,
16176,Padshaata,paper,P-10,AR_xgb,-5.804259388426969,6.03288601948868
16176,Padshaata,paper,P-10,ARy_xgb,-5.346475190838962,5.098109036701981
16176,Padshaata,paper,P-10,AR_clim,,
16176,Padshaata,paper,P-10,ARy_clim,,
16176,Padshaata,paper,P-10,AR_ens,,
16176,Padshaata,paper,P-10,ARy_ens,,
16176,Padshaata,paper,P-10,NQ_xgb,-2.0279288291931152,-2.4735209941864014
16176,Padshaata,paper,P-10,DD_uncal,-10.78057207766916,3.7405251663263135
16176,Padshaata,paper,P-10,DD_cal,-11.394644029019553,7.2945976870941625
16176,Padshaata,paper,T+2/P-10,OS_xgb,2.5380373001098633,12.88207721710205
16176,Padshaata,paper,T+2/P-10,OS_clim,,0.0
16176,Padshaata,paper,T+2/P-10,OS_ens,,
16176,Padshaata,paper,T+2/P-10,AR_xgb,4.458320012608397,18.6788029000558
16176,Padshaata,paper,T+2/P-10,ARy_xgb,3.2579097844288807,19.604355541774456
16176,Padshaata,paper,T+2/P-10,AR_clim,,
16176,Padshaata,paper,T+2/P-10,ARy_clim,,
16176,Padshaata,paper,T+2/P-10,AR_ens,,
16176,Padshaata,paper,T+2/P-10,ARy_ens,,
16176,Padshaata,paper,T+2/P-10,NQ_xgb,5.457973480224609,12.556112289428711
16176,Padshaata,paper,T+2/P-10,DD_uncal,-12.821399753500772,31.15802773512083
16176,Padshaata,paper,T+2/P-10,DD_cal,-15.157769180229973,54.647587507571714
16176,Padshaata,consistent,T+1,OS_xgb,0.5416274070739746,5.595302581787109
16176,Padshaata,consistent,T+1,OS_clim,,0.0
16176,Padshaata,consistent,T+1,OS_ens,,
16176,Padshaata,consistent,T+1,AR_xgb,-4.766192038828388,19.195460561831034
16176,Padshaata,consistent,T+1,ARy_xgb,-5.349451426910412,20.37622566516526
16176,Padshaata,consistent,T+1,AR_clim,,
16176,Padshaata,consistent,T+1,ARy_clim,,
16176,Padshaata,consistent,T+1,AR_ens,,
16176,Padshaata,consistent,T+1,ARy_ens,,
16176,Padshaata,consistent,T+1,NQ_xgb,-2.6147425174713135,12.024545669555664
16176,Padshaata,consistent,T+1,DD_uncal,-1.0244983780455352,16.974312189458864
16176,Padshaata,consistent,T+1,DD_cal,-1.874734606469608,29.866805255973162
16176,Padshaata,consistent,T+2,OS_xgb,1.3373017311096191,11.064064025878906
16176,Padshaata,consistent,T+2,OS_clim,,0.0
16176,Padshaata,consistent,T+2,OS_ens,,
16176,Padshaata,consistent,T+2,AR_xgb,-2.694368422524873,27.382605092493115
16176,Padshaata,consistent,T+2,ARy_xgb,-2.6802327776175416,27.915135713885384
16176,Padshaata,consistent,T+2,AR_clim,,
16176,Padshaata,consistent,T+2,ARy_clim,,
16176,Padshaata,consistent,T+2,AR_ens,,
16176,Padshaata,consistent,T+2,ARy_ens,,
16176,Padshaata,consistent,T+2,NQ_xgb,-0.8413255214691162,17.803478240966797
16176,Padshaata,consistent,T+2,DD_uncal,-2.04879840387332,31.620451355582425
16176,Padshaata,consistent,T+2,DD_cal,-3.844897934897218,55.281023381931284
16176,Padshaata,consistent,T+3,OS_xgb,0.9997010231018066,13.158966064453125
16176,Padshaata,consistent,T+3,OS_clim,,0.0
16176,Padshaata,consistent,T+3,OS_ens,,
16176,Padshaata,consistent,T+3,AR_xgb,-2.9900556357579045,34.636667196190906
16176,Padshaata,consistent,T+3,ARy_xgb,-2.7790659800492556,36.27377901969709
16176,Padshaata,consistent,T+3,AR_clim,,
16176,Padshaata,consistent,T+3,ARy_clim,,
16176,Padshaata,consistent,T+3,AR_ens,,
16176,Padshaata,consistent,T+3,ARy_ens,,
16176,Padshaata,consistent,T+3,NQ_xgb,-0.8951783180236816,27.292133331298828
16176,Padshaata,consistent,T+3,DD_uncal,-2.9831216231309687,44.57156481042391
16176,Padshaata,consistent,T+3,DD_cal,-5.782087680678261,73.79384119697875
16176,Padshaata,consistent,P+10,OS_xgb,1.2367725372314453,0.3208041191101074
16176,Padshaata,consistent,P+10,OS_clim,,0.0
16176,Padshaata,consistent,P+10,OS_ens,,
16176,Padshaata,consistent,P+10,AR_xgb,5.682959397996701,-2.7478868418652658
16176,Padshaata,consistent,P+10,ARy_xgb,7.677886967004954,-6.648206628996079
16176,Padshaata,consistent,P+10,AR_clim,,
16176,Padshaata,consistent,P+10,ARy_clim,,
16176,Padshaata,consistent,P+10,AR_ens,,
16176,Padshaata,consistent,P+10,ARy_ens,,
16176,Padshaata,consistent,P+10,NQ_xgb,5.16810417175293,-2.2710561752319336
16176,Padshaata,consistent,P+10,DD_uncal,10.783370670871939,-4.318450773415882
16176,Padshaata,consistent,P+10,DD_cal,11.462430784059174,-7.3384763364411585
16176,Padshaata,consistent,P-10,OS_xgb,-1.4460206031799316,0.46597719192504883
16176,Padshaata,consistent,P-10,OS_clim,,0.0
16176,Padshaata,consistent,P-10,OS_ens,,
16176,Padshaata,consistent,P-10,AR_xgb,-7.932406810336823,12.297182337318013
16176,Padshaata,consistent,P-10,ARy_xgb,-9.710969421975513,14.104616970491914
16176,Padshaata,consistent,P-10,AR_clim,,
16176,Padshaata,consistent,P-10,ARy_clim,,
16176,Padshaata,consistent,P-10,AR_ens,,
16176,Padshaata,consistent,P-10,ARy_ens,,
16176,Padshaata,consistent,P-10,NQ_xgb,-4.728513717651367,0.7015466690063477
16176,Padshaata,consistent,P-10,DD_uncal,-10.78057207766916,3.7405251663263135
16176,Padshaata,consistent,P-10,DD_cal,-11.394644029019553,7.2945976870941625
16176,Padshaata,consistent,T+2/P-10,OS_xgb,0.22881031036376953,10.949176788330078
16176,Padshaata,consistent,T+2/P-10,OS_clim,,0.0
16176,Padshaata,consistent,T+2/P-10,OS_ens,,
16176,Padshaata,consistent,T+2/P-10,AR_xgb,-6.029624453764182,28.02873778883528
16176,Padshaata,consistent,T+2/P-10,ARy_xgb,-5.74323409997699,28.709334160566325
16176,Padshaata,consistent,T+2/P-10,AR_clim,,
16176,Padshaata,consistent,T+2/P-10,ARy_clim,,
16176,Padshaata,consistent,T+2/P-10,AR_ens,,
16176,Padshaata,consistent,T+2/P-10,ARy_ens,,
16176,Padshaata,consistent,T+2/P-10,NQ_xgb,-3.144514560699463,16.400718688964844
16176,Padshaata,consistent,T+2/P-10,DD_uncal,-12.821399753500772,31.15802773512083
16176,Padshaata,consistent,T+2/P-10,DD_cal,-15.157769180229973,54.647587507571714
16202,Chadak,paper,T+1,OS_xgb,-0.298076868057251,3.1269192695617676
16202,Chadak,paper,T+1,OS_clim,,0.0
16202,Chadak,paper,T+1,OS_ens,,
16202,Chadak,paper,T+1,AR_xgb,3.7008119754787794,7.622696044390276
16202,Chadak,paper,T+1,ARy_xgb,4.013598244464767,7.402724233688529
16202,Chadak,paper,T+1,AR_clim,,
16202,Chadak,paper,T+1,ARy_clim,,
16202,Chadak,paper,T+1,AR_ens,,
16202,Chadak,paper,T+1,ARy_ens,,
16202,Chadak,paper,T+1,NQ_xgb,5.650079250335693,28.14429473876953
16202,Chadak,paper,T+1,DD_uncal,-1.587168488762103,7.8254793191575915
16202,Chadak,paper,T+1,DD_cal,-2.787113563169674,15.449932156114777
16202,Chadak,paper,T+2,OS_xgb,-0.4235386848449707,3.3970894813537598
16202,Chadak,paper,T+2,OS_clim,,0.0
16202,Chadak,paper,T+2,OS_ens,,
16202,Chadak,paper,T+2,AR_xgb,3.7032983940627373,12.555351244736801
16202,Chadak,paper,T+2,ARy_xgb,4.161283356263223,12.191942130861012
16202,Chadak,paper,T+2,AR_clim,,
16202,Chadak,paper,T+2,ARy_clim,,
16202,Chadak,paper,T+2,AR_ens,,
16202,Chadak,paper,T+2,ARy_ens,,
16202,Chadak,paper,T+2,NQ_xgb,14.087629318237305,43.625396728515625
16202,Chadak,paper,T+2,DD_uncal,-3.601321019377357,14.804057109995462
16202,Chadak,paper,T+2,DD_cal,-5.962581665240352,28.25662279203145
16202,Chadak,paper,T+3,OS_xgb,-0.12967586517333984,4.875087738037109
16202,Chadak,paper,T+3,OS_clim,,0.0
16202,Chadak,paper,T+3,OS_ens,,
16202,Chadak,paper,T+3,AR_xgb,7.443743632381938,20.006167122244378
16202,Chadak,paper,T+3,ARy_xgb,8.530323000816153,21.208634769557687
16202,Chadak,paper,T+3,AR_clim,,
16202,Chadak,paper,T+3,ARy_clim,,
16202,Chadak,paper,T+3,AR_ens,,
16202,Chadak,paper,T+3,ARy_ens,,
16202,Chadak,paper,T+3,NQ_xgb,19.447528839111328,52.733184814453125
16202,Chadak,paper,T+3,DD_uncal,-5.616629233966341,19.253477332231405
16202,Chadak,paper,T+3,DD_cal,-9.598838093051176,34.98204284439983
16202,Chadak,paper,P+10,OS_xgb,3.0083417892456055,3.1877875328063965
16202,Chadak,paper,P+10,OS_clim,,0.0
16202,Chadak,paper,P+10,OS_ens,,
16202,Chadak,paper,P+10,AR_xgb,9.9298819206161,-5.728989352037939
16202,Chadak,paper,P+10,ARy_xgb,11.415028812633498,-3.537881248135543
16202,Chadak,paper,P+10,AR_clim,,
16202,Chadak,paper,P+10,ARy_clim,,
16202,Chadak,paper,P+10,AR_ens,,
16202,Chadak,paper,P+10,ARy_ens,,
16202,Chadak,paper,P+10,NQ_xgb,5.1160454750061035,7.782435417175293
16202,Chadak,paper,P+10,DD_uncal,11.580953884529489,-2.468499181739837
16202,Chadak,paper,P+10,DD_cal,12.55141038714247,-8.27454699690755
16202,Chadak,paper,P-10,OS_xgb,-2.3764729499816895,-1.8328487873077393
16202,Chadak,paper,P-10,OS_clim,,0.0
16202,Chadak,paper,P-10,OS_ens,,
16202,Chadak,paper,P-10,AR_xgb,-8.702063415321327,0.3034419365084755
16202,Chadak,paper,P-10,ARy_xgb,-8.620184050655578,0.32484339252961725
16202,Chadak,paper,P-10,AR_clim,,
16202,Chadak,paper,P-10,ARy_clim,,
16202,Chadak,paper,P-10,AR_ens,,
16202,Chadak,paper,P-10,ARy_ens,,
16202,Chadak,paper,P-10,NQ_xgb,-3.5843372344970703,-17.541725158691406
16202,Chadak,paper,P-10,DD_uncal,-11.523810228392616,2.209149995533876
16202,Chadak,paper,P-10,DD_cal,-12.352445482691198,5.612479483383737
16202,Chadak,paper,T+2/P-10,OS_xgb,-1.8506884574890137,2.898174285888672
16202,Chadak,paper,T+2/P-10,OS_clim,,0.0
16202,Chadak,paper,T+2/P-10,OS_ens,,
16202,Chadak,paper,T+2/P-10,AR_xgb,-0.8819544689828596,12.828039193235231
16202,Chadak,paper,T+2/P-10,ARy_xgb,-0.011321108793005408,13.907474574116996
16202,Chadak,paper,T+2/P-10,AR_clim,,
16202,Chadak,paper,T+2/P-10,ARy_clim,,
16202,Chadak,paper,T+2/P-10,AR_ens,,
16202,Chadak,paper,T+2/P-10,ARy_ens,,
16202,Chadak,paper,T+2/P-10,NQ_xgb,9.95628833770752,24.527294158935547
16202,Chadak,paper,T+2/P-10,DD_uncal,-14.995520832955778,15.091186485742869
16202,Chadak,paper,T+2/P-10,DD_cal,-17.842488436004565,29.330484233983046
16202,Chadak,consistent,T+1,OS_xgb,-0.6061911582946777,1.7855644226074219
16202,Chadak,consistent,T+1,OS_clim,,0.0
16202,Chadak,consistent,T+1,OS_ens,,
16202,Chadak,consistent,T+1,AR_xgb,2.3284212209194077,8.795656390353413
16202,Chadak,consistent,T+1,ARy_xgb,4.252154754269721,8.897099213925797
16202,Chadak,consistent,T+1,AR_clim,,
16202,Chadak,consistent,T+1,ARy_clim,,
16202,Chadak,consistent,T+1,AR_ens,,
16202,Chadak,consistent,T+1,ARy_ens,,
16202,Chadak,consistent,T+1,NQ_xgb,3.553152084350586,25.789392471313477
16202,Chadak,consistent,T+1,DD_uncal,-1.587168488762103,7.8254793191575915
16202,Chadak,consistent,T+1,DD_cal,-2.787113563169674,15.449932156114777
16202,Chadak,consistent,T+2,OS_xgb,-1.8042206764221191,0.677544116973877
16202,Chadak,consistent,T+2,OS_clim,,0.0
16202,Chadak,consistent,T+2,OS_ens,,
16202,Chadak,consistent,T+2,AR_xgb,2.950412132623925,19.98315367817539
16202,Chadak,consistent,T+2,ARy_xgb,2.853599453572686,21.289458922055204
16202,Chadak,consistent,T+2,AR_clim,,
16202,Chadak,consistent,T+2,ARy_clim,,
16202,Chadak,consistent,T+2,AR_ens,,
16202,Chadak,consistent,T+2,ARy_ens,,
16202,Chadak,consistent,T+2,NQ_xgb,8.223891258239746,33.97087860107422
16202,Chadak,consistent,T+2,DD_uncal,-3.601321019377357,14.804057109995462
16202,Chadak,consistent,T+2,DD_cal,-5.962581665240352,28.25662279203145
16202,Chadak,consistent,T+3,OS_xgb,-3.630995750427246,-1.6372442245483398
16202,Chadak,consistent,T+3,OS_clim,,0.0
16202,Chadak,consistent,T+3,OS_ens,,
16202,Chadak,consistent,T+3,AR_xgb,0.7381925517147669,23.398261720865634
16202,Chadak,consistent,T+3,ARy_xgb,-3.3536975562813764,24.38751363195808
16202,Chadak,consistent,T+3,AR_clim,,
16202,Chadak,consistent,T+3,ARy_clim,,
16202,Chadak,consistent,T+3,AR_ens,,
16202,Chadak,consistent,T+3,ARy_ens,,
16202,Chadak,consistent,T+3,NQ_xgb,6.298947334289551,33.93333435058594
16202,Chadak,consistent,T+3,DD_uncal,-5.616629233966341,19.253477332231405
16202,Chadak,consistent,T+3,DD_cal,-9.598838093051176,34.98204284439983
16202,Chadak,consistent,P+10,OS_xgb,2.7344465255737305,1.9156217575073242
16202,Chadak,consistent,P+10,OS_clim,,0.0
16202,Chadak,consistent,P+10,OS_ens,,
16202,Chadak,consistent,P+10,AR_xgb,12.169323052120994,-12.245822840930408
16202,Chadak,consistent,P+10,ARy_xgb,10.390148320657744,-7.238954315802637
16202,Chadak,consistent,P+10,AR_clim,,
16202,Chadak,consistent,P+10,ARy_clim,,
16202,Chadak,consistent,P+10,AR_ens,,
16202,Chadak,consistent,P+10,ARy_ens,,
16202,Chadak,consistent,P+10,NQ_xgb,7.260096073150635,1.05363130569458
16202,Chadak,consistent,P+10,DD_uncal,11.580953884529489,-2.468499181739837
16202,Chadak,consistent,P+10,DD_cal,12.55141038714247,-8.27454699690755
16202,Chadak,consistent,P-10,OS_xgb,-2.535158395767212,-2.091270685195923
16202,Chadak,consistent,P-10,OS_clim,,0.0
16202,Chadak,consistent,P-10,OS_ens,,
16202,Chadak,consistent,P-10,AR_xgb,-6.186713436462965,0.6233571914526896
16202,Chadak,consistent,P-10,ARy_xgb,-5.816188948767831,3.183907351879988
16202,Chadak,consistent,P-10,AR_clim,,
16202,Chadak,consistent,P-10,ARy_clim,,
16202,Chadak,consistent,P-10,AR_ens,,
16202,Chadak,consistent,P-10,ARy_ens,,
16202,Chadak,consistent,P-10,NQ_xgb,-3.804337978363037,-17.609535217285156
16202,Chadak,consistent,P-10,DD_uncal,-11.523810228392616,2.209149995533876
16202,Chadak,consistent,P-10,DD_cal,-12.352445482691198,5.612479483383737
16202,Chadak,consistent,T+2/P-10,OS_xgb,-3.427457809448242,0.027167797088623047
16202,Chadak,consistent,T+2/P-10,OS_clim,,0.0
16202,Chadak,consistent,T+2/P-10,OS_ens,,
16202,Chadak,consistent,T+2/P-10,AR_xgb,-6.720148328996678,23.30629411604772
16202,Chadak,consistent,T+2/P-10,ARy_xgb,-4.42663819990382,29.07435626252387
16202,Chadak,consistent,T+2/P-10,AR_clim,,
16202,Chadak,consistent,T+2/P-10,ARy_clim,,
16202,Chadak,consistent,T+2/P-10,AR_ens,,
16202,Chadak,consistent,T+2/P-10,ARy_ens,,
16202,Chadak,consistent,T+2/P-10,NQ_xgb,2.695167064666748,12.507414817810059
16202,Chadak,consistent,T+2/P-10,DD_uncal,-14.995520832955778,15.091186485742869
16202,Chadak,consistent,T+2/P-10,DD_cal,-17.842488436004565,29.330484233983046
