gauge,basin,source,NSE_eval,NSE_cal,w_xgb,phi,DDF,k,aet_c,T50
17288,Zeravshan,OS_xgb,0.967853756519922,,,,,,,
17288,Zeravshan,OS_clim,0.9221116265331369,,,,,,,
17288,Zeravshan,OS_ens,,,,,,,,
17288,Zeravshan,AR_xgb,0.9545118463778051,,,,,,,
17288,Zeravshan,ARy_xgb,0.9552317286214894,,,,,,,
17288,Zeravshan,AR_clim,,,,,,,,
17288,Zeravshan,ARy_clim,,,,,,,,
17288,Zeravshan,AR_ens,,,,,,,,
17288,Zeravshan,ARy_ens,,,,,,,,
17288,Zeravshan,NQ_xgb,0.9444352067173284,,,,,,,
17288,Zeravshan,DD_cal,0.8457317164006035,0.8134505644197334,,0.6401953268312655,1.5,0.22,0.1,1.0
16279,Chatkal,OS_xgb,0.947838913585015,,,,,,,
16279,Chatkal,OS_clim,0.9271599222107842,,,,,,,
16279,Chatkal,OS_ens,,,,,,,,
16279,Chatkal,AR_xgb,0.9139489439798409,,,,,,,
16279,Chatkal,ARy_xgb,0.9201957578267446,,,,,,,
16279,Chatkal,AR_clim,,,,,,,,
16279,Chatkal,ARy_clim,,,,,,,,
16279,Chatkal,AR_ens,,,,,,,,
16279,Chatkal,ARy_ens,,,,,,,,
16279,Chatkal,NQ_xgb,0.8592568357165137,,,,,,,
16279,Chatkal,DD_cal,0.7188239620197022,0.7443589330594004,,0.8757050661027967,7.0,0.15,0.65,-1.0
16290,Pskem,OS_xgb,0.9688435223961774,,,,,,,
16290,Pskem,OS_clim,0.9434565991691215,,,,,,,
16290,Pskem,OS_ens,,,,,,,,
16290,Pskem,AR_xgb,0.944576049480889,,,,,,,
16290,Pskem,ARy_xgb,0.9534913693313946,,,,,,,
16290,Pskem,AR_clim,,,,,,,,
16290,Pskem,ARy_clim,,,,,,,,
16290,Pskem,AR_ens,,,,,,,,
16290,Pskem,ARy_ens,,,,,,,,
16290,Pskem,NQ_xgb,0.9313031537954811,,,,,,,
16290,Pskem,DD_cal,0.8150598997629279,0.8220599519754945,,0.8385374558851579,3.5,0.15,0.65,-1.0
16300,Ugam,OS_xgb,0.9342706720150125,,,,,,,
16300,Ugam,OS_clim,0.8760081236642554,,,,,,,
16300,Ugam,OS_ens,,,,,,,,
16300,Ugam,AR_xgb,0.899222055113698,,,,,,,
16300,Ugam,ARy_xgb,0.9087920025851585,,,,,,,
16300,Ugam,AR_clim,,,,,,,,
16300,Ugam,ARy_clim,,,,,,,,
16300,Ugam,AR_ens,,,,,,,,
16300,Ugam,ARy_ens,,,,,,,,
16300,Ugam,NQ_xgb,0.9009307029198627,,,,,,,
16300,Ugam,DD_cal,0.8061488302217598,0.8246281182017909,,0.8350450009698364,7.0,0.15,0.35,-1.0
16936,Naryn,OS_xgb,0.9132249825872232,,,,,,,
16936,Naryn,OS_clim,0.8243831128107093,,,,,,,
16936,Naryn,OS_ens,,,,,,,,
16936,Naryn,AR_xgb,0.8952378610632471,,,,,,,
16936,Naryn,ARy_xgb,0.8946853744285064,,,,,,,
16936,Naryn,AR_clim,,,,,,,,
16936,Naryn,ARy_clim,,,,,,,,
16936,Naryn,AR_ens,,,,,,,,
16936,Naryn,ARy_ens,,,,,,,,
16936,Naryn,NQ_xgb,0.8606215160033944,,,,,,,
16936,Naryn,DD_cal,0.6293516398949645,0.7000484768292746,,0.6500663720359091,1.5,0.15,0.65,0.0
17202,Karatag,OS_xgb,0.9211284781493974,,,,,,,
17202,Karatag,OS_clim,0.8976239205290031,,,,,,,
17202,Karatag,OS_ens,,,,,,,,
17202,Karatag,AR_xgb,0.8976321248752512,,,,,,,
17202,Karatag,ARy_xgb,0.8971610119953237,,,,,,,
17202,Karatag,AR_clim,,,,,,,,
17202,Karatag,ARy_clim,,,,,,,,
17202,Karatag,AR_ens,,,,,,,,
17202,Karatag,ARy_ens,,,,,,,,
17202,Karatag,NQ_xgb,0.9018421589142664,,,,,,,
17202,Karatag,DD_cal,0.7439558787636814,0.7869784343469155,,0.7158762181350653,1.5,0.15,0.65,-1.0
17211,Sangardak,OS_xgb,0.9112266234578692,,,,,,,
17211,Sangardak,OS_clim,0.8775791209975339,,,,,,,
17211,Sangardak,OS_ens,,,,,,,,
17211,Sangardak,AR_xgb,0.8713702352443781,,,,,,,
17211,Sangardak,ARy_xgb,0.8798444800924702,,,,,,,
17211,Sangardak,AR_clim,,,,,,,,
17211,Sangardak,ARy_clim,,,,,,,,
17211,Sangardak,AR_ens,,,,,,,,
17211,Sangardak,ARy_ens,,,,,,,,
17211,Sangardak,NQ_xgb,0.8613333344407642,,,,,,,
17211,Sangardak,DD_cal,0.8380188700605905,0.8440351234665332,,0.7381471399081041,2.5,0.22,0.65,-1.0
16176,Padshaata,OS_xgb,0.9108661334590229,,,,,,,
16176,Padshaata,OS_clim,0.8970420152862879,,,,,,,
16176,Padshaata,OS_ens,,,,,,,,
16176,Padshaata,AR_xgb,0.7759179172048754,,,,,,,
16176,Padshaata,ARy_xgb,0.7821812918895503,,,,,,,
16176,Padshaata,AR_clim,,,,,,,,
16176,Padshaata,ARy_clim,,,,,,,,
16176,Padshaata,AR_ens,,,,,,,,
16176,Padshaata,ARy_ens,,,,,,,,
16176,Padshaata,NQ_xgb,0.7956846614771029,,,,,,,
16176,Padshaata,DD_cal,0.5800477807629582,0.7540838063981681,,0.7989843610610541,2.5,0.22,0.65,-1.0
16202,Chadak,OS_xgb,0.8644700226448884,,,,,,,
16202,Chadak,OS_clim,0.8533680577579589,,,,,,,
16202,Chadak,OS_ens,,,,,,,,
16202,Chadak,AR_xgb,0.804644182715488,,,,,,,
16202,Chadak,ARy_xgb,0.8014854988281696,,,,,,,
16202,Chadak,AR_clim,,,,,,,,
16202,Chadak,ARy_clim,,,,,,,,
16202,Chadak,AR_ens,,,,,,,,
16202,Chadak,ARy_ens,,,,,,,,
16202,Chadak,NQ_xgb,0.795737226969606,,,,,,,
16202,Chadak,DD_cal,0.7662767876151091,0.7265371184510399,,0.786486711347901,1.5,0.22,0.65,2.5
