scenario,variant,source,seas_med,ratio_cal,ratio_uncal,sign_ok
T+1,DD2_T0,AR_ens,6.25629242079394,0.2760857247323977,0.3501664221808477,9
T+1,DD2_T0,AR_xgb,9.235966775595404,0.3556872982598847,0.6138881972974907,9
T+1,DD2_T0,NQ_xgb,7.778966426849365,0.3054972079623513,0.5375313894675078,9
T+1,DD2_T0,OS_ens,1.663577520674242,0.10174437892869216,0.1694267341150357,8
T+1,DD2_T0,OS_xgb,3.162062168121338,0.19139608696258717,0.3021557588469211,8
T+1,DD2_T1,AR_ens,6.853732864533823,0.2551405781002952,0.3802416004320724,9
T+1,DD2_T1,AR_xgb,10.466216459247368,0.38572581109571175,0.6173710935050265,9
T+1,DD2_T1,NQ_xgb,8.079402923583984,0.38334576805045806,0.5713086073868997,9
T+1,DD2_T1,OS_ens,1.8099992532004783,0.10620900751261018,0.13921259579689546,9
T+1,DD2_T1,OS_xgb,3.444164991378784,0.19977375232517203,0.24827844360703216,9
T+1,DD2_T2,AR_ens,5.055713162123865,0.26376678609760934,0.33598806350803373,9
T+1,DD2_T2,AR_xgb,10.409136662268804,0.4378671400289399,0.5374332527921085,9
T+1,DD2_T2,NQ_xgb,10.674459457397461,0.36971143443100096,0.6288596167110886,9
T+1,DD2_T2,OS_ens,1.83275707834335,0.0997296081239752,0.13863331621005437,9
T+1,DD2_T2,OS_xgb,3.4893453121185303,0.18799443906059357,0.2341693836420453,9
T+1,DD4_T0,AR_ens,6.577966992570405,0.21091876440649926,0.31029700636280166,8
T+1,DD4_T0,AR_xgb,10.078499663505703,0.41312997095670734,0.6156966583390062,8
T+1,DD4_T0,NQ_xgb,8.97507095336914,0.28778053737322995,0.42337361252643485,5
T+1,DD4_T0,OS_ens,2.086799342296497,0.06691203214284927,0.12125982025817691,8
T+1,DD4_T0,OS_xgb,3.9106667041778564,0.12653600000705825,0.21484168354948485,8
T+1,DD4_T1,AR_ens,7.09031068054915,0.22734677289939673,0.3344653721798152,8
T+1,DD4_T1,AR_xgb,8.795656390353413,0.43727430295496167,0.6516794859579459,8
T+1,DD4_T1,NQ_xgb,10.916519165039062,0.35003196831338673,0.5149559462125131,5
T+1,DD4_T1,OS_ens,2.1636338849644887,0.0748601952048463,0.13814885733220977,7
T+1,DD4_T1,OS_xgb,4.047572612762451,0.14004313668907065,0.2290366981521315,7
T+1,DD4_T2,AR_ens,7.240537611655706,0.2578019738490623,0.3415519031779314,8
T+1,DD4_T2,AR_xgb,12.758498752264945,0.43545096473427036,0.6597383688749403,8
T+1,DD4_T2,NQ_xgb,11.18779182434082,0.3587301716004838,0.5277524674149583,6
T+1,DD4_T2,OS_ens,2.56778821824708,0.08233466644967262,0.1211281537282985,8
T+1,DD4_T2,OS_xgb,4.868406295776367,0.15610267453359875,0.2296533109763935,8
T+1,DD6_T0,AR_ens,4.159565442880164,0.16149111351800693,0.2148870341686259,8
T+1,DD6_T0,AR_xgb,8.008515029356754,0.23800114579376697,0.4137273632030504,8
T+1,DD6_T0,NQ_xgb,4.742545127868652,0.17460622523931915,0.24500430896764752,5
T+1,DD6_T0,OS_ens,1.0797731747173023,0.03462231174280537,0.05125149054346308,8
T+1,DD6_T0,OS_xgb,2.035069465637207,0.06525334311625466,0.09612801475320004,8
T+1,DD6_T1,AR_ens,4.067231306717489,0.18498556493476545,0.21011696649088774,8
T+1,DD6_T1,AR_xgb,7.418181549267834,0.2576854290805923,0.45352826070578006,8
T+1,DD6_T1,NQ_xgb,4.459702968597412,0.21655797007007876,0.23039241895695395,5
T+1,DD6_T1,OS_ens,1.2614234100176258,0.06467737066893768,0.0846944858422363,8
T+1,DD6_T1,OS_xgb,2.3840367794036865,0.11914412329524394,0.15055502589841435,8
T+1,DD6_T2,AR_ens,4.8976032451715446,0.20204427391405633,0.23405739201530798,8
T+1,DD6_T2,AR_xgb,8.395153601752291,0.3069623575192063,0.4889533566502183,8
T+1,DD6_T2,NQ_xgb,6.61793327331543,0.22076526149128978,0.32478286103375953,5
T+1,DD6_T2,OS_ens,1.441030660795839,0.04932940913526346,0.07257186444928002,8
T+1,DD6_T2,OS_xgb,2.5659501552581787,0.09332488685875816,0.132559380603509,8
T+1,empirical,AR_ens,4.660996983140919,0.19849823492819108,0.3056644754020379,8
T+1,empirical,AR_xgb,8.5590974435371,0.4694315076238721,0.6906127670430054,7
T+1,empirical,NQ_xgb,2.3910999298095703,0.09799467188541013,0.156400503286135,7
T+1,empirical,OS_ens,1.5625136986899046,0.06131192509862275,0.09020016244631826,7
T+1,empirical,OS_xgb,2.6144325733184814,0.11610989076288074,0.17081719407096824,7
T+2,DD2_T0,AR_ens,10.247658893064315,0.21752395155332777,0.35982489404139295,9
T+2,DD2_T0,AR_xgb,17.513507304296173,0.3819548481942166,0.6543822417139996,9
T+2,DD2_T0,NQ_xgb,16.35245704650879,0.2958059754706644,0.5171481223534733,8
T+2,DD2_T0,OS_ens,3.895260372661613,0.11980825935993938,0.11658263675452502,7
T+2,DD2_T0,OS_xgb,7.408827781677246,0.22261479457568897,0.21834337698864592,7
T+2,DD2_T1,AR_ens,10.351600929075012,0.22851130686824317,0.3641848062032118,9
T+2,DD2_T1,AR_xgb,18.624510751349057,0.38414747504741853,0.635451055013217,9
T+2,DD2_T1,NQ_xgb,15.949172019958496,0.2908684534775556,0.5653509287496901,9
T+2,DD2_T1,OS_ens,4.088605549097723,0.12947782369270364,0.11665999351358133,8
T+2,DD2_T1,OS_xgb,7.778584957122803,0.24358925367227527,0.21840191001008602,8
T+2,DD2_T2,AR_ens,10.614454129657268,0.23849432251061242,0.32577265933143323,9
T+2,DD2_T2,AR_xgb,20.162015117120635,0.39331790044668735,0.6018266254799968,9
T+2,DD2_T2,NQ_xgb,16.866636276245117,0.3522081824266193,0.6228727256820019,9
T+2,DD2_T2,OS_ens,4.446708549833611,0.12907280695829976,0.11518682632374859,8
T+2,DD2_T2,OS_xgb,8.462190628051758,0.24284475282404602,0.21586384953562981,8
T+2,DD4_T0,AR_ens,12.648648723823941,0.19802007250873369,0.26940319290861925,8
T+2,DD4_T0,AR_xgb,18.316433170406754,0.413564349286462,0.4240454506381412,8
T+2,DD4_T0,NQ_xgb,18.68300437927246,0.3192452356387845,0.43905880416056525,6
T+2,DD4_T0,OS_ens,4.0965921882052285,0.0696506430346044,0.11193730493094946,7
T+2,DD4_T0,OS_xgb,7.667934894561768,0.12716608768000054,0.210356255935783,7
T+2,DD4_T1,AR_ens,13.530962030144277,0.2179293302151099,0.28819555777370964,8
T+2,DD4_T1,AR_xgb,19.98315367817539,0.46337646826868895,0.46514545984529493,8
T+2,DD4_T1,NQ_xgb,17.803478240966797,0.3220540639771496,0.5038611128035044,7
T+2,DD4_T1,OS_ens,4.433506795355823,0.0828985025018578,0.12821349926814846,8
T+2,DD4_T1,OS_xgb,8.297514915466309,0.15477385863594278,0.2430640366304481,8
T+2,DD4_T2,AR_ens,13.855323482862648,0.2552857021177103,0.35109509110392223,8
T+2,DD4_T2,AR_xgb,20.068437810783344,0.4665171823913214,0.5099192788905708,8
T+2,DD4_T2,NQ_xgb,17.754627227783203,0.3211703789403136,0.5329621464847124,7
T+2,DD4_T2,OS_ens,5.110450761346952,0.09271194127640775,0.13403399101956323,8
T+2,DD4_T2,OS_xgb,9.515941619873047,0.16894696506357204,0.2542953236839675,8
T+2,DD6_T0,AR_ens,5.762660298829725,0.19531605164313454,0.23760950342563872,8
T+2,DD6_T0,AR_xgb,10.03739238529966,0.3520973588593501,0.4193630043271993,8
T+2,DD6_T0,NQ_xgb,5.340570449829102,0.12567876025274508,0.15140310713505026,8
T+2,DD6_T0,OS_ens,1.7301481911146999,0.03654631719045152,0.044893213893122036,7
T+2,DD6_T0,OS_xgb,3.298283100128174,0.0633651806917702,0.07819521441659331,7
T+2,DD6_T1,AR_ens,6.34293980213274,0.2142734072193764,0.2460063239839981,8
T+2,DD6_T1,AR_xgb,10.428500244375849,0.3803118667471128,0.43859216687062774,8
T+2,DD6_T1,NQ_xgb,6.6579461097717285,0.16514726529672955,0.18875019768523366,8
T+2,DD6_T1,OS_ens,1.9985456098256194,0.037180723670213175,0.042700226284777716,8
T+2,DD6_T1,OS_xgb,3.7826895713806152,0.07013083211424313,0.08056739265694378,7
T+2,DD6_T2,AR_ens,7.205401115332444,0.20770167660743283,0.2675421616979463,8
T+2,DD6_T2,AR_xgb,11.227915146764978,0.4435126454965389,0.43935488027133734,8
T+2,DD6_T2,NQ_xgb,13.748669624328613,0.21886903682809591,0.3010111564710974,7
T+2,DD6_T2,OS_ens,2.3387402774137867,0.046079879909760875,0.04981275959798993,7
T+2,DD6_T2,OS_xgb,4.411935806274414,0.08723933759360769,0.09396968949572157,7
T+2,empirical,AR_ens,9.945307382530434,0.2497757949352213,0.33496402122326396,8
T+2,empirical,AR_xgb,17.985881273903495,0.379646286205823,0.5443828095654075,8
T+2,empirical,NQ_xgb,10.960447311401367,0.19130429327117757,0.3770331811030233,8
T+2,empirical,OS_ens,4.4456623393727135,0.05724149377732664,0.09468802992091707,7
T+2,empirical,OS_xgb,8.19761848449707,0.10555095993535298,0.17460083224625786,7
T+3,DD2_T0,AR_ens,16.781445307519505,0.2274098357710449,0.4030225959278613,9
T+3,DD2_T0,AR_xgb,29.40445600617172,0.39612471267319527,0.6558343703106481,9
T+3,DD2_T0,NQ_xgb,23.363624572753906,0.34270209755381265,0.6530516604559952,7
T+3,DD2_T0,OS_ens,7.270646877906928,0.11380170808601606,0.11826992587377506,7
T+3,DD2_T0,OS_xgb,13.821220397949219,0.21258981171655209,0.22482658550199597,7
T+3,DD2_T1,AR_ens,16.222635215325333,0.22151210656825257,0.39217795826035023,9
T+3,DD2_T1,AR_xgb,27.09233245714897,0.3778164878932465,0.6677518679285188,9
T+3,DD2_T1,NQ_xgb,25.065876007080078,0.33486715060041666,0.6337937642584467,9
T+3,DD2_T1,OS_ens,6.714540293793259,0.10240702945525566,0.10922386909430237,7
T+3,DD2_T1,OS_xgb,12.769275665283203,0.19112968206534278,0.20771484460122844,7
T+3,DD2_T2,AR_ens,17.956230323066833,0.24578056241349786,0.4072948484297575,9
T+3,DD2_T2,AR_xgb,29.728080317345885,0.4141658441990354,0.6886362372193303,9
T+3,DD2_T2,NQ_xgb,26.932024002075195,0.3649630316734053,0.6705472341978966,9
T+3,DD2_T2,OS_ens,6.960632694370583,0.11678513040545127,0.1132269970777038,8
T+3,DD2_T2,OS_xgb,13.24637508392334,0.2190841501828551,0.215475710150682,8
T+3,DD4_T0,AR_ens,17.272915448139493,0.2360612297114439,0.2784276623209579,8
T+3,DD4_T0,AR_xgb,22.63816949950096,0.42642301339882294,0.4703698827406081,8
T+3,DD4_T0,NQ_xgb,21.213912963867188,0.27958843100124664,0.40052047440595334,7
T+3,DD4_T0,OS_ens,6.013904529247604,0.05317206497800795,0.09782678966948162,6
T+3,DD4_T0,OS_xgb,11.289590835571289,0.09767244919760999,0.18532562204763942,6
T+3,DD4_T1,AR_ens,18.93105801784569,0.2465207700907844,0.35465402814254515,8
T+3,DD4_T1,AR_xgb,23.398261720865634,0.4318858577673204,0.48157990872860845,8
T+3,DD4_T1,NQ_xgb,27.292133331298828,0.3017585347200857,0.4445594121650272,8
T+3,DD4_T1,OS_ens,6.169382999852235,0.06457659157217788,0.10035592187768361,6
T+3,DD4_T1,OS_xgb,11.685037612915039,0.11829174678928954,0.1900777957613562,6
T+3,DD4_T2,AR_ens,19.56632837851775,0.2625520366627338,0.33860682946048065,8
T+3,DD4_T2,AR_xgb,24.025116488607058,0.44973460544551774,0.613567575589604,8
T+3,DD4_T2,NQ_xgb,26.692163467407227,0.32746921215667235,0.48899687716171203,8
T+3,DD4_T2,OS_ens,6.64418974914478,0.07097313972407421,0.10807949310679044,6
T+3,DD4_T2,OS_xgb,12.598716735839844,0.12998620196867636,0.20494040206796876,6
T+3,DD6_T0,AR_ens,9.693510475509925,0.24086231803305821,0.27266350459274546,8
T+3,DD6_T0,AR_xgb,12.99634585744458,0.326215605389656,0.45114487609799275,8
T+3,DD6_T0,NQ_xgb,7.754665374755859,0.10049912154945993,0.14493364818197138,8
T+3,DD6_T0,OS_ens,1.5712977781928483,0.02450573736000303,0.03320086017516111,8
T+3,DD6_T0,OS_xgb,3.1122679710388184,0.04235541692509993,0.0625760749465381,8
T+3,DD6_T1,AR_ens,9.693021735786079,0.2414509255560107,0.27332982629615055,8
T+3,DD6_T1,AR_xgb,14.806551414464431,0.34272024829909703,0.43689151245277585,8
T+3,DD6_T1,NQ_xgb,10.660123825073242,0.12053471366452566,0.20953248334780641,8
T+3,DD6_T1,OS_ens,1.9665639670254587,0.019164858916159145,0.03169967512360545,8
T+3,DD6_T1,OS_xgb,3.8390517234802246,0.03595357744860764,0.06188290564538003,8
T+3,DD6_T2,AR_ens,9.447836060102087,0.23180391532016392,0.2692796134347408,8
T+3,DD6_T2,AR_xgb,18.079889472435017,0.38534474726300344,0.5334767047021305,8
T+3,DD6_T2,NQ_xgb,13.414823532104492,0.1516822824796077,0.272115615409405,8
T+3,DD6_T2,OS_ens,2.302119897575694,0.03323437712044852,0.037108608757394475,7
T+3,DD6_T2,OS_xgb,4.460024833679199,0.06266317154971213,0.07189257031119636,7
T+3,empirical,AR_ens,17.698677360410464,0.35116341097867426,0.39997619439732646,9
T+3,empirical,AR_xgb,25.909349139183092,0.43346497565904013,0.7071951112250109,8
T+3,empirical,NQ_xgb,23.316574096679688,0.39230679429322657,0.44410327975360253,8
T+3,empirical,OS_ens,6.790372181728288,0.05874658432022505,0.11045740882131029,8
T+3,empirical,OS_xgb,12.471747398376465,0.1082718180001263,0.20948462135124143,8
