gauge,basin,scenario,out_of_range_pct
17288,Zeravshan,T+1,0.0
17288,Zeravshan,T+2,5.0
17288,Zeravshan,T+3,8.88888888888889
17288,Zeravshan,P+10,0.5555555555555556
17288,Zeravshan,P-10,0.0
17288,Zeravshan,T+2/P-10,5.0
16279,Chatkal,T+1,2.2222222222222223
16279,Chatkal,T+2,3.888888888888889
16279,Chatkal,T+3,5.0
16279,Chatkal,P+10,0.5555555555555556
16279,Chatkal,P-10,0.0
16279,Chatkal,T+2/P-10,3.3333333333333335
16290,Pskem,T+1,1.1111111111111112
16290,Pskem,T+2,2.2222222222222223
16290,Pskem,T+3,5.555555555555555
16290,Pskem,P+10,1.6666666666666667
16290,Pskem,P-10,0.0
16290,Pskem,T+2/P-10,1.6666666666666667
16300,Ugam,T+1,1.1111111111111112
16300,Ugam,T+2,1.6666666666666667
16300,Ugam,T+3,7.222222222222221
16300,Ugam,P+10,1.1111111111111112
16300,Ugam,P-10,0.0
16300,Ugam,T+2/P-10,1.6666666666666667
16936,Naryn,T+1,1.6666666666666667
16936,Naryn,T+2,1.6666666666666667
16936,Naryn,T+3,6.111111111111111
16936,Naryn,P+10,1.6666666666666667
16936,Naryn,P-10,1.1111111111111112
16936,Naryn,T+2/P-10,1.6666666666666667
17202,Karatag,T+1,0.5555555555555556
17202,Karatag,T+2,1.6666666666666667
17202,Karatag,T+3,8.333333333333332
17202,Karatag,P+10,1.6666666666666667
17202,Karatag,P-10,0.5555555555555556
17202,Karatag,T+2/P-10,1.6666666666666667
17211,Sangardak,T+1,0.0
17211,Sangardak,T+2,2.7777777777777777
17211,Sangardak,T+3,8.333333333333332
17211,Sangardak,P+10,1.6666666666666667
17211,Sangardak,P-10,0.0
17211,Sangardak,T+2/P-10,2.7777777777777777
16176,Padshaata,T+1,2.7777777777777777
16176,Padshaata,T+2,2.7777777777777777
16176,Padshaata,T+3,6.666666666666667
16176,Padshaata,P+10,1.6666666666666667
16176,Padshaata,P-10,1.6666666666666667
16176,Padshaata,T+2/P-10,2.2222222222222223
16202,Chadak,T+1,0.5555555555555556
16202,Chadak,T+2,0.0
16202,Chadak,T+3,5.555555555555555
16202,Chadak,P+10,0.5555555555555556
16202,Chadak,P-10,0.0
16202,Chadak,T+2/P-10,0.0
