gauge,basin,scenario,source,vol,seas
17288,Zeravshan,T+1,XGB_OS,2.7337295231174563,10.502025622123213
17288,Zeravshan,T+1,XGB_AR,4.240733599060786,15.48180795184917
17288,Zeravshan,T+1,XGB_NQ,7.247191568065081,17.435689825067623
17288,Zeravshan,T+1,RF_OS,2.3764475175389377,7.513581884907606
17288,Zeravshan,T+1,RF_AR,7.896459229031283,8.762792756714209
17288,Zeravshan,T+1,RF_NQ,6.81587540155173,16.69582131281275
17288,Zeravshan,T+1,Ridge_OS,1.4504941448349795,2.306986023412838
17288,Zeravshan,T+1,Ridge_AR,3.321725126171571,1.8322182391408148
17288,Zeravshan,T+1,Ridge_NQ,5.438288311811101,11.704741516028072
17288,Zeravshan,T+1,LSTM_OS,3.6295522455785267,10.34593545097855
17288,Zeravshan,T+1,LSTM_AR,5.91471021112322,9.99583567743747
17288,Zeravshan,T+1,LSTM_NQ,4.0615518379367055,13.187639497394766
17288,Zeravshan,T+2,XGB_OS,4.973494200023487,12.020491943792022
17288,Zeravshan,T+2,XGB_AR,10.400927542531036,21.83887081494369
17288,Zeravshan,T+2,XGB_NQ,12.575603983629513,27.643481109135664
17288,Zeravshan,T+2,RF_OS,4.674851687258141,12.092078387814853
17288,Zeravshan,T+2,RF_AR,12.524155236809298,19.86474095640964
17288,Zeravshan,T+2,RF_NQ,12.541965295988234,27.30158261671638
17288,Zeravshan,T+2,Ridge_OS,3.2565912504760153,5.423445954534701
17288,Zeravshan,T+2,Ridge_AR,7.593880264957198,5.217191082829142
17288,Zeravshan,T+2,Ridge_NQ,11.806420077844315,24.166441054067064
17288,Zeravshan,T+2,LSTM_OS,7.672323745049381,17.695971849640003
17288,Zeravshan,T+2,LSTM_AR,12.428074252649823,17.740285426827395
17288,Zeravshan,T+2,LSTM_NQ,8.596409099538338,24.674232699444957
17288,Zeravshan,T+3,XGB_OS,8.308321955916886,14.865020049494571
17288,Zeravshan,T+3,XGB_AR,16.58613379228864,29.549709461944175
17288,Zeravshan,T+3,XGB_NQ,18.518476625726855,37.92031441573034
17288,Zeravshan,T+3,RF_OS,6.825497681368398,15.884512719949797
17288,Zeravshan,T+3,RF_AR,14.953799588174377,32.27754476785065
17288,Zeravshan,T+3,RF_NQ,17.72741128621538,33.97280577665924
17288,Zeravshan,T+3,Ridge_OS,5.11805179509186,7.807161194779799
17288,Zeravshan,T+3,Ridge_AR,12.389186294230159,9.277848555119107
17288,Zeravshan,T+3,Ridge_NQ,18.238334823895897,34.37766828414963
17288,Zeravshan,T+3,LSTM_OS,11.731463670380226,22.329671769166406
17288,Zeravshan,T+3,LSTM_AR,18.97251467269241,23.495759384175738
17288,Zeravshan,T+3,LSTM_NQ,13.227112812110109,33.250422407330916
17288,Zeravshan,P+10,XGB_OS,1.394513039465184,1.2589944270356312
17288,Zeravshan,P+10,XGB_AR,2.6186347892435347,4.366788639967023
17288,Zeravshan,P+10,XGB_NQ,2.036327874471855,1.237932863204927
17288,Zeravshan,P+10,RF_OS,0.5405142946555141,-0.38912958629975236
17288,Zeravshan,P+10,RF_AR,3.4252673961839397,-4.098557224350441
17288,Zeravshan,P+10,RF_NQ,0.7505479290490724,0.890620571545897
17288,Zeravshan,P+10,Ridge_OS,1.2815550865833858,2.9229462053307564
17288,Zeravshan,P+10,Ridge_AR,2.920876012067075,6.6084314340956185
17288,Zeravshan,P+10,Ridge_NQ,2.244523890860539,-1.0893852111899083
17288,Zeravshan,P+10,LSTM_OS,1.592819516779076,4.275578119935108
17288,Zeravshan,P+10,LSTM_AR,2.553265314410069,4.179455246801123
17288,Zeravshan,P+10,LSTM_NQ,2.8427892734683713,4.888882762937086
17288,Zeravshan,P-10,XGB_OS,-1.2316083293876345,-1.2253378483786381
17288,Zeravshan,P-10,XGB_AR,-3.7339133636153377,-3.5288771303057964
17288,Zeravshan,P-10,XGB_NQ,-1.385478494519432,-1.1388606982748906
17288,Zeravshan,P-10,RF_OS,-0.35557969511988974,-1.2764953571952176
17288,Zeravshan,P-10,RF_AR,1.045399716579709,-4.343952824609254
17288,Zeravshan,P-10,RF_NQ,-0.3639900956461273,-1.213405593985173
17288,Zeravshan,P-10,Ridge_OS,-1.2815206595691686,-3.0051053301464736
17288,Zeravshan,P-10,Ridge_AR,-2.9105415874381535,-6.668000080288394
17288,Zeravshan,P-10,Ridge_NQ,-2.2307376807875756,0.5658273295746419
17288,Zeravshan,P-10,LSTM_OS,-1.8412379716875371,-4.481713084951866
17288,Zeravshan,P-10,LSTM_AR,-3.080661620827796,-4.02872674978625
17288,Zeravshan,P-10,LSTM_NQ,-3.4500816630441244,-4.440422316110249
17288,Zeravshan,T+2/P-10,XGB_OS,4.248473264637309,8.84032458700137
17288,Zeravshan,T+2/P-10,XGB_AR,6.858080168413805,17.665453045393907
17288,Zeravshan,T+2/P-10,XGB_NQ,11.510498026416617,24.09949076677609
17288,Zeravshan,T+2/P-10,RF_OS,4.712434743776273,10.239791358541094
17288,Zeravshan,T+2/P-10,RF_AR,11.520933522506848,18.21010580231972
17288,Zeravshan,T+2/P-10,RF_NQ,12.22070538681692,24.558246481642154
17288,Zeravshan,T+2/P-10,Ridge_OS,2.233369449870226,2.601645328567015
17288,Zeravshan,T+2/P-10,Ridge_AR,5.61896552582879,0.3223662076273115
17288,Zeravshan,T+2/P-10,Ridge_NQ,10.033204702125499,22.70219006059302
17288,Zeravshan,T+2/P-10,LSTM_OS,6.016541132112652,10.870813850809547
17288,Zeravshan,T+2/P-10,LSTM_AR,9.716217322206866,10.756822857366565
17288,Zeravshan,T+2/P-10,LSTM_NQ,5.549037912327415,16.66700603807245
16279,Chatkal,T+1,XGB_OS,-1.2524206886585065,4.748553152575353
16279,Chatkal,T+1,XGB_AR,-2.4938270984574573,16.994729656898688
16279,Chatkal,T+1,XGB_NQ,-1.0925625157520602,12.376271235345836
16279,Chatkal,T+1,RF_OS,-1.396313212494582,4.164979748981146
16279,Chatkal,T+1,RF_AR,-1.7223104522859578,11.385515046176852
16279,Chatkal,T+1,RF_NQ,1.397060959326013,13.963172605295082
16279,Chatkal,T+1,Ridge_OS,-0.11111990435155317,1.9830655722833268
16279,Chatkal,T+1,Ridge_AR,-0.3474705895086916,4.867514876081714
16279,Chatkal,T+1,Ridge_NQ,-2.0188285172634712,6.617404765348434
16279,Chatkal,T+1,LSTM_OS,-1.3424691978893066,8.859253488465813
16279,Chatkal,T+1,LSTM_AR,-0.8002064372778173,12.695449181605834
16279,Chatkal,T+1,LSTM_NQ,0.08363677335752051,11.773933094951216
16279,Chatkal,T+2,XGB_OS,-2.1437223516823645,8.652058280206132
16279,Chatkal,T+2,XGB_AR,1.0246963775400353,23.056432240767855
16279,Chatkal,T+2,XGB_NQ,-1.1145904298499598,20.526295288016893
16279,Chatkal,T+2,RF_OS,-2.376242191454303,6.157777643380224
16279,Chatkal,T+2,RF_AR,-2.83137914151933,15.757617790204915
16279,Chatkal,T+2,RF_NQ,1.6840223588935777,25.668598153771793
16279,Chatkal,T+2,Ridge_OS,-0.1840843425866323,4.1524319205331395
16279,Chatkal,T+2,Ridge_AR,-0.5805727186933285,11.149798024332558
16279,Chatkal,T+2,Ridge_NQ,-3.7213852586137186,11.13994470466977
16279,Chatkal,T+2,LSTM_OS,-2.101724232727731,15.062829162629175
16279,Chatkal,T+2,LSTM_AR,-0.7493382678220084,22.48866505941558
16279,Chatkal,T+2,LSTM_NQ,0.1890256871222462,23.252895079799217
16279,Chatkal,T+3,XGB_OS,-1.162321641969677,12.103123157103557
16279,Chatkal,T+3,XGB_AR,9.25532265391218,42.688620699012816
16279,Chatkal,T+3,XGB_NQ,1.846621090129763,27.698510152780955
16279,Chatkal,T+3,RF_OS,-2.02502388532656,8.433556749301609
16279,Chatkal,T+3,RF_AR,-1.5283156428134603,23.97661922579499
16279,Chatkal,T+3,RF_NQ,4.353432233214938,29.938663460089288
16279,Chatkal,T+3,Ridge_OS,-0.24107076625379253,8.677501049395675
16279,Chatkal,T+3,Ridge_AR,-0.8064654387254677,19.266584832058818
16279,Chatkal,T+3,Ridge_NQ,-4.804659216497065,20.337040151137753
16279,Chatkal,T+3,LSTM_OS,-0.8873728112456347,21.11237183306246
16279,Chatkal,T+3,LSTM_AR,3.5565646228842063,30.65602339001059
16279,Chatkal,T+3,LSTM_NQ,5.332596502307396,31.291332542571737
16279,Chatkal,P+10,XGB_OS,1.517600577440903,0.3865743768633578
16279,Chatkal,P+10,XGB_AR,5.431826028083342,1.2710802244596087
16279,Chatkal,P+10,XGB_NQ,4.176675951770181,-3.6779496969147063
16279,Chatkal,P+10,RF_OS,0.8812224438964344,-0.7786635188992364
16279,Chatkal,P+10,RF_AR,2.6526989705925264,0.7510633249467213
16279,Chatkal,P+10,RF_NQ,2.867405077163565,-3.1953814966630523
16279,Chatkal,P+10,Ridge_OS,2.010410246686245,0.7025194304705717
16279,Chatkal,P+10,Ridge_AR,6.572584783799407,-0.8938280523208109
16279,Chatkal,P+10,Ridge_NQ,5.1976085277301465,-3.2217105347738695
16279,Chatkal,P+10,LSTM_OS,3.961088571293647,0.31266767241142635
16279,Chatkal,P+10,LSTM_AR,11.320510247468341,-1.3869824464228593
16279,Chatkal,P+10,LSTM_NQ,8.529855458474911,-4.940699576247788
16279,Chatkal,P-10,XGB_OS,-1.7714956937124993,0.8462802504642708
16279,Chatkal,P-10,XGB_AR,-8.231561643034112,6.811323219380239
16279,Chatkal,P-10,XGB_NQ,-5.040294218919428,7.095574493945612
16279,Chatkal,P-10,RF_OS,-1.0566614619449521,1.344427645662749
16279,Chatkal,P-10,RF_AR,-3.0343589996920994,0.9804639430436968
16279,Chatkal,P-10,RF_NQ,-4.254792909905969,6.3524740045359795
16279,Chatkal,P-10,Ridge_OS,-1.9268688937893796,-0.5036042474250157
16279,Chatkal,P-10,Ridge_AR,-6.301603899516161,0.5694569632110014
16279,Chatkal,P-10,Ridge_NQ,-5.047500503595092,2.780990303717301
16279,Chatkal,P-10,LSTM_OS,-3.8631279338343316,-0.027137890420825705
16279,Chatkal,P-10,LSTM_AR,-9.60307161950742,2.6693876085504673
16279,Chatkal,P-10,LSTM_NQ,-7.4455520098259065,4.518560836450235
16279,Chatkal,T+2/P-10,XGB_OS,-2.849789119233992,7.728874318027679
16279,Chatkal,T+2/P-10,XGB_AR,-2.6221092381864985,22.581887955879232
16279,Chatkal,T+2/P-10,XGB_NQ,-2.9072618336025924,19.930390880126005
16279,Chatkal,T+2/P-10,RF_OS,-2.857558491497747,5.445719883428401
16279,Chatkal,T+2/P-10,RF_AR,-4.582420505006657,14.180007380274429
16279,Chatkal,T+2/P-10,RF_NQ,-0.3009022501131775,25.053476050241308
16279,Chatkal,T+2/P-10,Ridge_OS,-1.9484764972452329,3.535517014497136
16279,Chatkal,T+2/P-10,Ridge_AR,-6.3566204927586245,10.693221759638305
16279,Chatkal,T+2/P-10,Ridge_NQ,-8.403701812747999,10.672239429024032
16279,Chatkal,T+2/P-10,LSTM_OS,-5.070213266229839,14.212647354927444
16279,Chatkal,T+2/P-10,LSTM_AR,-7.997667367038863,22.10779603899491
16279,Chatkal,T+2/P-10,LSTM_NQ,-5.620261346824051,23.624294121734415
16290,Pskem,T+1,XGB_OS,-0.8024628384994625,4.85531432161358
16290,Pskem,T+1,XGB_AR,1.4130712728289918,14.922039038605405
16290,Pskem,T+1,XGB_NQ,-0.006448258720814781,10.916537020316387
16290,Pskem,T+1,RF_OS,-0.7737456911416252,4.6920202268696425
16290,Pskem,T+1,RF_AR,-0.29488535469726074,10.0636996915331
16290,Pskem,T+1,RF_NQ,1.2352845475831042,8.582889725489974
16290,Pskem,T+1,Ridge_OS,0.2738284106519995,1.598189385233184
16290,Pskem,T+1,Ridge_AR,0.8731950955555012,2.9557557281306712
16290,Pskem,T+1,Ridge_NQ,0.49533244548256583,9.881471873829085
16290,Pskem,T+1,LSTM_OS,0.8974672234267178,7.667932462934002
16290,Pskem,T+1,LSTM_AR,2.9071386550086453,10.55867607896269
16290,Pskem,T+1,LSTM_NQ,2.4833870300705163,10.575497442129056
16290,Pskem,T+2,XGB_OS,-1.0755949157328693,11.184335989116367
16290,Pskem,T+2,XGB_AR,2.53701089159748,32.02475422121037
16290,Pskem,T+2,XGB_NQ,0.7251637587406101,23.18464476710365
16290,Pskem,T+2,RF_OS,-1.4408415018433152,9.294432367968275
16290,Pskem,T+2,RF_AR,4.1236947454124095,25.051891689058547
16290,Pskem,T+2,RF_NQ,1.9171981237205316,19.639213879514326
16290,Pskem,T+2,Ridge_OS,0.6852246772615977,4.341783405977395
16290,Pskem,T+2,Ridge_AR,2.164428819218256,7.4615769722016445
16290,Pskem,T+2,Ridge_NQ,1.3755110024181283,19.606675666086616
16290,Pskem,T+2,LSTM_OS,1.755031349358771,14.235097110730488
16290,Pskem,T+2,LSTM_AR,5.709261820166023,21.401468786426868
16290,Pskem,T+2,LSTM_NQ,4.665576222834544,22.33097375614016
16290,Pskem,T+3,XGB_OS,-1.5872537549670551,11.685034597786014
16290,Pskem,T+3,XGB_AR,3.4722415915212634,38.196106184907194
16290,Pskem,T+3,XGB_NQ,0.7541883374950098,27.329312648196577
16290,Pskem,T+3,RF_OS,-2.347194998799984,10.747849680868926
16290,Pskem,T+3,RF_AR,-0.3528691545533924,28.1056223761038
16290,Pskem,T+3,RF_NQ,1.6583827440582066,26.175464235261934
16290,Pskem,T+3,Ridge_OS,1.3024377356538164,7.217267351238455
16290,Pskem,T+3,Ridge_AR,4.042058222373512,12.61611966967271
16290,Pskem,T+3,Ridge_NQ,2.788780420224213,26.31568427063921
16290,Pskem,T+3,LSTM_OS,2.7756280553752344,18.30490508088902
16290,Pskem,T+3,LSTM_AR,8.780801187954701,31.27663670035644
16290,Pskem,T+3,LSTM_NQ,7.200180782442311,33.64717998802972
16290,Pskem,P+10,XGB_OS,1.4773238798892363,-0.935770791379853
16290,Pskem,P+10,XGB_AR,3.891597616312703,-4.963456557373225
16290,Pskem,P+10,XGB_NQ,3.8665160763213358,-2.6039669226575857
16290,Pskem,P+10,RF_OS,1.2511047427811395,-1.6808954766879047
16290,Pskem,P+10,RF_AR,4.125708236853853,-4.595060938697371
16290,Pskem,P+10,RF_NQ,3.126879916282266,-3.7300416167002304
16290,Pskem,P+10,Ridge_OS,1.5273652390116688,0.734422787164557
16290,Pskem,P+10,Ridge_AR,4.657857551132216,0.5775303121622777
16290,Pskem,P+10,Ridge_NQ,4.122549370521034,-3.0487098482821606
16290,Pskem,P+10,LSTM_OS,2.3547161547797124,0.05704765283758295
16290,Pskem,P+10,LSTM_AR,5.285914853234952,0.16979818528399804
16290,Pskem,P+10,LSTM_NQ,4.369929661936944,-2.283659621478429
16290,Pskem,P-10,XGB_OS,-1.6756801464989035,1.323777727565001
16290,Pskem,P-10,XGB_AR,-5.917187987630879,1.9894939844480213
16290,Pskem,P-10,XGB_NQ,-2.730644311620045,2.7718069143597863
16290,Pskem,P-10,RF_OS,-1.2361379958623298,1.5372837213536883
16290,Pskem,P-10,RF_AR,-7.555654625126107,-6.087363663990253
16290,Pskem,P-10,RF_NQ,-2.7494531908573094,2.5563196776540846
16290,Pskem,P-10,Ridge_OS,-1.5144236492058205,-0.7345406510416375
16290,Pskem,P-10,Ridge_AR,-4.619822746575286,-0.5767409998353008
16290,Pskem,P-10,Ridge_NQ,-4.09116800158732,3.047197944309432
16290,Pskem,P-10,LSTM_OS,-2.507699865721813,1.180310208946811
16290,Pskem,P-10,LSTM_AR,-5.089372438583095,2.1473332983210636
16290,Pskem,P-10,LSTM_NQ,-5.119465455039796,3.7468798642767753
16290,Pskem,T+2/P-10,XGB_OS,-2.3636485189082346,9.65343061307411
16290,Pskem,T+2/P-10,XGB_AR,-4.810066653743017,21.86194687851789
16290,Pskem,T+2/P-10,XGB_NQ,-1.4537141497595774,21.48324087959964
16290,Pskem,T+2/P-10,RF_OS,-2.5391034585350303,9.365476101691716
16290,Pskem,T+2/P-10,RF_AR,-4.681117259479173,18.874889277230487
16290,Pskem,T+2/P-10,RF_NQ,-0.7436783797061031,19.183549773664456
16290,Pskem,T+2/P-10,Ridge_OS,-0.7535728397041086,3.459310030702567
16290,Pskem,T+2/P-10,Ridge_AR,-2.229157549683747,6.1175928081667275
16290,Pskem,T+2/P-10,Ridge_NQ,-2.476926523653755,17.775103480169165
16290,Pskem,T+2/P-10,LSTM_OS,-0.3819605670935533,13.630717925208579
16290,Pskem,T+2/P-10,LSTM_AR,1.1721229946300538,20.687316392752955
16290,Pskem,T+2/P-10,LSTM_NQ,0.09680837396361941,23.161963796016394
16300,Ugam,T+1,XGB_OS,0.3896991239276115,1.4371360033835212
16300,Ugam,T+1,XGB_AR,0.6649676307102892,5.6053151828213466
16300,Ugam,T+1,XGB_NQ,1.4840514703860608,-1.4621683911766215
16300,Ugam,T+1,RF_OS,0.21184202613473424,0.46595583141328945
16300,Ugam,T+1,RF_AR,1.9041898244602118,5.403675002845587
16300,Ugam,T+1,RF_NQ,1.7178335276419432,4.444566742877676
16300,Ugam,T+1,Ridge_OS,0.2382478688221612,2.5569234013280817
16300,Ugam,T+1,Ridge_AR,0.9039866110357453,7.812325806444942
16300,Ugam,T+1,Ridge_NQ,-2.3803706261586677,7.017739035294257
16300,Ugam,T+1,LSTM_OS,-0.7502055268562069,0.2504722549443894
16300,Ugam,T+1,LSTM_AR,-0.654063778484848,3.9017874751896664
16300,Ugam,T+1,LSTM_NQ,-0.46430755929059986,4.984325420249647
16300,Ugam,T+2,XGB_OS,1.5672619699667711,2.471512532280873
16300,Ugam,T+2,XGB_AR,8.116148903351794,10.462831658020244
16300,Ugam,T+2,XGB_NQ,4.282734800587029,3.8582474032612835
16300,Ugam,T+2,RF_OS,1.1319568608700648,1.6002081600310025
16300,Ugam,T+2,RF_AR,5.953033955493825,9.266215130862976
16300,Ugam,T+2,RF_NQ,4.776628736594457,8.952677131350406
16300,Ugam,T+2,Ridge_OS,0.8313156235974395,3.433275107036382
16300,Ugam,T+2,Ridge_AR,3.1662252009288183,13.937462516057263
16300,Ugam,T+2,Ridge_NQ,-4.028248547004976,9.18885729585105
16300,Ugam,T+2,LSTM_OS,-1.3132617054698037,0.08215638303262773
16300,Ugam,T+2,LSTM_AR,-1.1548435412181979,6.993127545307298
16300,Ugam,T+2,LSTM_NQ,-0.16211096787551726,8.906613957761744
16300,Ugam,T+3,XGB_OS,2.883896360264493,2.190080261377214
16300,Ugam,T+3,XGB_AR,18.289332185441776,12.902846808539994
16300,Ugam,T+3,XGB_NQ,5.000375790284828,3.7104341099019833
16300,Ugam,T+3,RF_OS,2.0542047497259963,1.3292834206024562
16300,Ugam,T+3,RF_AR,18.120336725437582,16.378980364229434
16300,Ugam,T+3,RF_NQ,7.133998017736398,8.049611086365472
16300,Ugam,T+3,Ridge_OS,1.1550308146232258,2.7187741235590757
16300,Ugam,T+3,Ridge_AR,4.328266085910926,19.26930507226877
16300,Ugam,T+3,Ridge_NQ,-5.710855993156616,7.223172939669243
16300,Ugam,T+3,LSTM_OS,-1.4659757037475796,0.3158035697592769
16300,Ugam,T+3,LSTM_AR,-0.97500602061662,9.499633488721948
16300,Ugam,T+3,LSTM_NQ,0.5674904562499972,12.518511056728922
16300,Ugam,P+10,XGB_OS,1.7810490141837443,1.9203753773548105
16300,Ugam,P+10,XGB_AR,6.70084005867988,-0.4444319980465572
16300,Ugam,P+10,XGB_NQ,3.9793599429502224,2.38395137475933
16300,Ugam,P+10,RF_OS,1.248137757386325,1.2749274583796488
16300,Ugam,P+10,RF_AR,5.388730989621249,-1.2636700970376724
16300,Ugam,P+10,RF_NQ,3.1398538657078756,2.545326581536722
16300,Ugam,P+10,Ridge_OS,2.1500262579931873,0.5105972877299081
16300,Ugam,P+10,Ridge_AR,8.239632823927057,-1.5975661759913606
16300,Ugam,P+10,Ridge_NQ,6.3589860758477945,1.7716252667708376
16300,Ugam,P+10,LSTM_OS,2.2998909392238476,1.1693030870038479
16300,Ugam,P+10,LSTM_AR,5.7672272581933415,2.4641474169474487
16300,Ugam,P+10,LSTM_NQ,4.506128633878204,-1.1305851616180806
16300,Ugam,P-10,XGB_OS,-1.2820318667577268,-1.6245780763255335
16300,Ugam,P-10,XGB_AR,-4.8183310425583326,1.1375232224898113
16300,Ugam,P-10,XGB_NQ,-2.935139130096953,-10.466847820829106
16300,Ugam,P-10,RF_OS,-0.8881797446240736,-1.3435313217283418
16300,Ugam,P-10,RF_AR,-6.426511936633805,6.065268848882221
16300,Ugam,P-10,RF_NQ,-2.591220873065303,-5.042827508233216
16300,Ugam,P-10,Ridge_OS,-2.14429050081405,-0.6846656955347252
16300,Ugam,P-10,Ridge_AR,-8.21731294527085,1.4737822390230022
16300,Ugam,P-10,Ridge_NQ,-6.348748562017703,-2.232249363233685
16300,Ugam,P-10,LSTM_OS,-2.203704726983158,-1.029209565651057
16300,Ugam,P-10,LSTM_AR,-5.457563860320713,-1.9051294355978072
16300,Ugam,P-10,LSTM_NQ,-4.403699340973921,1.2985210055216463
16300,Ugam,T+2/P-10,XGB_OS,0.15094568068592107,1.1628587893831255
16300,Ugam,T+2/P-10,XGB_AR,3.328669546528218,9.276648441700154
16300,Ugam,T+2/P-10,XGB_NQ,0.5301091566524363,-1.630909347414955
16300,Ugam,T+2/P-10,RF_OS,0.056284453650334854,0.3053839446749862
16300,Ugam,T+2/P-10,RF_AR,-1.1828862097910675,9.196176536742286
16300,Ugam,T+2/P-10,RF_NQ,1.6035169183797437,5.140531926280634
16300,Ugam,T+2/P-10,Ridge_OS,-1.2743890110535339,2.002381723036517
16300,Ugam,T+2/P-10,Ridge_AR,-4.91112301628579,14.239033084189833
16300,Ugam,T+2/P-10,Ridge_NQ,-10.25004809073452,5.115029921768421
16300,Ugam,T+2/P-10,LSTM_OS,-3.5470848031722513,-0.5757489804898093
16300,Ugam,T+2/P-10,LSTM_AR,-6.729814504609621,4.9635048220636575
16300,Ugam,T+2/P-10,LSTM_NQ,-4.491286614747381,9.61914205593084
16936,Naryn,T+1,XGB_OS,1.0405140342819807,4.047588920795753
16936,Naryn,T+1,XGB_AR,0.2784432558638583,6.5011982968436355
16936,Naryn,T+1,XGB_NQ,3.945336994894766,-1.2855772202716942
16936,Naryn,T+1,RF_OS,0.3145741701968019,2.1453266131832183
16936,Naryn,T+1,RF_AR,0.133729326239429,2.743786388573588
16936,Naryn,T+1,RF_NQ,2.028821888464827,-3.6647608001265097
16936,Naryn,T+1,Ridge_OS,-0.39829393481878306,4.311654891078398
16936,Naryn,T+1,Ridge_AR,-1.0165528462545592,4.386372253028492
16936,Naryn,T+1,Ridge_NQ,0.4787851597346737,3.272961590048551
16936,Naryn,T+1,LSTM_OS,0.5354066428449267,4.985934386382973
16936,Naryn,T+1,LSTM_AR,0.9489187133680632,5.188612572753626
16936,Naryn,T+1,LSTM_NQ,1.101540722854355,5.110377705262681
16936,Naryn,T+2,XGB_OS,2.0799223660197486,8.297530898664673
16936,Naryn,T+2,XGB_AR,3.4025590048274656,8.639711187304266
16936,Naryn,T+2,XGB_NQ,6.743494306367004,0.3146018319567734
16936,Naryn,T+2,RF_OS,0.5991168108506084,4.7287182226233515
16936,Naryn,T+2,RF_AR,2.541910840294137,4.638676534997033
16936,Naryn,T+2,RF_NQ,4.305809322341325,-3.302039166529691
16936,Naryn,T+2,Ridge_OS,-0.5402845984511462,8.333196594927594
16936,Naryn,T+2,Ridge_AR,-1.3662832912795464,10.003847766294072
16936,Naryn,T+2,Ridge_NQ,1.5496507445834862,7.555868740286531
16936,Naryn,T+2,LSTM_OS,0.9690903889021607,9.907100999757922
16936,Naryn,T+2,LSTM_AR,1.8301236953859323,11.068784369414475
16936,Naryn,T+2,LSTM_NQ,2.038652063043367,10.016662322761714
16936,Naryn,T+3,XGB_OS,3.065244730269523,13.29562554212168
16936,Naryn,T+3,XGB_AR,5.961229075529073,13.873102374488955
16936,Naryn,T+3,XGB_NQ,11.138664889445993,4.956826575845019
16936,Naryn,T+3,RF_OS,1.4263987766998776,7.589347414117942
16936,Naryn,T+3,RF_AR,5.202347652974604,7.279155073171605
16936,Naryn,T+3,RF_NQ,6.891983262894308,-3.1264940387729423
16936,Naryn,T+3,Ridge_OS,-0.5062236874657122,12.047054398727596
16936,Naryn,T+3,Ridge_AR,-1.2333711325425267,16.20205520601232
16936,Naryn,T+3,Ridge_NQ,2.9284198158113783,12.579882581436053
16936,Naryn,T+3,LSTM_OS,1.979187513317493,15.784585125021799
16936,Naryn,T+3,LSTM_AR,3.9696191100818012,17.99076289612379
16936,Naryn,T+3,LSTM_NQ,3.4429421787777414,15.404908350674596
16936,Naryn,P+10,XGB_OS,0.46228563462078487,1.168828968563762
16936,Naryn,P+10,XGB_AR,2.217375893473883,-0.6556459250558699
16936,Naryn,P+10,XGB_NQ,1.9364417047129878,-1.2856879361338613
16936,Naryn,P+10,RF_OS,0.472233257324306,0.28094172387367333
16936,Naryn,P+10,RF_AR,1.4676427902397426,0.5801966481708165
16936,Naryn,P+10,RF_NQ,1.8227137872962595,-0.3386466802726362
16936,Naryn,P+10,Ridge_OS,1.3627320335753756,0.5237546407261151
16936,Naryn,P+10,Ridge_AR,3.5928982351353334,0.7982860834442329
16936,Naryn,P+10,Ridge_NQ,3.1208074868838143,-0.5963187297540529
16936,Naryn,P+10,LSTM_OS,2.2181072119703327,-0.2573301353563151
16936,Naryn,P+10,LSTM_AR,3.6134864888757168,-1.5530601295089985
16936,Naryn,P+10,LSTM_NQ,3.862276753935845,-1.3547540434760252
16936,Naryn,P-10,XGB_OS,-0.2084706976197781,-0.9277906010104586
16936,Naryn,P-10,XGB_AR,-2.186080220388409,1.4532722437190504
16936,Naryn,P-10,XGB_NQ,-1.0703067812603995,-2.4369222185794293
16936,Naryn,P-10,RF_OS,-0.6127865124436638,-0.41398596438388946
16936,Naryn,P-10,RF_AR,-1.612945184400305,-1.1098125394750746
16936,Naryn,P-10,RF_NQ,-1.6244401654462948,-2.113292180885673
16936,Naryn,P-10,Ridge_OS,-1.3615279778324885,-0.5237565870101824
16936,Naryn,P-10,Ridge_AR,-3.590648095205229,-0.7971371720851383
16936,Naryn,P-10,Ridge_NQ,-3.113639367026655,0.5963069186903591
16936,Naryn,P-10,LSTM_OS,-2.593710616227196,0.3619128589511966
16936,Naryn,P-10,LSTM_AR,-4.261590931829129,2.0524480009269657
16936,Naryn,P-10,LSTM_NQ,-4.2561188069205835,1.7146749198823859
16936,Naryn,T+2/P-10,XGB_OS,1.697218781871257,6.365073351882245
16936,Naryn,T+2/P-10,XGB_AR,2.729396720291599,7.4648380027479195
16936,Naryn,T+2/P-10,XGB_NQ,5.413587747746429,-1.8807386571855211
16936,Naryn,T+2/P-10,RF_OS,0.0042767764468543135,4.157072991809285
16936,Naryn,T+2/P-10,RF_AR,0.7441130245019467,4.021301100321173
16936,Naryn,T+2/P-10,RF_NQ,2.9293060197866705,-4.671734958127127
16936,Naryn,T+2/P-10,Ridge_OS,-1.786464725080139,6.914163001298579
16936,Naryn,T+2/P-10,Ridge_AR,-4.655884071535377,8.367720989543294
16936,Naryn,T+2/P-10,Ridge_NQ,-1.406840397295095,6.78450615189452
16936,Naryn,T+2/P-10,LSTM_OS,-1.6119002284822548,9.313694851816201
16936,Naryn,T+2/P-10,LSTM_AR,-2.2094888219859055,11.945358499148117
16936,Naryn,T+2/P-10,LSTM_NQ,-2.3344337961683337,10.930654111753736
17202,Karatag,T+1,XGB_OS,-0.40659433691938585,-3.42663160750869
17202,Karatag,T+1,XGB_AR,1.590107334759816,-2.1218149617617255
17202,Karatag,T+1,XGB_NQ,0.8172324520364871,-6.0502594865069925
17202,Karatag,T+1,RF_OS,-1.0173040211647,-3.480265875284838
17202,Karatag,T+1,RF_AR,-1.0498714395862252,-1.7447208982906082
17202,Karatag,T+1,RF_NQ,1.1223718760078327,-4.47878807872959
17202,Karatag,T+1,Ridge_OS,0.0624952681114177,-0.29707150622952927
17202,Karatag,T+1,Ridge_AR,0.20553621594572302,0.8214726713384191
17202,Karatag,T+1,Ridge_NQ,2.358608035165455,0.8906924162508378
17202,Karatag,T+1,LSTM_OS,-0.7797163980485244,-0.049120312702555236
17202,Karatag,T+1,LSTM_AR,-1.0530744188720353,0.8432676665374617
17202,Karatag,T+1,LSTM_NQ,1.030834966482641,2.1933555514866088
17202,Karatag,T+2,XGB_OS,-0.136432818110499,-5.453053158760001
17202,Karatag,T+2,XGB_AR,1.6475859383492608,-5.0319809209759985
17202,Karatag,T+2,XGB_NQ,2.891489619858545,-10.003745662612184
17202,Karatag,T+2,RF_OS,-0.6242982588215207,-5.064780913485123
17202,Karatag,T+2,RF_AR,-0.24004568102483637,-3.088711600558558
17202,Karatag,T+2,RF_NQ,2.9317306427850687,-9.446819028674213
17202,Karatag,T+2,Ridge_OS,0.1452113536189792,-0.7953452408029804
17202,Karatag,T+2,Ridge_AR,0.4711146654784448,1.0018588411383367
17202,Karatag,T+2,Ridge_NQ,4.898087946093765,0.7018609422080324
17202,Karatag,T+2,LSTM_OS,-1.4564015294248889,0.18171789133434313
17202,Karatag,T+2,LSTM_AR,-1.298616393280927,2.10707122859638
17202,Karatag,T+2,LSTM_NQ,2.067706678047565,4.554365350256074
17202,Karatag,T+3,XGB_OS,-0.466085990774745,-8.319728712510365
17202,Karatag,T+3,XGB_AR,2.3871531063676787,-9.246175692797308
17202,Karatag,T+3,XGB_NQ,4.192252073736347,-11.556234788527275
17202,Karatag,T+3,RF_OS,-0.9026150110421183,-6.77537487478288
17202,Karatag,T+3,RF_AR,-2.1049320469794575,-2.239813375052679
17202,Karatag,T+3,RF_NQ,3.797450620914078,-11.603072829803196
17202,Karatag,T+3,Ridge_OS,0.3711504764008833,-1.4471417932083397
17202,Karatag,T+3,Ridge_AR,1.1658051646608492,1.2511798114910988
17202,Karatag,T+3,Ridge_NQ,7.935791170832296,0.039680085759785655
17202,Karatag,T+3,LSTM_OS,-1.5983289059619987,0.36354545448556985
17202,Karatag,T+3,LSTM_AR,-0.5779723512734258,3.2895311458061793
17202,Karatag,T+3,LSTM_NQ,3.13981773730867,7.093655955729661
17202,Karatag,P+10,XGB_OS,1.2496936674293746,3.2108521930575895
17202,Karatag,P+10,XGB_AR,4.860502172000669,2.785820073234424
17202,Karatag,P+10,XGB_NQ,3.5443732685989326,2.4017514166885023
17202,Karatag,P+10,RF_OS,1.4994009902115968,3.0401976497347327
17202,Karatag,P+10,RF_AR,3.457723279839775,3.0464526058936015
17202,Karatag,P+10,RF_NQ,2.6290267773342313,4.312847755251026
17202,Karatag,P+10,Ridge_OS,1.9021378228631702,1.8130126789011491
17202,Karatag,P+10,Ridge_AR,5.61847327140339,3.1647328852322465
17202,Karatag,P+10,Ridge_NQ,5.520656608747165,2.508657221666688
17202,Karatag,P+10,LSTM_OS,3.222133860309939,4.905696993105013
17202,Karatag,P+10,LSTM_AR,9.156011176337975,12.714185408624832
17202,Karatag,P+10,LSTM_NQ,6.568596928480619,3.6951832230213366
17202,Karatag,P-10,XGB_OS,-1.899544858068336,-3.6158778195880426
17202,Karatag,P-10,XGB_AR,-3.497869611099891,-4.5237749673798895
17202,Karatag,P-10,XGB_NQ,-4.140194905616834,-4.453979044050326
17202,Karatag,P-10,RF_OS,-1.5412070842749315,-2.859477882542849
17202,Karatag,P-10,RF_AR,-3.358840916804706,-2.801161009594966
17202,Karatag,P-10,RF_NQ,-3.4456588662854615,-4.771199473952259
17202,Karatag,P-10,Ridge_OS,-1.9000880676224186,-1.8459689836883397
17202,Karatag,P-10,Ridge_AR,-5.61261888113741,-3.222108244986577
17202,Karatag,P-10,Ridge_NQ,-5.5145706084866575,-2.6794766202465126
17202,Karatag,P-10,LSTM_OS,-2.7994352261801025,-4.116172857729771
17202,Karatag,P-10,LSTM_AR,-8.66284385332239,-5.979406146145017
17202,Karatag,P-10,LSTM_NQ,-6.202626327782479,-3.907454226349115
17202,Karatag,T+2/P-10,XGB_OS,-1.498155526855005,-7.865089796683389
17202,Karatag,T+2/P-10,XGB_AR,-1.031587553951685,-6.986224644459993
17202,Karatag,T+2/P-10,XGB_NQ,-0.4009338427488851,-13.565145621865415
17202,Karatag,T+2/P-10,RF_OS,-1.458141987933359,-6.651985596834297
17202,Karatag,T+2/P-10,RF_AR,-2.9264070978801793,-4.6856030621263205
17202,Karatag,T+2/P-10,RF_NQ,1.01473898496387,-12.638183760421162
17202,Karatag,T+2/P-10,Ridge_OS,-1.6184252788087994,-2.435149688589733
17202,Karatag,T+2/P-10,Ridge_AR,-4.739560996907077,-2.478725318493069
17202,Karatag,T+2/P-10,Ridge_NQ,-0.3295359082154503,-2.916964458622162
17202,Karatag,T+2/P-10,LSTM_OS,-4.170459943531057,-3.2001676781420296
17202,Karatag,T+2/P-10,LSTM_AR,-8.388414730921534,-3.1303271575252474
17202,Karatag,T+2/P-10,LSTM_NQ,-4.41864723974037,0.2179287623159336
17211,Sangardak,T+1,XGB_OS,-1.629002539484281,-0.7678228377259511
17211,Sangardak,T+1,XGB_AR,-0.353112405910494,2.7607193934527485
17211,Sangardak,T+1,XGB_NQ,-3.1900781044873594,-2.450657679571566
17211,Sangardak,T+1,RF_OS,-1.729489371719073,-2.25074753424106
17211,Sangardak,T+1,RF_AR,-0.778955131704262,0.9696631659631527
17211,Sangardak,T+1,RF_NQ,-2.579510481620373,-4.742621592658114
17211,Sangardak,T+1,Ridge_OS,-0.9614136835723208,-1.9238353175395129
17211,Sangardak,T+1,Ridge_AR,-2.2543966537065363,1.3528205166660867
17211,Sangardak,T+1,Ridge_NQ,-1.3056503556616472,-2.1683546171107237
17211,Sangardak,T+1,LSTM_OS,0.1280377115004505,6.446828777699398
17211,Sangardak,T+1,LSTM_AR,0.016323670708340288,8.747881347946429
17211,Sangardak,T+1,LSTM_NQ,0.4476336051304042,7.810146249678018
17211,Sangardak,T+2,XGB_OS,-0.4875980597946472,0.9707844454138415
17211,Sangardak,T+2,XGB_AR,2.049000370949461,9.747003043483781
17211,Sangardak,T+2,XGB_NQ,-0.7657439116548259,-0.9512510592175953
17211,Sangardak,T+2,RF_OS,-0.8885008336993683,-2.2419780327484817
17211,Sangardak,T+2,RF_AR,1.2340853898501036,3.215408363225647
17211,Sangardak,T+2,RF_NQ,0.8558089082583598,-2.863303720608179
17211,Sangardak,T+2,Ridge_OS,-1.6406869559908999,-5.209007538236077
17211,Sangardak,T+2,Ridge_AR,-3.873307922074043,-0.5744272809197204
17211,Sangardak,T+2,Ridge_NQ,-1.9944250044374168,-9.479425639178219
17211,Sangardak,T+2,LSTM_OS,0.11295766974581678,11.882322661036692
17211,Sangardak,T+2,LSTM_AR,0.027235333341835144,16.748402898210546
17211,Sangardak,T+2,LSTM_NQ,0.7950445470854994,14.011677636649601
17211,Sangardak,T+3,XGB_OS,-1.5148836442519076,-0.6847958524015652
17211,Sangardak,T+3,XGB_AR,2.4422574944914732,10.535696044389297
17211,Sangardak,T+3,XGB_NQ,-0.2066711967675383,1.3180085156830663
17211,Sangardak,T+3,RF_OS,-0.9915735994081909,-1.181946222773722
17211,Sangardak,T+3,RF_AR,-0.35997826971164715,3.5125993690410473
17211,Sangardak,T+3,RF_NQ,2.582063309479121,2.065401583120341
17211,Sangardak,T+3,Ridge_OS,-2.5079538525599965,-8.645874421966482
17211,Sangardak,T+3,Ridge_AR,-5.93418094089142,-4.828148132903543
17211,Sangardak,T+3,Ridge_NQ,-3.043152353625911,-17.48278446444653
17211,Sangardak,T+3,LSTM_OS,-0.892527322027381,15.268080285490527
17211,Sangardak,T+3,LSTM_AR,-0.9371040908795814,22.479855451334227
17211,Sangardak,T+3,LSTM_NQ,0.02929373374918054,17.661761477088312
17211,Sangardak,P+10,XGB_OS,2.0901918667900254,1.4150281913623663
17211,Sangardak,P+10,XGB_AR,5.810423783031626,1.9362596922293918
17211,Sangardak,P+10,XGB_NQ,2.125530238882889,7.618295667771003
17211,Sangardak,P+10,RF_OS,1.6630806742739646,1.5695011242825796
17211,Sangardak,P+10,RF_AR,3.395034149802978,0.7922699894234997
17211,Sangardak,P+10,RF_NQ,2.854712544723381,3.3310261183230994
17211,Sangardak,P+10,Ridge_OS,4.317889080198212,0.4891256946653044
17211,Sangardak,P+10,Ridge_AR,11.015956812941718,-0.29209583435407893
17211,Sangardak,P+10,Ridge_NQ,10.094939576099883,0.11469830528316738
17211,Sangardak,P+10,LSTM_OS,5.443170907833461,-0.7178721434263569
17211,Sangardak,P+10,LSTM_AR,6.992180733059117,-0.909418088179681
17211,Sangardak,P+10,LSTM_NQ,7.5701199115939755,-1.27576803800169
17211,Sangardak,P-10,XGB_OS,-1.837636041500934,0.4531355547873983
17211,Sangardak,P-10,XGB_AR,-5.74493781587595,-1.4445825746482788
17211,Sangardak,P-10,XGB_NQ,-3.4333566967344797,-0.04679585978649703
17211,Sangardak,P-10,RF_OS,-1.751595223106206,-1.4229026810296808
17211,Sangardak,P-10,RF_AR,-3.633273086475053,-2.73859521878862
17211,Sangardak,P-10,RF_NQ,-3.1627986859043444,-0.938726597398043
17211,Sangardak,P-10,Ridge_OS,-4.309610249353712,-0.6458129446610616
17211,Sangardak,P-10,Ridge_AR,-10.637159342708792,0.11450148238388813
17211,Sangardak,P-10,Ridge_NQ,-10.08659445951492,-0.623079333279863
17211,Sangardak,P-10,LSTM_OS,-5.43603338201758,0.48718871744837244
17211,Sangardak,P-10,LSTM_AR,-6.992864532959498,1.07079018583548
17211,Sangardak,P-10,LSTM_NQ,-7.462940062014312,0.9089931531256923
17211,Sangardak,T+2/P-10,XGB_OS,-3.3013359046955237,-1.8402318371290907
17211,Sangardak,T+2/P-10,XGB_AR,-5.1861331677472755,6.33679829567072
17211,Sangardak,T+2/P-10,XGB_NQ,-4.554276520498657,-2.400084759159272
17211,Sangardak,T+2/P-10,RF_OS,-2.6002056821639585,-3.868369538698391
17211,Sangardak,T+2/P-10,RF_AR,-3.554016923724135,0.13703765792766376
17211,Sangardak,T+2/P-10,RF_NQ,-2.4003273761446287,-4.9503413994621
17211,Sangardak,T+2/P-10,Ridge_OS,-5.691887881609469,-5.985136157382742
17211,Sangardak,T+2/P-10,Ridge_AR,-13.855772723890103,-1.7696633960799346
17211,Sangardak,T+2/P-10,Ridge_NQ,-11.725975986656945,-11.413647803930715
17211,Sangardak,T+2/P-10,LSTM_OS,-5.770798744009554,11.448171861058999
17211,Sangardak,T+2/P-10,LSTM_AR,-7.466803031783553,16.932578682878685
17211,Sangardak,T+2/P-10,LSTM_NQ,-7.039439262978375,13.833392717608895
16176,Padshaata,T+1,XGB_OS,0.5416171291152461,5.5952926640497
16176,Padshaata,T+1,XGB_AR,-4.766192038828388,19.195460561831034
16176,Padshaata,T+1,XGB_NQ,-2.6147478053206386,12.024545542389353
16176,Padshaata,T+1,RF_OS,-0.29186465714824417,4.459680061117988
16176,Padshaata,T+1,RF_AR,-9.215134844282758,17.587031266980112
16176,Padshaata,T+1,RF_NQ,1.7018713832382737,11.107390270612871
16176,Padshaata,T+1,Ridge_OS,0.47912270726577777,2.400232840528127
16176,Padshaata,T+1,Ridge_AR,1.672489123240073,3.8877633428254565
16176,Padshaata,T+1,Ridge_NQ,-1.6953876763620923,3.8353772325958824
16176,Padshaata,T+1,LSTM_OS,-1.1195296478039296,7.078437403997506
16176,Padshaata,T+1,LSTM_AR,-2.7179153957749613,11.614553837759079
16176,Padshaata,T+1,LSTM_NQ,0.6831355933176075,8.68169917967615
16176,Padshaata,T+2,XGB_OS,1.3372996363099743,11.064055011152362
16176,Padshaata,T+2,XGB_AR,-2.694368422524873,27.382605092493115
16176,Padshaata,T+2,XGB_NQ,-0.8413239037388887,17.803485275057884
16176,Padshaata,T+2,RF_OS,-0.8551384235109039,6.522024826280748
16176,Padshaata,T+2,RF_AR,-11.391219531116691,24.03355477885446
16176,Padshaata,T+2,RF_NQ,3.6139589811347683,19.042501720374226
16176,Padshaata,T+2,Ridge_OS,0.8747523061944706,4.710555031029829
16176,Padshaata,T+2,Ridge_AR,3.1482163927727846,9.79240517347537
16176,Padshaata,T+2,Ridge_NQ,-3.0237778869308896,5.626270143933832
16176,Padshaata,T+2,LSTM_OS,-1.2400876019215024,11.865334445224885
16176,Padshaata,T+2,LSTM_AR,-2.7761241961323346,19.264519681530068
16176,Padshaata,T+2,LSTM_NQ,2.015118271098082,15.95508698456901
16176,Padshaata,T+3,XGB_OS,0.9997013808480393,13.1589753620861
16176,Padshaata,T+3,XGB_AR,-2.9900556357579045,34.636667196190906
16176,Padshaata,T+3,XGB_NQ,-0.8951697075955556,27.292161234597124
16176,Padshaata,T+3,RF_OS,-1.1507631524580453,7.6180246125993945
16176,Padshaata,T+3,RF_AR,-11.599679857664501,31.464250084821987
16176,Padshaata,T+3,RF_NQ,4.595237182119094,24.465497029934504
16176,Padshaata,T+3,Ridge_OS,0.9443810032139233,7.722945769004175
16176,Padshaata,T+3,Ridge_AR,3.292587414746384,18.196252373136968
16176,Padshaata,T+3,Ridge_NQ,-3.83258352917093,10.588502131441635
16176,Padshaata,T+3,LSTM_OS,-0.7867642894566207,16.041860454278854
16176,Padshaata,T+3,LSTM_AR,-1.2171971341082832,26.349164276208203
16176,Padshaata,T+3,LSTM_NQ,3.5984952285024407,23.43459449470734
16176,Padshaata,P+10,XGB_OS,1.2367693681140324,0.3208175123867063
16176,Padshaata,P+10,XGB_AR,5.682959397996701,-2.7478868418652658
16176,Padshaata,P+10,XGB_NQ,5.168108306354124,-2.271041195440837
16176,Padshaata,P+10,RF_OS,0.5492258983923248,-0.4459347571731609
16176,Padshaata,P+10,RF_AR,0.6820030294935941,0.6864537653652469
16176,Padshaata,P+10,RF_NQ,3.810942388421168,-3.2630877221237364
16176,Padshaata,P+10,Ridge_OS,1.7885268288706735,-0.33214557800611555
16176,Padshaata,P+10,Ridge_AR,6.1040935463527735,-3.2471428308914474
16176,Padshaata,P+10,Ridge_NQ,4.986726211422576,-2.9392439206586296
16176,Padshaata,P+10,LSTM_OS,4.980196872477771,-3.278877934770552
16176,Padshaata,P+10,LSTM_AR,14.906935696378065,-7.712051180294656
16176,Padshaata,P+10,LSTM_NQ,10.039639847652726,-9.171026429089356
16176,Padshaata,P-10,XGB_OS,-1.4460242996175876,0.465977749370694
16176,Padshaata,P-10,XGB_AR,-7.932406810336823,12.297182337318013
16176,Padshaata,P-10,XGB_NQ,-4.7285104950326335,0.7015434337429234
16176,Padshaata,P-10,RF_OS,-0.9407984744956299,0.28613197303665183
16176,Padshaata,P-10,RF_AR,-7.756719922780631,9.017606852275474
16176,Padshaata,P-10,RF_NQ,-2.581410513089133,4.06330350942099
16176,Padshaata,P-10,Ridge_OS,-1.545810940157577,0.10656196736144041
16176,Padshaata,P-10,Ridge_AR,-5.274299335649513,1.7821122072312896
16176,Padshaata,P-10,Ridge_NQ,-4.9881512613192065,1.8149576097935993
16176,Padshaata,P-10,LSTM_OS,-3.740305818182832,1.0086774410946635
16176,Padshaata,P-10,LSTM_AR,-9.675267924102327,3.237897587766126
16176,Padshaata,P-10,LSTM_NQ,-8.062192610640118,5.475733292352413
16176,Padshaata,T+2/P-10,XGB_OS,0.2288160471213052,10.949170552371513
16176,Padshaata,T+2/P-10,XGB_AR,-6.029624453764182,28.02873778883528
16176,Padshaata,T+2/P-10,XGB_NQ,-3.144509100334525,16.400735434205693
16176,Padshaata,T+2/P-10,RF_OS,-1.638866651133808,6.631562795341539
16176,Padshaata,T+2/P-10,RF_AR,-13.97348785650051,24.700422303392845
16176,Padshaata,T+2/P-10,RF_NQ,1.3272419789991163,20.33865375966354
16176,Padshaata,T+2/P-10,Ridge_OS,-0.9192196034572664,4.536676597517286
16176,Padshaata,T+2/P-10,Ridge_AR,-2.903928373092979,11.532467304805305
16176,Padshaata,T+2/P-10,Ridge_NQ,-8.018165273356603,5.502052186482198
16176,Padshaata,T+2/P-10,LSTM_OS,-4.261725937876437,11.286997836672676
16176,Padshaata,T+2/P-10,LSTM_AR,-10.07001240333093,18.99658180919649
16176,Padshaata,T+2/P-10,LSTM_NQ,-5.26214770156006,18.50298009399772
16202,Chadak,T+1,XGB_OS,-0.6061774803849507,1.7855661367470965
16202,Chadak,T+1,XGB_AR,2.3284212209194077,8.795656390353413
16202,Chadak,T+1,XGB_NQ,3.5531723212716138,25.789384896933942
16202,Chadak,T+1,RF_OS,-1.3184496796925238,1.7154745389711956
16202,Chadak,T+1,RF_AR,-4.973715671167356,12.699647634898591
16202,Chadak,T+1,RF_NQ,5.150869316958517,15.399387999531466
16202,Chadak,T+1,Ridge_OS,-1.739951698509401,-2.1130999853789856
16202,Chadak,T+1,Ridge_AR,-3.7358619726021836,7.042891687056863
16202,Chadak,T+1,Ridge_NQ,-4.295824932277381,-4.3091157206474495
16202,Chadak,T+1,LSTM_OS,-6.758706714916329,12.931946150510289
16202,Chadak,T+1,LSTM_AR,-7.732459353962062,24.794941535693837
16202,Chadak,T+1,LSTM_NQ,-2.4224392095398395,23.61657155664054
16202,Chadak,T+2,XGB_OS,-1.804206115744822,0.677543607577213
16202,Chadak,T+2,XGB_AR,2.950412132623925,19.98315367817539
16202,Chadak,T+2,XGB_NQ,8.223897534985891,33.970869543169414
16202,Chadak,T+2,RF_OS,-2.453649844519412,0.7992949967488228
16202,Chadak,T+2,RF_AR,-6.1883704003830475,30.493118836291277
16202,Chadak,T+2,RF_NQ,8.385217956801183,25.829748138860786
16202,Chadak,T+2,Ridge_OS,-3.8693266348537647,-5.9930362911627455
16202,Chadak,T+2,Ridge_AR,-8.694760482007124,10.805606737930805
16202,Chadak,T+2,Ridge_NQ,-9.52608773583915,-13.660613440388202
16202,Chadak,T+2,LSTM_OS,-9.963032168297625,18.969328001867837
16202,Chadak,T+2,LSTM_AR,-9.811752148583697,41.0788252192617
16202,Chadak,T+2,LSTM_NQ,-4.474061384061123,41.44999598499179
16202,Chadak,T+3,XGB_OS,-3.6309826162846726,-1.637233348023181
16202,Chadak,T+3,XGB_AR,0.7381925517147669,23.398261720865634
16202,Chadak,T+3,XGB_NQ,6.298966831399899,33.93333455095945
16202,Chadak,T+3,RF_OS,-4.049222813611086,-1.6510409407014865
16202,Chadak,T+3,RF_AR,-3.443316781966721,34.05801899911681
16202,Chadak,T+3,RF_NQ,6.913735196757997,25.34790287718316
16202,Chadak,T+3,Ridge_OS,-6.198023494077532,-9.527758010365172
16202,Chadak,T+3,Ridge_AR,-14.072355693589689,10.301758066754175
16202,Chadak,T+3,Ridge_NQ,-14.614814439460567,-20.830554718264317
16202,Chadak,T+3,LSTM_OS,-12.609348381709061,21.67454107355362
16202,Chadak,T+3,LSTM_AR,-12.762120099134455,51.33023519310634
16202,Chadak,T+3,LSTM_NQ,-9.496313428472059,51.84841300685726
16202,Chadak,P+10,XGB_OS,2.7344577246625867,1.9156156880310915
16202,Chadak,P+10,XGB_AR,12.169323052120994,-12.245822840930408
16202,Chadak,P+10,XGB_NQ,7.260106314778425,1.0536286073325352
16202,Chadak,P+10,RF_OS,1.74953317937514,1.3553382661399604
16202,Chadak,P+10,RF_AR,5.839688976966562,-5.631616155228424
16202,Chadak,P+10,RF_NQ,5.857551374113368,-1.5201265100042383
16202,Chadak,P+10,Ridge_OS,3.8566906598228368,0.29389902318808225
16202,Chadak,P+10,Ridge_AR,10.765473822345829,-5.3154722457899215
16202,Chadak,P+10,Ridge_NQ,11.613729451893274,-2.4170151016621233
16202,Chadak,P+10,LSTM_OS,9.884016135564288,2.4150278040347306
16202,Chadak,P+10,LSTM_AR,26.09541516353655,-14.499469887044626
16202,Chadak,P+10,LSTM_NQ,25.06467574840925,-15.2067490172338
16202,Chadak,P-10,XGB_OS,-2.5351504521723855,-2.091290088071729
16202,Chadak,P-10,XGB_AR,-6.186713436462965,0.6233571914526896
16202,Chadak,P-10,XGB_NQ,-3.804322599382015,-17.609540829640792
16202,Chadak,P-10,RF_OS,-1.7049297960308074,-0.4511434228547384
16202,Chadak,P-10,RF_AR,-4.501054265862048,3.148691544161042
16202,Chadak,P-10,RF_NQ,-4.054039136615195,-5.561771851991127
16202,Chadak,P-10,Ridge_OS,-3.842589390736395,-1.1538487263495045
16202,Chadak,P-10,Ridge_AR,-10.546119801973253,4.499008898765787
16202,Chadak,P-10,Ridge_NQ,-11.598645060491696,0.7551437709701112
16202,Chadak,P-10,LSTM_OS,-8.731336569516746,-2.355098022126289
16202,Chadak,P-10,LSTM_AR,-21.180766512997927,9.958141628457287
16202,Chadak,P-10,LSTM_NQ,-20.434714914345896,9.054642376345491
16202,Chadak,T+2/P-10,XGB_OS,-3.4274439337740104,0.027133825898695285
16202,Chadak,T+2/P-10,XGB_AR,-6.720148328996678,23.30629411604772
16202,Chadak,T+2/P-10,XGB_NQ,2.6951825824309994,12.507418884308786
16202,Chadak,T+2/P-10,RF_OS,-3.96409606170689,0.44228425685480754
16202,Chadak,T+2/P-10,RF_AR,-12.147520378837395,30.988354128069375
16202,Chadak,T+2/P-10,RF_NQ,1.7475963931569138,17.81843483199342
16202,Chadak,T+2/P-10,Ridge_OS,-7.41254672103715,-6.719672685502154
16202,Chadak,T+2/P-10,Ridge_AR,-18.268650587427683,12.369110598467714
16202,Chadak,T+2/P-10,Ridge_NQ,-20.868300409648267,-12.560263279439965
16202,Chadak,T+2/P-10,LSTM_OS,-17.044065787963415,13.74940616354119
16202,Chadak,T+2/P-10,LSTM_AR,-26.668161205892172,37.196798019440806
16202,Chadak,T+2/P-10,LSTM_NQ,-26.513320059708857,39.68481764365342
