source,T2_seas_med,T2_seas_ratio,T2_seas_sign,P10_vol_med,P10_vol_ratio,P10_vol_sign,T+1,T+2,T+3,T3/T2
XGB_OS,8.297530898664673,0.2647882221911156,8,1.4773238798892363,0.1410311029162932,9,4.047588920795753,8.297530898664673,11.685034597786014,1.4082544241765336
XGB_AR,19.98315367817539,0.5796217367473082,8,5.431826028083342,0.44039428551144255,9,8.795656390353413,19.98315367817539,23.398261720865634,1.1708993534098702
XGB_NQ,17.803485275057884,0.5329678337981603,7,3.8665160763213358,0.32114412831709116,9,10.916537020316387,17.803485275057884,27.292161234597124,1.5329673270678394
RF_OS,4.7287182226233515,0.1884530757922727,7,1.248137757386325,0.09359028831635828,9,2.1453266131832183,4.7287182226233515,7.589347414117942,1.6049481184581134
RF_AR,15.757617790204915,0.5133313698216622,8,3.4252673961839397,0.31239086030215235,9,8.762792756714209,15.757617790204915,23.97661922579499,1.5215890844045656
RF_NQ,19.042501720374226,0.5700592179119036,6,2.867405077163565,0.2396220615258326,9,8.582889725489974,19.042501720374226,24.465497029934504,1.2847837636668311
Ridge_OS,4.1524319205331395,0.1333037805164335,6,1.9021378228631702,0.16800508991919313,9,1.9830655722833268,4.1524319205331395,7.217267351238455,1.7380820418873513
Ridge_AR,9.79240517347537,0.2931469255793847,8,6.1040935463527735,0.5283542101313006,9,3.8877633428254565,9.79240517347537,12.61611966967271,1.2883576043039884
Ridge_NQ,7.555868740286531,0.3409276796487973,7,5.1976085277301465,0.43435149094837866,9,3.8353772325958824,7.555868740286531,10.588502131441635,1.4013613120336048
LSTM_OS,11.882322661036692,0.4609839215098359,9,3.222133860309939,0.2919470641136104,9,7.078437403997506,11.882322661036692,16.041860454278854,1.3500610033829241
LSTM_AR,17.740285426827395,0.6882447445086143,9,6.992180733059117,0.5282045033198072,9,9.99583567743747,17.740285426827395,23.495759384175738,1.324429614229585
LSTM_NQ,15.95508698456901,0.6565327643828814,9,6.568596928480619,0.5107772053387004,9,8.68169917967615,15.95508698456901,23.43459449470734,1.46878512899191
