gauge,basin,source,NSE_eval
17288,Zeravshan,XGB_OS,0.967853756519922
17288,Zeravshan,XGB_AR,0.9545118463778051
17288,Zeravshan,XGB_NQ,0.9444352067173284
17288,Zeravshan,RF_OS,0.9539537226479422
17288,Zeravshan,RF_AR,0.9344463431373893
17288,Zeravshan,RF_NQ,0.9436353894199224
17288,Zeravshan,Ridge_OS,0.947321125718061
17288,Zeravshan,Ridge_AR,0.9226137708861503
17288,Zeravshan,Ridge_NQ,0.9197420766992792
17288,Zeravshan,LSTM_OS,0.9683627361843482
17288,Zeravshan,LSTM_AR,0.9641095332809213
17288,Zeravshan,LSTM_NQ,0.9394191788012829
16279,Chatkal,XGB_OS,0.947838913585015
16279,Chatkal,XGB_AR,0.9139489439798409
16279,Chatkal,XGB_NQ,0.8592568357165137
16279,Chatkal,RF_OS,0.936662001720797
16279,Chatkal,RF_AR,0.9085944033761288
16279,Chatkal,RF_NQ,0.8985953762110835
16279,Chatkal,Ridge_OS,0.9264688906035948
16279,Chatkal,Ridge_AR,0.7989939147668185
16279,Chatkal,Ridge_NQ,0.7748844370431813
16279,Chatkal,LSTM_OS,0.955752762092334
16279,Chatkal,LSTM_AR,0.8583581953724593
16279,Chatkal,LSTM_NQ,0.9216160941073892
16290,Pskem,XGB_OS,0.9688435223961774
16290,Pskem,XGB_AR,0.944576049480889
16290,Pskem,XGB_NQ,0.9313031537954811
16290,Pskem,RF_OS,0.9632583086502631
16290,Pskem,RF_AR,0.8778383872379732
16290,Pskem,RF_NQ,0.9253136450155414
16290,Pskem,Ridge_OS,0.9529010271649729
16290,Pskem,Ridge_AR,0.8960002340664905
16290,Pskem,Ridge_NQ,0.8930798394952539
16290,Pskem,LSTM_OS,0.9769691791411198
16290,Pskem,LSTM_AR,0.958911862049834
16290,Pskem,LSTM_NQ,0.957116180423667
16300,Ugam,XGB_OS,0.9342706720150125
16300,Ugam,XGB_AR,0.899222055113698
16300,Ugam,XGB_NQ,0.9009307029198627
16300,Ugam,RF_OS,0.9126723571742675
16300,Ugam,RF_AR,0.8794548258228047
16300,Ugam,RF_NQ,0.87602893496426
16300,Ugam,Ridge_OS,0.9042801695453081
16300,Ugam,Ridge_AR,0.8880445951047997
16300,Ugam,Ridge_NQ,0.8394429333671013
16300,Ugam,LSTM_OS,0.9333277170863589
16300,Ugam,LSTM_AR,0.9134512931409515
16300,Ugam,LSTM_NQ,0.8205355650509081
16936,Naryn,XGB_OS,0.9132249825872232
16936,Naryn,XGB_AR,0.8952378610632471
16936,Naryn,XGB_NQ,0.8606215160033944
16936,Naryn,RF_OS,0.8658817624602053
16936,Naryn,RF_AR,0.8180165783871666
16936,Naryn,RF_NQ,0.807554451226902
16936,Naryn,Ridge_OS,0.8679074502656123
16936,Naryn,Ridge_AR,0.8121451575318746
16936,Naryn,Ridge_NQ,0.7647901236700342
16936,Naryn,LSTM_OS,0.8895128009681411
16936,Naryn,LSTM_AR,0.8806829069767401
16936,Naryn,LSTM_NQ,0.7474314876720546
17202,Karatag,XGB_OS,0.9211284781493974
17202,Karatag,XGB_AR,0.8976321248752512
17202,Karatag,XGB_NQ,0.9018421589142664
17202,Karatag,RF_OS,0.9097155081966829
17202,Karatag,RF_AR,0.8884882187730921
17202,Karatag,RF_NQ,0.893842418070121
17202,Karatag,Ridge_OS,0.9390315912885675
17202,Karatag,Ridge_AR,0.9041821372581698
17202,Karatag,Ridge_NQ,0.9017889472525701
17202,Karatag,LSTM_OS,0.9339156793315663
17202,Karatag,LSTM_AR,0.9041232160112533
17202,Karatag,LSTM_NQ,0.8903426340832921
17211,Sangardak,XGB_OS,0.9112266234578692
17211,Sangardak,XGB_AR,0.8713702352443781
17211,Sangardak,XGB_NQ,0.8613333344407642
17211,Sangardak,RF_OS,0.9150610093745697
17211,Sangardak,RF_AR,0.8690784812007535
17211,Sangardak,RF_NQ,0.8613346767818078
17211,Sangardak,Ridge_OS,0.9183606876179049
17211,Sangardak,Ridge_AR,0.8708446456634612
17211,Sangardak,Ridge_NQ,0.8498471077723979
17211,Sangardak,LSTM_OS,0.8274024169903377
17211,Sangardak,LSTM_AR,0.8121597291667557
17211,Sangardak,LSTM_NQ,0.8299238154012909
16176,Padshaata,XGB_OS,0.9108661334590229
16176,Padshaata,XGB_AR,0.7759179172048754
16176,Padshaata,XGB_NQ,0.7956846614771029
16176,Padshaata,RF_OS,0.9115442132361227
16176,Padshaata,RF_AR,0.8740742561235354
16176,Padshaata,RF_NQ,0.8423579613990131
16176,Padshaata,Ridge_OS,0.9013389365360539
16176,Padshaata,Ridge_AR,0.747330905064834
16176,Padshaata,Ridge_NQ,0.7418176212223896
16176,Padshaata,LSTM_OS,0.9332463513814143
16176,Padshaata,LSTM_AR,0.8935643131942848
16176,Padshaata,LSTM_NQ,0.8479583598439522
16202,Chadak,XGB_OS,0.8644700226448884
16202,Chadak,XGB_AR,0.804644182715488
16202,Chadak,XGB_NQ,0.795737226969606
16202,Chadak,RF_OS,0.8476676711778091
16202,Chadak,RF_AR,0.7269251586988029
16202,Chadak,RF_NQ,0.8036014040155685
16202,Chadak,Ridge_OS,0.8729892700663089
16202,Chadak,Ridge_AR,0.7897418166994838
16202,Chadak,Ridge_NQ,0.6782768405285001
16202,Chadak,LSTM_OS,0.8992918995366659
16202,Chadak,LSTM_AR,0.8904393181691338
16202,Chadak,LSTM_NQ,0.8940711622758464
