gauge,basin,sigma,source,NSE_eval
17288,Zeravshan,0.0,XGB_OS,0.949954477715427
17288,Zeravshan,0.0,XGB_AR,0.9402686349452253
17288,Zeravshan,0.0,XGB_NQ,0.9344286981458778
17288,Zeravshan,0.0,RF_OS,0.9422455390363862
17288,Zeravshan,0.0,RF_AR,0.9355472497223608
17288,Zeravshan,0.0,RF_NQ,0.9310886591630343
17288,Zeravshan,0.0,Ridge_OS,0.9115796374751278
17288,Zeravshan,0.0,Ridge_AR,0.8721306523510884
17288,Zeravshan,0.0,Ridge_NQ,0.8617708601095682
17288,Zeravshan,0.0,LSTM_OS,0.9328155198389341
17288,Zeravshan,0.0,LSTM_AR,0.9345584453946473
17288,Zeravshan,0.0,LSTM_NQ,0.9500888590755181
17288,Zeravshan,0.5,XGB_OS,0.9437590824943471
17288,Zeravshan,0.5,XGB_AR,0.9310860111731857
17288,Zeravshan,0.5,XGB_NQ,0.9171340766399735
17288,Zeravshan,0.5,RF_OS,0.9373235922766512
17288,Zeravshan,0.5,RF_AR,0.9313068943190328
17288,Zeravshan,0.5,RF_NQ,0.9186280158758279
17288,Zeravshan,0.5,Ridge_OS,0.9073698331570661
17288,Zeravshan,0.5,Ridge_AR,0.8674181010297745
17288,Zeravshan,0.5,Ridge_NQ,0.8565529104321984
17288,Zeravshan,0.5,LSTM_OS,0.9111139838669942
17288,Zeravshan,0.5,LSTM_AR,0.9061151376602689
17288,Zeravshan,0.5,LSTM_NQ,0.9179714951901792
16279,Chatkal,0.0,XGB_OS,0.9132386028951817
16279,Chatkal,0.0,XGB_AR,0.8692266753851302
16279,Chatkal,0.0,XGB_NQ,0.8088098715925804
16279,Chatkal,0.0,RF_OS,0.8961821768105867
16279,Chatkal,0.0,RF_AR,0.8167323142127746
16279,Chatkal,0.0,RF_NQ,0.8280262493363015
16279,Chatkal,0.0,Ridge_OS,0.883631875537838
16279,Chatkal,0.0,Ridge_AR,0.7416368703764589
16279,Chatkal,0.0,Ridge_NQ,0.6472333867695854
16279,Chatkal,0.0,LSTM_OS,0.9122148938988167
16279,Chatkal,0.0,LSTM_AR,0.919942349962144
16279,Chatkal,0.0,LSTM_NQ,0.9343192556310925
16279,Chatkal,0.5,XGB_OS,0.9066690763184008
16279,Chatkal,0.5,XGB_AR,0.8397937110438054
16279,Chatkal,0.5,XGB_NQ,0.792552143527754
16279,Chatkal,0.5,RF_OS,0.8915268528696624
16279,Chatkal,0.5,RF_AR,0.817045685994653
16279,Chatkal,0.5,RF_NQ,0.8128366055045975
16279,Chatkal,0.5,Ridge_OS,0.882667153498967
16279,Chatkal,0.5,Ridge_AR,0.7360263328354626
16279,Chatkal,0.5,Ridge_NQ,0.6332664304289775
16279,Chatkal,0.5,LSTM_OS,0.8822238147800724
16279,Chatkal,0.5,LSTM_AR,0.8707097325294368
16279,Chatkal,0.5,LSTM_NQ,0.8926039701743642
16290,Pskem,0.0,XGB_OS,0.8965606095578827
16290,Pskem,0.0,XGB_AR,0.806849749217426
16290,Pskem,0.0,XGB_NQ,0.7680234904402947
16290,Pskem,0.0,RF_OS,0.8859826614855859
16290,Pskem,0.0,RF_AR,0.7725282875790485
16290,Pskem,0.0,RF_NQ,0.7896346579642527
16290,Pskem,0.0,Ridge_OS,0.9147876584423714
16290,Pskem,0.0,Ridge_AR,0.7458584335257722
16290,Pskem,0.0,Ridge_NQ,0.6984010279763508
16290,Pskem,0.0,LSTM_OS,0.9052992697939442
16290,Pskem,0.0,LSTM_AR,0.9022038101366323
16290,Pskem,0.0,LSTM_NQ,0.9324024379242903
16290,Pskem,0.5,XGB_OS,0.9019528529061954
16290,Pskem,0.5,XGB_AR,0.8355116017749052
16290,Pskem,0.5,XGB_NQ,0.7750764779403777
16290,Pskem,0.5,RF_OS,0.8868727716185547
16290,Pskem,0.5,RF_AR,0.8078080958168716
16290,Pskem,0.5,RF_NQ,0.800240887166573
16290,Pskem,0.5,Ridge_OS,0.915038168261826
16290,Pskem,0.5,Ridge_AR,0.749542683422912
16290,Pskem,0.5,Ridge_NQ,0.6918857328702424
16290,Pskem,0.5,LSTM_OS,0.9206228478147622
16290,Pskem,0.5,LSTM_AR,0.9300270884741983
16290,Pskem,0.5,LSTM_NQ,0.8861062247172043
16300,Ugam,0.0,XGB_OS,0.9383302036676231
16300,Ugam,0.0,XGB_AR,0.9334679579002179
16300,Ugam,0.0,XGB_NQ,0.859640284860524
16300,Ugam,0.0,RF_OS,0.937832282686186
16300,Ugam,0.0,RF_AR,0.8976889557923071
16300,Ugam,0.0,RF_NQ,0.8578501892901425
16300,Ugam,0.0,Ridge_OS,0.9398581858951063
16300,Ugam,0.0,Ridge_AR,0.8402951087496455
16300,Ugam,0.0,Ridge_NQ,0.784137571685624
16300,Ugam,0.0,LSTM_OS,0.9327084087731832
16300,Ugam,0.0,LSTM_AR,0.9183420193947975
16300,Ugam,0.0,LSTM_NQ,0.9534399088187334
16300,Ugam,0.5,XGB_OS,0.9431885674996263
16300,Ugam,0.5,XGB_AR,0.8665447585265008
16300,Ugam,0.5,XGB_NQ,0.8170013962537277
16300,Ugam,0.5,RF_OS,0.9381189809668975
16300,Ugam,0.5,RF_AR,0.873596954717865
16300,Ugam,0.5,RF_NQ,0.8450757719044014
16300,Ugam,0.5,Ridge_OS,0.9358311527973104
16300,Ugam,0.5,Ridge_AR,0.8021254065736774
16300,Ugam,0.5,Ridge_NQ,0.7341776255868405
16300,Ugam,0.5,LSTM_OS,0.9289472773850331
16300,Ugam,0.5,LSTM_AR,0.9031250779991162
16300,Ugam,0.5,LSTM_NQ,0.8944359400564528
16936,Naryn,0.0,XGB_OS,0.9329336145275124
16936,Naryn,0.0,XGB_AR,0.8488217251911512
16936,Naryn,0.0,XGB_NQ,0.8168940038527801
16936,Naryn,0.0,RF_OS,0.9260338720936875
16936,Naryn,0.0,RF_AR,0.8189814072357604
16936,Naryn,0.0,RF_NQ,0.8266186628477371
16936,Naryn,0.0,Ridge_OS,0.9069620952212337
16936,Naryn,0.0,Ridge_AR,0.7799734136843014
16936,Naryn,0.0,Ridge_NQ,0.761228306663349
16936,Naryn,0.0,LSTM_OS,0.9410369557745503
16936,Naryn,0.0,LSTM_AR,0.9227746847221343
16936,Naryn,0.0,LSTM_NQ,0.9530844860663518
16936,Naryn,0.5,XGB_OS,0.9183384947267215
16936,Naryn,0.5,XGB_AR,0.8544439292584332
16936,Naryn,0.5,XGB_NQ,0.7723586269786176
16936,Naryn,0.5,RF_OS,0.9216292721277418
16936,Naryn,0.5,RF_AR,0.8317844639113043
16936,Naryn,0.5,RF_NQ,0.8061353658955751
16936,Naryn,0.5,Ridge_OS,0.9131425367704457
16936,Naryn,0.5,Ridge_AR,0.7746678530023957
16936,Naryn,0.5,Ridge_NQ,0.7439867625758566
16936,Naryn,0.5,LSTM_OS,0.9308356016994073
16936,Naryn,0.5,LSTM_AR,0.9362235746277396
16936,Naryn,0.5,LSTM_NQ,0.8400866905905362
17202,Karatag,0.0,XGB_OS,0.9157275165573865
17202,Karatag,0.0,XGB_AR,0.8697104540495662
17202,Karatag,0.0,XGB_NQ,0.8863610930289021
17202,Karatag,0.0,RF_OS,0.9129222122019259
17202,Karatag,0.0,RF_AR,0.8554285265440613
17202,Karatag,0.0,RF_NQ,0.882666694622998
17202,Karatag,0.0,Ridge_OS,0.8955103396935185
17202,Karatag,0.0,Ridge_AR,0.8398630608136628
17202,Karatag,0.0,Ridge_NQ,0.7740796704443882
17202,Karatag,0.0,LSTM_OS,0.9362527687635117
17202,Karatag,0.0,LSTM_AR,0.9335227461606662
17202,Karatag,0.0,LSTM_NQ,0.9396909309020836
17202,Karatag,0.5,XGB_OS,0.917422322864624
17202,Karatag,0.5,XGB_AR,0.895955329048612
17202,Karatag,0.5,XGB_NQ,0.8776063652275711
17202,Karatag,0.5,RF_OS,0.9115885298440073
17202,Karatag,0.5,RF_AR,0.8652384633226566
17202,Karatag,0.5,RF_NQ,0.8739125359315191
17202,Karatag,0.5,Ridge_OS,0.8927840178346015
17202,Karatag,0.5,Ridge_AR,0.8271662776052813
17202,Karatag,0.5,Ridge_NQ,0.7625588183475226
17202,Karatag,0.5,LSTM_OS,0.9119574382168303
17202,Karatag,0.5,LSTM_AR,0.8839037457851845
17202,Karatag,0.5,LSTM_NQ,0.9080563273643453
17211,Sangardak,0.0,XGB_OS,0.9066106430945138
17211,Sangardak,0.0,XGB_AR,0.8570977943501682
17211,Sangardak,0.0,XGB_NQ,0.8526082449652146
17211,Sangardak,0.0,RF_OS,0.901303891892972
17211,Sangardak,0.0,RF_AR,0.8232872068568513
17211,Sangardak,0.0,RF_NQ,0.8434536091228522
17211,Sangardak,0.0,Ridge_OS,0.9054666275449949
17211,Sangardak,0.0,Ridge_AR,0.7923026638628289
17211,Sangardak,0.0,Ridge_NQ,0.6928344164874198
17211,Sangardak,0.0,LSTM_OS,0.9373608756856875
17211,Sangardak,0.0,LSTM_AR,0.9299334114249598
17211,Sangardak,0.0,LSTM_NQ,0.9207635456984724
17211,Sangardak,0.5,XGB_OS,0.8930188625445221
17211,Sangardak,0.5,XGB_AR,0.8094810347373752
17211,Sangardak,0.5,XGB_NQ,0.8025175862144286
17211,Sangardak,0.5,RF_OS,0.8964239334536085
17211,Sangardak,0.5,RF_AR,0.795737938103923
17211,Sangardak,0.5,RF_NQ,0.8105104548642087
17211,Sangardak,0.5,Ridge_OS,0.9048740687160577
17211,Sangardak,0.5,Ridge_AR,0.7761677838634421
17211,Sangardak,0.5,Ridge_NQ,0.6505088378279209
17211,Sangardak,0.5,LSTM_OS,0.9068789858615549
17211,Sangardak,0.5,LSTM_AR,0.838255527241686
17211,Sangardak,0.5,LSTM_NQ,0.8472063707482256
16176,Padshaata,0.0,XGB_OS,0.9331908564953263
16176,Padshaata,0.0,XGB_AR,0.8768872093439474
16176,Padshaata,0.0,XGB_NQ,0.8535933421636508
16176,Padshaata,0.0,RF_OS,0.9353855882474736
16176,Padshaata,0.0,RF_AR,0.8720126372048581
16176,Padshaata,0.0,RF_NQ,0.866782513613122
16176,Padshaata,0.0,Ridge_OS,0.9300062641410816
16176,Padshaata,0.0,Ridge_AR,0.7885179716054312
16176,Padshaata,0.0,Ridge_NQ,0.728794759194989
16176,Padshaata,0.0,LSTM_OS,0.9482064634704895
16176,Padshaata,0.0,LSTM_AR,0.9551141132026536
16176,Padshaata,0.0,LSTM_NQ,0.9464898273116867
16176,Padshaata,0.5,XGB_OS,0.9344983639428277
16176,Padshaata,0.5,XGB_AR,0.8550082720822048
16176,Padshaata,0.5,XGB_NQ,0.8321533453360968
16176,Padshaata,0.5,RF_OS,0.9335283240529394
16176,Padshaata,0.5,RF_AR,0.8512401519374294
16176,Padshaata,0.5,RF_NQ,0.8443182954718368
16176,Padshaata,0.5,Ridge_OS,0.9287897136414967
16176,Padshaata,0.5,Ridge_AR,0.7864293773035727
16176,Padshaata,0.5,Ridge_NQ,0.7057141884936403
16176,Padshaata,0.5,LSTM_OS,0.9383736238008485
16176,Padshaata,0.5,LSTM_AR,0.9395527082069726
16176,Padshaata,0.5,LSTM_NQ,0.9240633240891265
16202,Chadak,0.0,XGB_OS,0.9184708585357619
16202,Chadak,0.0,XGB_AR,0.7048155387349629
16202,Chadak,0.0,XGB_NQ,0.6805767151397002
16202,Chadak,0.0,RF_OS,0.9268421211407154
16202,Chadak,0.0,RF_AR,0.684996688150328
16202,Chadak,0.0,RF_NQ,0.7175310626288287
16202,Chadak,0.0,Ridge_OS,0.9199677969228036
16202,Chadak,0.0,Ridge_AR,0.6272023711984374
16202,Chadak,0.0,Ridge_NQ,0.4968212771100471
16202,Chadak,0.0,LSTM_OS,0.943052701816958
16202,Chadak,0.0,LSTM_AR,0.8965483737092305
16202,Chadak,0.0,LSTM_NQ,0.9507518835407691
16202,Chadak,0.5,XGB_OS,0.9152183126537866
16202,Chadak,0.5,XGB_AR,0.7057165153415668
16202,Chadak,0.5,XGB_NQ,0.6371615925216791
16202,Chadak,0.5,RF_OS,0.9269103165793715
16202,Chadak,0.5,RF_AR,0.6299046025687256
16202,Chadak,0.5,RF_NQ,0.6865357291718011
16202,Chadak,0.5,Ridge_OS,0.9188473022493374
16202,Chadak,0.5,Ridge_AR,0.6167321929794845
16202,Chadak,0.5,Ridge_NQ,0.4752706701024775
16202,Chadak,0.5,LSTM_OS,0.9217897546969727
16202,Chadak,0.5,LSTM_AR,0.8574596517694724
16202,Chadak,0.5,LSTM_NQ,0.9065079932930294
