gauge,basin,sigma,scenario,source,vol,seas,vol_true,seas_true
17288,Zeravshan,0.0,T+2,XGB_OS,8.86998048206571,6.995677633559061,10.644733118211235,-2.8887250290804865
17288,Zeravshan,0.0,T+2,XGB_AR,14.634910407235125,12.593751698549482,10.644733118211235,-2.8887250290804865
17288,Zeravshan,0.0,T+2,XGB_NQ,16.156640553670808,19.570697727892483,10.644733118211235,-2.8887250290804865
17288,Zeravshan,0.0,T+2,RF_OS,10.920777427495132,15.688023263414252,10.644733118211235,-2.8887250290804865
17288,Zeravshan,0.0,T+2,RF_AR,15.701292578356863,20.363102971384574,10.644733118211235,-2.8887250290804865
17288,Zeravshan,0.0,T+2,RF_NQ,15.809704379516788,24.381786617019173,10.644733118211235,-2.8887250290804865
17288,Zeravshan,0.0,T+2,Ridge_OS,4.196994752138394,1.8130360687824032,10.644733118211235,-2.8887250290804865
17288,Zeravshan,0.0,T+2,Ridge_AR,5.914133320990489,3.6847513640444483,10.644733118211235,-2.8887250290804865
17288,Zeravshan,0.0,T+2,Ridge_NQ,4.460951252665679,-2.2836365291222247,10.644733118211235,-2.8887250290804865
17288,Zeravshan,0.0,T+2,LSTM_OS,10.21537131541117,26.2943633304924,10.644733118211235,-2.8887250290804865
17288,Zeravshan,0.0,T+2,LSTM_AR,15.015468178160262,24.22237238460214,10.644733118211235,-2.8887250290804865
17288,Zeravshan,0.0,T+2,LSTM_NQ,16.140712584530938,21.36717051340125,10.644733118211235,-2.8887250290804865
17288,Zeravshan,0.0,T+3,XGB_OS,13.520320826040223,12.508916539710292,16.5663888440843,12.057022155333108
17288,Zeravshan,0.0,T+3,XGB_AR,23.285353610442215,21.078687011823916,16.5663888440843,12.057022155333108
17288,Zeravshan,0.0,T+3,XGB_NQ,23.778738066387774,30.61034875969775,16.5663888440843,12.057022155333108
17288,Zeravshan,0.0,T+3,RF_OS,15.80756268647814,23.661043919744436,16.5663888440843,12.057022155333108
17288,Zeravshan,0.0,T+3,RF_AR,23.543779113548347,29.371300825221276,16.5663888440843,12.057022155333108
17288,Zeravshan,0.0,T+3,RF_NQ,23.242629633274614,35.257537788121866,16.5663888440843,12.057022155333108
17288,Zeravshan,0.0,T+3,Ridge_OS,6.7140509219884015,3.5892270708547613,16.5663888440843,12.057022155333108
17288,Zeravshan,0.0,T+3,Ridge_AR,9.739534045328835,6.800210342944467,16.5663888440843,12.057022155333108
17288,Zeravshan,0.0,T+3,Ridge_NQ,7.462268419279106,-1.9436681768773223,16.5663888440843,12.057022155333108
17288,Zeravshan,0.0,T+3,LSTM_OS,16.095168424603678,40.40544295563624,16.5663888440843,12.057022155333108
17288,Zeravshan,0.0,T+3,LSTM_AR,23.131555331374077,38.73081782521297,16.5663888440843,12.057022155333108
17288,Zeravshan,0.0,T+3,LSTM_NQ,24.65031507700759,35.80942678383279,16.5663888440843,12.057022155333108
17288,Zeravshan,0.0,P+10,XGB_OS,0.4724600115671551,1.5909714178429013,9.42376500151505,14.295118847596111
17288,Zeravshan,0.0,P+10,XGB_AR,0.700807642008483,1.9468697775197663,9.42376500151505,14.295118847596111
17288,Zeravshan,0.0,P+10,XGB_NQ,1.357285816659104,2.4294669504627997,9.42376500151505,14.295118847596111
17288,Zeravshan,0.0,P+10,RF_OS,0.25683274994605654,0.9548804046591197,9.42376500151505,14.295118847596111
17288,Zeravshan,0.0,P+10,RF_AR,0.3650433722031332,1.2144892152904152,9.42376500151505,14.295118847596111
17288,Zeravshan,0.0,P+10,RF_NQ,0.4066168002291759,1.3276011039226265,9.42376500151505,14.295118847596111
17288,Zeravshan,0.0,P+10,Ridge_OS,0.5594605702230693,0.8569802731864806,9.42376500151505,14.295118847596111
17288,Zeravshan,0.0,P+10,Ridge_AR,0.7555490684348243,1.1322033505985152,9.42376500151505,14.295118847596111
17288,Zeravshan,0.0,P+10,Ridge_NQ,1.055731641968083,1.4515362540504118,9.42376500151505,14.295118847596111
17288,Zeravshan,0.0,P+10,LSTM_OS,3.082449779437879,8.23583480920609,9.42376500151505,14.295118847596111
17288,Zeravshan,0.0,P+10,LSTM_AR,4.766918706134593,9.178888268107443,9.42376500151505,14.295118847596111
17288,Zeravshan,0.0,P+10,LSTM_NQ,5.5131381504543775,10.683196506234948,9.42376500151505,14.295118847596111
17288,Zeravshan,0.0,P-10,XGB_OS,-0.24739831246983757,-2.8104457527008964,-8.690755478880252,-11.77664938286591
17288,Zeravshan,0.0,P-10,XGB_AR,-0.8924895276834044,-4.296339502684243,-8.690755478880252,-11.77664938286591
17288,Zeravshan,0.0,P-10,XGB_NQ,-0.9248139696808821,-4.813373017546329,-8.690755478880252,-11.77664938286591
17288,Zeravshan,0.0,P-10,RF_OS,-0.36395554509803807,-1.2214108204649965,-8.690755478880252,-11.77664938286591
17288,Zeravshan,0.0,P-10,RF_AR,-0.5726346575605445,-1.7705974317781425,-8.690755478880252,-11.77664938286591
17288,Zeravshan,0.0,P-10,RF_NQ,-0.78164165225445,-2.3026409683030935,-8.690755478880252,-11.77664938286591
17288,Zeravshan,0.0,P-10,Ridge_OS,-0.5594605702230582,-0.8569802731864584,-8.690755478880252,-11.77664938286591
17288,Zeravshan,0.0,P-10,Ridge_AR,-0.7551696182204082,-1.1328439921715727,-8.690755478880252,-11.77664938286591
17288,Zeravshan,0.0,P-10,Ridge_NQ,-1.0557316419680496,-1.4515362540503896,-8.690755478880252,-11.77664938286591
17288,Zeravshan,0.0,P-10,LSTM_OS,-2.839100937024064,-7.777571531627801,-8.690755478880252,-11.77664938286591
17288,Zeravshan,0.0,P-10,LSTM_AR,-4.47051141396847,-8.213003378665906,-8.690755478880252,-11.77664938286591
17288,Zeravshan,0.0,P-10,LSTM_NQ,-6.072816526249247,-11.549436563159954,-8.690755478880252,-11.77664938286591
17288,Zeravshan,0.5,T+2,XGB_OS,9.156518051856555,6.617752901061834,10.644733118211235,-2.8887250290804865
17288,Zeravshan,0.5,T+2,XGB_AR,17.50581045586013,16.05980544794894,10.644733118211235,-2.8887250290804865
17288,Zeravshan,0.5,T+2,XGB_NQ,17.755172141805996,15.137418146816374,10.644733118211235,-2.8887250290804865
17288,Zeravshan,0.5,T+2,RF_OS,11.103237523252417,13.632656836082415,10.644733118211235,-2.8887250290804865
17288,Zeravshan,0.5,T+2,RF_AR,16.198446404773172,20.1715342522353,10.644733118211235,-2.8887250290804865
17288,Zeravshan,0.5,T+2,RF_NQ,16.038250575118475,21.082221185072637,10.644733118211235,-2.8887250290804865
17288,Zeravshan,0.5,T+2,Ridge_OS,4.407825760568085,1.9444686946935565,10.644733118211235,-2.8887250290804865
17288,Zeravshan,0.5,T+2,Ridge_AR,6.092367271468713,3.8683843870312984,10.644733118211235,-2.8887250290804865
17288,Zeravshan,0.5,T+2,Ridge_NQ,4.595470083350595,-2.2972002986633377,10.644733118211235,-2.8887250290804865
17288,Zeravshan,0.5,T+2,LSTM_OS,10.951036095970924,26.20347672311518,10.644733118211235,-2.8887250290804865
17288,Zeravshan,0.5,T+2,LSTM_AR,16.349390613403347,27.94194007165638,10.644733118211235,-2.8887250290804865
17288,Zeravshan,0.5,T+2,LSTM_NQ,14.371883903399851,27.557208398074515,10.644733118211235,-2.8887250290804865
17288,Zeravshan,0.5,T+3,XGB_OS,14.54815406076806,13.521621173268514,16.5663888440843,12.057022155333108
17288,Zeravshan,0.5,T+3,XGB_AR,27.750509022929258,23.16279484562371,16.5663888440843,12.057022155333108
17288,Zeravshan,0.5,T+3,XGB_NQ,25.600008720551948,21.53365566885561,16.5663888440843,12.057022155333108
17288,Zeravshan,0.5,T+3,RF_OS,16.143553848676163,21.832289586385745,16.5663888440843,12.057022155333108
17288,Zeravshan,0.5,T+3,RF_AR,24.090044048881175,29.315015825355115,16.5663888440843,12.057022155333108
17288,Zeravshan,0.5,T+3,RF_NQ,24.124746942167597,31.5236992740954,16.5663888440843,12.057022155333108
17288,Zeravshan,0.5,T+3,Ridge_OS,7.019870681759399,3.7623894043060453,16.5663888440843,12.057022155333108
17288,Zeravshan,0.5,T+3,Ridge_AR,9.89293127494384,7.113769407255145,16.5663888440843,12.057022155333108
17288,Zeravshan,0.5,T+3,Ridge_NQ,7.652597088650426,-1.999116519510789,16.5663888440843,12.057022155333108
17288,Zeravshan,0.5,T+3,LSTM_OS,17.489760096332652,39.935418770701254,16.5663888440843,12.057022155333108
17288,Zeravshan,0.5,T+3,LSTM_AR,25.053903419334844,44.52449375528666,16.5663888440843,12.057022155333108
17288,Zeravshan,0.5,T+3,LSTM_NQ,21.935315365108,43.71727131355998,16.5663888440843,12.057022155333108
17288,Zeravshan,0.5,P+10,XGB_OS,0.5062669958256327,1.3609205507745248,9.42376500151505,14.295118847596111
17288,Zeravshan,0.5,P+10,XGB_AR,1.6593215341857537,3.8261714751581133,9.42376500151505,14.295118847596111
17288,Zeravshan,0.5,P+10,XGB_NQ,0.9647497025233154,2.0348191958998285,9.42376500151505,14.295118847596111
17288,Zeravshan,0.5,P+10,RF_OS,0.1960237474544657,0.6764191372871764,9.42376500151505,14.295118847596111
17288,Zeravshan,0.5,P+10,RF_AR,0.25766061477978663,1.0580952475166328,9.42376500151505,14.295118847596111
17288,Zeravshan,0.5,P+10,RF_NQ,0.4101718604028637,0.5527791604589494,9.42376500151505,14.295118847596111
17288,Zeravshan,0.5,P+10,Ridge_OS,0.2891691993359258,0.5121620238569546,9.42376500151505,14.295118847596111
17288,Zeravshan,0.5,P+10,Ridge_AR,0.39150646054340044,0.6964164117286842,9.42376500151505,14.295118847596111
17288,Zeravshan,0.5,P+10,Ridge_NQ,0.6140492371727424,0.9550101365042973,9.42376500151505,14.295118847596111
17288,Zeravshan,0.5,P+10,LSTM_OS,0.40738637647237397,0.948937308095732,9.42376500151505,14.295118847596111
17288,Zeravshan,0.5,P+10,LSTM_AR,0.8999499766804364,1.5261897139161373,9.42376500151505,14.295118847596111
17288,Zeravshan,0.5,P+10,LSTM_NQ,1.0109341296619334,2.0431464693162704,9.42376500151505,14.295118847596111
17288,Zeravshan,0.5,P-10,XGB_OS,-0.359341456251272,-1.7786553587599396,-8.690755478880252,-11.77664938286591
17288,Zeravshan,0.5,P-10,XGB_AR,-0.15339561290093062,-2.349849399674253,-8.690755478880252,-11.77664938286591
17288,Zeravshan,0.5,P-10,XGB_NQ,-0.8644690302493707,-1.9452324745760974,-8.690755478880252,-11.77664938286591
17288,Zeravshan,0.5,P-10,RF_OS,-0.16118966462670414,-0.9810235596926509,-8.690755478880252,-11.77664938286591
17288,Zeravshan,0.5,P-10,RF_AR,-0.20862164640512715,-1.1296763593571235,-8.690755478880252,-11.77664938286591
17288,Zeravshan,0.5,P-10,RF_NQ,-0.31053495332297176,-1.6525234883458584,-8.690755478880252,-11.77664938286591
17288,Zeravshan,0.5,P-10,Ridge_OS,-0.2891691993359147,-0.5121620238568991,-8.690755478880252,-11.77664938286591
17288,Zeravshan,0.5,P-10,Ridge_AR,-0.3915064605433338,-0.6964164117287064,-8.690755478880252,-11.77664938286591
17288,Zeravshan,0.5,P-10,Ridge_NQ,-0.6140492371727646,-0.9550101365042751,-8.690755478880252,-11.77664938286591
17288,Zeravshan,0.5,P-10,LSTM_OS,-0.4848505638497258,-1.2157676613904322,-8.690755478880252,-11.77664938286591
17288,Zeravshan,0.5,P-10,LSTM_AR,-0.990800845396711,-1.789245306346543,-8.690755478880252,-11.77664938286591
17288,Zeravshan,0.5,P-10,LSTM_NQ,-0.9597351121848785,-1.965272686300057,-8.690755478880252,-11.77664938286591
16279,Chatkal,0.0,T+2,XGB_OS,-1.1721056171649868,10.264674480989843,-7.626955046052952,35.62825948416217
16279,Chatkal,0.0,T+2,XGB_AR,4.886920002217443,38.80626324350342,-7.626955046052952,35.62825948416217
16279,Chatkal,0.0,T+2,XGB_NQ,4.054479377610476,18.11192544018224,-7.626955046052952,35.62825948416217
16279,Chatkal,0.0,T+2,RF_OS,0.15882191167568838,5.1975975167437465,-7.626955046052952,35.62825948416217
16279,Chatkal,0.0,T+2,RF_AR,-1.8190095344600254,33.02036213553494,-7.626955046052952,35.62825948416217
16279,Chatkal,0.0,T+2,RF_NQ,2.9105973059899926,18.98314781095525,-7.626955046052952,35.62825948416217
16279,Chatkal,0.0,T+2,Ridge_OS,-2.997224615647154,2.7487512548675985,-7.626955046052952,35.62825948416217
16279,Chatkal,0.0,T+2,Ridge_AR,-11.867963903633283,19.01265659651928,-7.626955046052952,35.62825948416217
16279,Chatkal,0.0,T+2,Ridge_NQ,-18.205411154540506,2.073413205726693,-7.626955046052952,35.62825948416217
16279,Chatkal,0.0,T+2,LSTM_OS,-3.8688069558581617,15.3687728814067,-7.626955046052952,35.62825948416217
16279,Chatkal,0.0,T+2,LSTM_AR,-5.244207201259698,25.31799749728684,-7.626955046052952,35.62825948416217
16279,Chatkal,0.0,T+2,LSTM_NQ,-1.0325295017128089,27.34216342632059,-7.626955046052952,35.62825948416217
16279,Chatkal,0.0,T+3,XGB_OS,-1.7257104115583566,13.669410892303357,-11.6336101221161,47.907658801511374
16279,Chatkal,0.0,T+3,XGB_AR,8.69543507443231,50.75705729709098,-11.6336101221161,47.907658801511374
16279,Chatkal,0.0,T+3,XGB_NQ,7.215537909677949,26.09933150102297,-11.6336101221161,47.907658801511374
16279,Chatkal,0.0,T+3,RF_OS,0.6761119508128965,8.645562399860928,-11.6336101221161,47.907658801511374
16279,Chatkal,0.0,T+3,RF_AR,-0.8016216911450602,46.88182068259194,-11.6336101221161,47.907658801511374
16279,Chatkal,0.0,T+3,RF_NQ,5.079741164954887,26.11680458697574,-11.6336101221161,47.907658801511374
16279,Chatkal,0.0,T+3,Ridge_OS,-4.720633565421317,3.716824941389097,-11.6336101221161,47.907658801511374
16279,Chatkal,0.0,T+3,Ridge_AR,-17.105594884254128,28.007089487405246,-11.6336101221161,47.907658801511374
16279,Chatkal,0.0,T+3,Ridge_NQ,-27.38148001177211,3.0001275649260783,-11.6336101221161,47.907658801511374
16279,Chatkal,0.0,T+3,LSTM_OS,-5.716289860803725,20.684716257000126,-11.6336101221161,47.907658801511374
16279,Chatkal,0.0,T+3,LSTM_AR,-7.738358169529514,36.69259068205073,-11.6336101221161,47.907658801511374
16279,Chatkal,0.0,T+3,LSTM_NQ,-1.8781790022534772,40.21957577542901,-11.6336101221161,47.907658801511374
16279,Chatkal,0.0,P+10,XGB_OS,-0.059118839953864466,0.9241544142277291,11.971374809643853,-1.632290784485214
16279,Chatkal,0.0,P+10,XGB_AR,1.0994590257217718,1.9223267949507905,11.971374809643853,-1.632290784485214
16279,Chatkal,0.0,P+10,XGB_NQ,2.227784248256537,3.031413160200014,11.971374809643853,-1.632290784485214
16279,Chatkal,0.0,P+10,RF_OS,-0.005069211413399888,0.19992400044442915,11.971374809643853,-1.632290784485214
16279,Chatkal,0.0,P+10,RF_AR,0.9549676942233187,1.416258783787594,11.971374809643853,-1.632290784485214
16279,Chatkal,0.0,P+10,RF_NQ,1.3606438659333975,0.7597452364767721,11.971374809643853,-1.632290784485214
16279,Chatkal,0.0,P+10,Ridge_OS,0.19266394247297036,0.052576983257535126,11.971374809643853,-1.632290784485214
16279,Chatkal,0.0,P+10,Ridge_AR,0.875612914768098,0.07637667330810949,11.971374809643853,-1.632290784485214
16279,Chatkal,0.0,P+10,Ridge_NQ,2.298673794315409,0.2977654390488471,11.971374809643853,-1.632290784485214
16279,Chatkal,0.0,P+10,LSTM_OS,3.6959342369160986,3.444055221795672,11.971374809643853,-1.632290784485214
16279,Chatkal,0.0,P+10,LSTM_AR,8.87372145246934,-0.2948263466141743,11.971374809643853,-1.632290784485214
16279,Chatkal,0.0,P+10,LSTM_NQ,10.519741930474602,0.015863455225506584,11.971374809643853,-1.632290784485214
16279,Chatkal,0.0,P-10,XGB_OS,-0.0034652936629853137,-1.657159542527764,-11.659648361048447,-0.38330773472533686
16279,Chatkal,0.0,P-10,XGB_AR,-1.4117495085598897,-2.8325381653657056,-11.659648361048447,-0.38330773472533686
16279,Chatkal,0.0,P-10,XGB_NQ,-2.345326357850963,1.4792056524054575,-11.659648361048447,-0.38330773472533686
16279,Chatkal,0.0,P-10,RF_OS,-0.07074502031401142,-0.3174630611329943,-11.659648361048447,-0.38330773472533686
16279,Chatkal,0.0,P-10,RF_AR,-0.20582698917501752,-0.6721028412407737,-11.659648361048447,-0.38330773472533686
16279,Chatkal,0.0,P-10,RF_NQ,-1.5084963853795652,0.3364991910252857,-11.659648361048447,-0.38330773472533686
16279,Chatkal,0.0,P-10,Ridge_OS,-0.19266394247298146,-0.05257698325749072,-11.659648361048447,-0.38330773472533686
16279,Chatkal,0.0,P-10,Ridge_AR,-0.8756129147681979,-0.07637667330810949,-11.659648361048447,-0.38330773472533686
16279,Chatkal,0.0,P-10,Ridge_NQ,-2.2986737943154645,-0.2977654390487028,-11.659648361048447,-0.38330773472533686
16279,Chatkal,0.0,P-10,LSTM_OS,-3.6431403327938483,-3.886239817990022,-11.659648361048447,-0.38330773472533686
16279,Chatkal,0.0,P-10,LSTM_AR,-8.872705828448591,1.0080264261502219,-11.659648361048447,-0.38330773472533686
16279,Chatkal,0.0,P-10,LSTM_NQ,-10.175843487574653,0.9845056803607477,-11.659648361048447,-0.38330773472533686
16279,Chatkal,0.5,T+2,XGB_OS,-1.5727409408702542,8.437818922174067,-7.626955046052952,35.62825948416217
16279,Chatkal,0.5,T+2,XGB_AR,3.7907254314921035,39.41389451118356,-7.626955046052952,35.62825948416217
16279,Chatkal,0.5,T+2,XGB_NQ,-1.1828913536027441,21.723160339911995,-7.626955046052952,35.62825948416217
16279,Chatkal,0.5,T+2,RF_OS,-0.010991823636641307,5.163955084544236,-7.626955046052952,35.62825948416217
16279,Chatkal,0.5,T+2,RF_AR,-3.3290342823219077,33.404989923768724,-7.626955046052952,35.62825948416217
16279,Chatkal,0.5,T+2,RF_NQ,1.0590212525613873,23.34650050673426,-7.626955046052952,35.62825948416217
16279,Chatkal,0.5,T+2,Ridge_OS,-3.104546277119946,2.706491098825037,-7.626955046052952,35.62825948416217
16279,Chatkal,0.5,T+2,Ridge_AR,-12.546775434844504,19.420569191057503,-7.626955046052952,35.62825948416217
16279,Chatkal,0.5,T+2,Ridge_NQ,-19.589485089967607,2.419119706282425,-7.626955046052952,35.62825948416217
16279,Chatkal,0.5,T+2,LSTM_OS,-4.171145502736451,16.188771401860937,-7.626955046052952,35.62825948416217
16279,Chatkal,0.5,T+2,LSTM_AR,-2.7614814341273664,25.909804616399448,-7.626955046052952,35.62825948416217
16279,Chatkal,0.5,T+2,LSTM_NQ,-3.8249322139758735,30.813142048088924,-7.626955046052952,35.62825948416217
16279,Chatkal,0.5,T+3,XGB_OS,-1.935017437699993,10.419269290788769,-11.6336101221161,47.907658801511374
16279,Chatkal,0.5,T+3,XGB_AR,8.231041026592267,51.43059577845563,-11.6336101221161,47.907658801511374
16279,Chatkal,0.5,T+3,XGB_NQ,-0.29699979008603883,32.91067768238604,-11.6336101221161,47.907658801511374
16279,Chatkal,0.5,T+3,RF_OS,0.4747385235310153,8.486099982157146,-11.6336101221161,47.907658801511374
16279,Chatkal,0.5,T+3,RF_AR,-2.796491679406088,45.939707578212264,-11.6336101221161,47.907658801511374
16279,Chatkal,0.5,T+3,RF_NQ,3.1382584389429757,31.137489485010537,-11.6336101221161,47.907658801511374
16279,Chatkal,0.5,T+3,Ridge_OS,-4.883212423207695,3.6511929352665455,-11.6336101221161,47.907658801511374
16279,Chatkal,0.5,T+3,Ridge_AR,-18.093296964517357,28.61574438592731,-11.6336101221161,47.907658801511374
16279,Chatkal,0.5,T+3,Ridge_NQ,-29.47781022589522,3.4900419969183893,-11.6336101221161,47.907658801511374
16279,Chatkal,0.5,T+3,LSTM_OS,-6.509428640662973,22.131805105257797,-11.6336101221161,47.907658801511374
16279,Chatkal,0.5,T+3,LSTM_AR,-4.330403333593436,37.834439396582155,-11.6336101221161,47.907658801511374
16279,Chatkal,0.5,T+3,LSTM_NQ,-5.76007757106739,44.43307987387084,-11.6336101221161,47.907658801511374
16279,Chatkal,0.5,P+10,XGB_OS,-0.3527858237760917,1.1807745569196948,11.971374809643853,-1.632290784485214
16279,Chatkal,0.5,P+10,XGB_AR,1.8830499023158254,2.2522995451338623,11.971374809643853,-1.632290784485214
16279,Chatkal,0.5,P+10,XGB_NQ,1.0712350517326774,4.5560235526029285,11.971374809643853,-1.632290784485214
16279,Chatkal,0.5,P+10,RF_OS,-0.1330168227501538,0.11491850820036786,11.971374809643853,-1.632290784485214
16279,Chatkal,0.5,P+10,RF_AR,-0.6523772745927747,1.4091716758057093,11.971374809643853,-1.632290784485214
16279,Chatkal,0.5,P+10,RF_NQ,0.6520697145721011,1.6535881854841672,11.971374809643853,-1.632290784485214
16279,Chatkal,0.5,P+10,Ridge_OS,0.02768562009052289,0.004417169254611331,11.971374809643853,-1.632290784485214
16279,Chatkal,0.5,P+10,Ridge_AR,0.1288995881075783,0.015346118068948478,11.971374809643853,-1.632290784485214
16279,Chatkal,0.5,P+10,Ridge_NQ,1.055945524438795,0.11371448774546433,11.971374809643853,-1.632290784485214
16279,Chatkal,0.5,P+10,LSTM_OS,2.1512989157098428,3.520764828785805,11.971374809643853,-1.632290784485214
16279,Chatkal,0.5,P+10,LSTM_AR,5.458750788717159,0.8190859200627898,11.971374809643853,-1.632290784485214
16279,Chatkal,0.5,P+10,LSTM_NQ,6.567846150568668,0.6809518195293185,11.971374809643853,-1.632290784485214
16279,Chatkal,0.5,P-10,XGB_OS,0.33712063859538954,-0.32920352523937435,-11.659648361048447,-0.38330773472533686
16279,Chatkal,0.5,P-10,XGB_AR,1.5382661304413903,-2.747056614811405,-11.659648361048447,-0.38330773472533686
16279,Chatkal,0.5,P-10,XGB_NQ,0.3347143397643526,-2.3234582399116577,-11.659648361048447,-0.38330773472533686
16279,Chatkal,0.5,P-10,RF_OS,0.047804470563383994,-0.17242909386369076,-11.659648361048447,-0.38330773472533686
16279,Chatkal,0.5,P-10,RF_AR,0.34303432364559683,-1.705902325303088,-11.659648361048447,-0.38330773472533686
16279,Chatkal,0.5,P-10,RF_NQ,0.13137321184193418,-1.652093915517494,-11.659648361048447,-0.38330773472533686
16279,Chatkal,0.5,P-10,Ridge_OS,-0.027685620090511787,-0.004417169254666842,-11.659648361048447,-0.38330773472533686
16279,Chatkal,0.5,P-10,Ridge_AR,-0.1288995881076116,-0.01534611806895958,-11.659648361048447,-0.38330773472533686
16279,Chatkal,0.5,P-10,Ridge_NQ,-1.0559455244387173,-0.11371448774545323,-11.659648361048447,-0.38330773472533686
16279,Chatkal,0.5,P-10,LSTM_OS,-2.228480003937139,-3.6887951063182545,-11.659648361048447,-0.38330773472533686
16279,Chatkal,0.5,P-10,LSTM_AR,-5.617872064794782,-0.6830373647427441,-11.659648361048447,-0.38330773472533686
16279,Chatkal,0.5,P-10,LSTM_NQ,-6.2116594751755905,-0.33214982216258626,-11.659648361048447,-0.38330773472533686
16290,Pskem,0.0,T+2,XGB_OS,0.08915522211763172,14.669492001982787,-2.963469546259101,31.1890103791147
16290,Pskem,0.0,T+2,XGB_AR,3.1898702397866296,30.471808739378083,-2.963469546259101,31.1890103791147
16290,Pskem,0.0,T+2,XGB_NQ,6.229146842962985,13.277649866285433,-2.963469546259101,31.1890103791147
16290,Pskem,0.0,T+2,RF_OS,1.5727928375005584,10.257751186410191,-2.963469546259101,31.1890103791147
16290,Pskem,0.0,T+2,RF_AR,1.4536637511430417,27.367832814317605,-2.963469546259101,31.1890103791147
16290,Pskem,0.0,T+2,RF_NQ,4.475813532511763,12.570183164994154,-2.963469546259101,31.1890103791147
16290,Pskem,0.0,T+2,Ridge_OS,-2.453072014861757,1.187020287991969,-2.963469546259101,31.1890103791147
16290,Pskem,0.0,T+2,Ridge_AR,-10.877144422433883,9.15277701011381,-2.963469546259101,31.1890103791147
16290,Pskem,0.0,T+2,Ridge_NQ,-9.2551822328528,-2.8407598133382117,-2.963469546259101,31.1890103791147
16290,Pskem,0.0,T+2,LSTM_OS,-0.4879717320936061,12.983343515603085,-2.963469546259101,31.1890103791147
16290,Pskem,0.0,T+2,LSTM_AR,0.1620728571514185,20.331921981041166,-2.963469546259101,31.1890103791147
16290,Pskem,0.0,T+2,LSTM_NQ,1.6007340217000676,21.48822088350032,-2.963469546259101,31.1890103791147
16290,Pskem,0.0,T+3,XGB_OS,0.713451655387698,22.658460110363677,-4.903039734206105,40.4636545143364
16290,Pskem,0.0,T+3,XGB_AR,9.316378647425427,40.574283445547145,-4.903039734206105,40.4636545143364
16290,Pskem,0.0,T+3,XGB_NQ,9.488337151027526,25.047040719232527,-4.903039734206105,40.4636545143364
16290,Pskem,0.0,T+3,RF_OS,2.7456681492275203,14.617574607582984,-4.903039734206105,40.4636545143364
16290,Pskem,0.0,T+3,RF_AR,3.6794144136008233,38.722001577417934,-4.903039734206105,40.4636545143364
16290,Pskem,0.0,T+3,RF_NQ,6.7863170820238405,19.533872432757825,-4.903039734206105,40.4636545143364
16290,Pskem,0.0,T+3,Ridge_OS,-3.8096371342667634,1.5208295753796675,-4.903039734206105,40.4636545143364
16290,Pskem,0.0,T+3,Ridge_AR,-16.398513868092166,13.550977004500764,-4.903039734206105,40.4636545143364
16290,Pskem,0.0,T+3,Ridge_NQ,-13.658609623225137,-3.8913791948146486,-4.903039734206105,40.4636545143364
16290,Pskem,0.0,T+3,LSTM_OS,-0.5503471208113675,16.770234130435924,-4.903039734206105,40.4636545143364
16290,Pskem,0.0,T+3,LSTM_AR,0.3487498460605476,29.36584020575366,-4.903039734206105,40.4636545143364
16290,Pskem,0.0,T+3,LSTM_NQ,2.184662724442399,32.085411234192094,-4.903039734206105,40.4636545143364
16290,Pskem,0.0,P+10,XGB_OS,0.2493066679553957,0.820712205936025,10.134960983882578,-0.5826661385148988
16290,Pskem,0.0,P+10,XGB_AR,1.5952223982623526,-0.28846762421081973,10.134960983882578,-0.5826661385148988
16290,Pskem,0.0,P+10,XGB_NQ,0.644261326560569,1.2515128076677318,10.134960983882578,-0.5826661385148988
16290,Pskem,0.0,P+10,RF_OS,0.24028380578322572,0.3627838530617433,10.134960983882578,-0.5826661385148988
16290,Pskem,0.0,P+10,RF_AR,1.4670794451680402,-0.8264220741693862,10.134960983882578,-0.5826661385148988
16290,Pskem,0.0,P+10,RF_NQ,1.1941482850440943,0.793634065131088,10.134960983882578,-0.5826661385148988
16290,Pskem,0.0,P+10,Ridge_OS,0.362107207240725,0.19216301586764128,10.134960983882578,-0.5826661385148988
16290,Pskem,0.0,P+10,Ridge_AR,1.598388252203642,0.48409801882427494,10.134960983882578,-0.5826661385148988
16290,Pskem,0.0,P+10,Ridge_NQ,1.8631926841049973,0.6227710994530122,10.134960983882578,-0.5826661385148988
16290,Pskem,0.0,P+10,LSTM_OS,2.5071285731222526,3.8634679756619272,10.134960983882578,-0.5826661385148988
16290,Pskem,0.0,P+10,LSTM_AR,5.993775243857891,1.6256271019252422,10.134960983882578,-0.5826661385148988
16290,Pskem,0.0,P+10,LSTM_NQ,8.870235415522632,1.819718606462974,10.134960983882578,-0.5826661385148988
16290,Pskem,0.0,P-10,XGB_OS,0.05479680460165337,-0.46583926901176964,-9.835293072692487,0.2993399053654713
16290,Pskem,0.0,P-10,XGB_AR,2.0115586510704775,-4.415557266674774,-9.835293072692487,0.2993399053654713
16290,Pskem,0.0,P-10,XGB_NQ,-1.6081363282912542,1.006260118285951,-9.835293072692487,0.2993399053654713
16290,Pskem,0.0,P-10,RF_OS,-0.14803005854570062,-0.19320103986188997,-9.835293072692487,0.2993399053654713
16290,Pskem,0.0,P-10,RF_AR,-0.6893838128304797,0.5413338745803964,-9.835293072692487,0.2993399053654713
16290,Pskem,0.0,P-10,RF_NQ,-0.8869090054841267,-0.34498056204245175,-9.835293072692487,0.2993399053654713
16290,Pskem,0.0,P-10,Ridge_OS,-0.3621072072407361,-0.1921630158676968,-9.835293072692487,0.2993399053654713
16290,Pskem,0.0,P-10,Ridge_AR,-1.5983882522036086,-0.48409801882429715,-9.835293072692487,0.2993399053654713
16290,Pskem,0.0,P-10,Ridge_NQ,-1.8631926841049862,-0.6227710994529678,-9.835293072692487,0.2993399053654713
16290,Pskem,0.0,P-10,LSTM_OS,-2.5483713622039383,-3.963901724075724,-9.835293072692487,0.2993399053654713
16290,Pskem,0.0,P-10,LSTM_AR,-6.376006739576745,-0.7110871519653497,-9.835293072692487,0.2993399053654713
16290,Pskem,0.0,P-10,LSTM_NQ,-9.301749297659201,-0.7607477855716578,-9.835293072692487,0.2993399053654713
16290,Pskem,0.5,T+2,XGB_OS,-0.1266275696637953,13.123725080397307,-2.963469546259101,31.1890103791147
16290,Pskem,0.5,T+2,XGB_AR,1.3681823032429818,30.668278059872044,-2.963469546259101,31.1890103791147
16290,Pskem,0.5,T+2,XGB_NQ,5.706739208490053,10.927394819134005,-2.963469546259101,31.1890103791147
16290,Pskem,0.5,T+2,RF_OS,1.5773187983166181,9.875155541713255,-2.963469546259101,31.1890103791147
16290,Pskem,0.5,T+2,RF_AR,-0.053392500718774105,26.787727934945526,-2.963469546259101,31.1890103791147
16290,Pskem,0.5,T+2,RF_NQ,3.9359419845656385,12.175277572792929,-2.963469546259101,31.1890103791147
16290,Pskem,0.5,T+2,Ridge_OS,-2.64951409294798,1.129437813085088,-2.963469546259101,31.1890103791147
16290,Pskem,0.5,T+2,Ridge_AR,-11.848882344258183,9.306647871009089,-2.963469546259101,31.1890103791147
16290,Pskem,0.5,T+2,Ridge_NQ,-10.257430774260822,-2.7853438126707704,-2.963469546259101,31.1890103791147
16290,Pskem,0.5,T+2,LSTM_OS,-1.8082372504024224,15.430982922841052,-2.963469546259101,31.1890103791147
16290,Pskem,0.5,T+2,LSTM_AR,-0.5716131313140527,23.50405737423533,-2.963469546259101,31.1890103791147
16290,Pskem,0.5,T+2,LSTM_NQ,4.883531831016463,22.360307743284828,-2.963469546259101,31.1890103791147
16290,Pskem,0.5,T+3,XGB_OS,0.3963019733087547,19.942230579730836,-4.903039734206105,40.4636545143364
16290,Pskem,0.5,T+3,XGB_AR,8.272656681279077,39.264650620312935,-4.903039734206105,40.4636545143364
16290,Pskem,0.5,T+3,XGB_NQ,8.136250829162917,22.036932695888346,-4.903039734206105,40.4636545143364
16290,Pskem,0.5,T+3,RF_OS,2.6773932207040607,14.241611813279498,-4.903039734206105,40.4636545143364
16290,Pskem,0.5,T+3,RF_AR,0.5853517463937807,40.44253356004691,-4.903039734206105,40.4636545143364
16290,Pskem,0.5,T+3,RF_NQ,5.787119881186897,17.609287192707423,-4.903039734206105,40.4636545143364
16290,Pskem,0.5,T+3,Ridge_OS,-4.108060479027054,1.428025771074648,-4.903039734206105,40.4636545143364
16290,Pskem,0.5,T+3,Ridge_AR,-17.75133029789806,13.767723784821339,-4.903039734206105,40.4636545143364
16290,Pskem,0.5,T+3,Ridge_NQ,-15.175176697712322,-3.837581255751532,-4.903039734206105,40.4636545143364
16290,Pskem,0.5,T+3,LSTM_OS,-2.219093827775176,20.29722043696193,-4.903039734206105,40.4636545143364
16290,Pskem,0.5,T+3,LSTM_AR,-0.5349128951149695,33.98098924326487,-4.903039734206105,40.4636545143364
16290,Pskem,0.5,T+3,LSTM_NQ,7.4048080073204625,33.57808172601954,-4.903039734206105,40.4636545143364
16290,Pskem,0.5,P+10,XGB_OS,-0.09052396254403128,0.7205563875643195,10.134960983882578,-0.5826661385148988
16290,Pskem,0.5,P+10,XGB_AR,0.0543447246309281,-0.0716266968587842,10.134960983882578,-0.5826661385148988
16290,Pskem,0.5,P+10,XGB_NQ,-0.44703890391910583,0.9127430315339358,10.134960983882578,-0.5826661385148988
16290,Pskem,0.5,P+10,RF_OS,0.1052661514488129,-0.040810708748861835,10.134960983882578,-0.5826661385148988
16290,Pskem,0.5,P+10,RF_AR,0.41893587968886425,-0.39243136136724033,10.134960983882578,-0.5826661385148988
16290,Pskem,0.5,P+10,RF_NQ,0.3543909013049351,0.24276214689555875,10.134960983882578,-0.5826661385148988
16290,Pskem,0.5,P+10,Ridge_OS,0.22004942147895168,0.14724895954612016,10.134960983882578,-0.5826661385148988
16290,Pskem,0.5,P+10,Ridge_AR,0.9846443994650622,0.3531231365244025,10.134960983882578,-0.5826661385148988
16290,Pskem,0.5,P+10,Ridge_NQ,1.1096080226369098,0.4985365215933957,10.134960983882578,-0.5826661385148988
16290,Pskem,0.5,P+10,LSTM_OS,1.8777824839086854,3.0705080275884367,10.134960983882578,-0.5826661385148988
16290,Pskem,0.5,P+10,LSTM_AR,5.476905569897128,0.3208431764561537,10.134960983882578,-0.5826661385148988
16290,Pskem,0.5,P+10,LSTM_NQ,3.834249994792849,0.395700979122493,10.134960983882578,-0.5826661385148988
16290,Pskem,0.5,P-10,XGB_OS,-0.14279218269790395,-0.30348798214494543,-9.835293072692487,0.2993399053654713
16290,Pskem,0.5,P-10,XGB_AR,-2.3975092247444096,1.4030272294318302,-9.835293072692487,0.2993399053654713
16290,Pskem,0.5,P-10,XGB_NQ,0.22215489501489216,-0.3691363486939325,-9.835293072692487,0.2993399053654713
16290,Pskem,0.5,P-10,RF_OS,-0.03921175208888572,0.21541018504575016,-9.835293072692487,0.2993399053654713
16290,Pskem,0.5,P-10,RF_AR,-0.7379949003025854,0.6084260650797257,-9.835293072692487,0.2993399053654713
16290,Pskem,0.5,P-10,RF_NQ,-0.13580065548749465,-0.10629946951994373,-9.835293072692487,0.2993399053654713
16290,Pskem,0.5,P-10,Ridge_OS,-0.22004942147894058,-0.14724895954608685,-9.835293072692487,0.2993399053654713
16290,Pskem,0.5,P-10,Ridge_AR,-0.9846443994650955,-0.35312313652441363,-9.835293072692487,0.2993399053654713
16290,Pskem,0.5,P-10,Ridge_NQ,-1.1096080226369542,-0.4985365215933846,-9.835293072692487,0.2993399053654713
16290,Pskem,0.5,P-10,LSTM_OS,-1.8339254794018767,-3.0495018854043825,-9.835293072692487,0.2993399053654713
16290,Pskem,0.5,P-10,LSTM_AR,-5.431177058848979,-0.01840604704899107,-9.835293072692487,0.2993399053654713
16290,Pskem,0.5,P-10,LSTM_NQ,-4.031294429101484,-0.2407408045333348,-9.835293072692487,0.2993399053654713
16300,Ugam,0.0,T+2,XGB_OS,0.3128847726126427,3.191964689631155,-3.203978170329136,18.5328308415842
16300,Ugam,0.0,T+2,XGB_AR,7.263821846269813,17.57731800174925,-3.203978170329136,18.5328308415842
16300,Ugam,0.0,T+2,XGB_NQ,3.9257991889247057,6.6747112662663195,-3.203978170329136,18.5328308415842
16300,Ugam,0.0,T+2,RF_OS,0.12799618347931752,1.6548701264409105,-3.203978170329136,18.5328308415842
16300,Ugam,0.0,T+2,RF_AR,-5.968721987510728,24.959721208197195,-3.203978170329136,18.5328308415842
16300,Ugam,0.0,T+2,RF_NQ,4.322019482135375,11.9750466615981,-3.203978170329136,18.5328308415842
16300,Ugam,0.0,T+2,Ridge_OS,-0.27492651515567124,2.4476225484274194,-3.203978170329136,18.5328308415842
16300,Ugam,0.0,T+2,Ridge_AR,-1.0484254208543264,15.233322498746471,-3.203978170329136,18.5328308415842
16300,Ugam,0.0,T+2,Ridge_NQ,-7.61032154081287,6.904374478812736,-3.203978170329136,18.5328308415842
16300,Ugam,0.0,T+2,LSTM_OS,-2.6651542736979006,5.835464569897397,-3.203978170329136,18.5328308415842
16300,Ugam,0.0,T+2,LSTM_AR,-3.5717765478316954,15.082172280557714,-3.203978170329136,18.5328308415842
16300,Ugam,0.0,T+2,LSTM_NQ,-4.461943047105854,15.105383742888844,-3.203978170329136,18.5328308415842
16300,Ugam,0.0,T+3,XGB_OS,0.6244739928808807,2.9817379051554904,-4.941081893353127,23.557079683727046
16300,Ugam,0.0,T+3,XGB_AR,8.224362819150087,21.81830289971538,-4.941081893353127,23.557079683727046
16300,Ugam,0.0,T+3,XGB_NQ,7.451153812156597,9.294857433386783,-4.941081893353127,23.557079683727046
16300,Ugam,0.0,T+3,RF_OS,-0.2767138482968945,1.0448929890954028,-4.941081893353127,23.557079683727046
16300,Ugam,0.0,T+3,RF_AR,-6.351208730357582,29.957635383006387,-4.941081893353127,23.557079683727046
16300,Ugam,0.0,T+3,RF_NQ,6.8568075585585975,15.283047205059308,-4.941081893353127,23.557079683727046
16300,Ugam,0.0,T+3,Ridge_OS,-0.6436611602272713,3.4511694546793037,-4.941081893353127,23.557079683727046
16300,Ugam,0.0,T+3,Ridge_AR,-2.1258004747638948,21.968326456742915,-4.941081893353127,23.557079683727046
16300,Ugam,0.0,T+3,Ridge_NQ,-11.85116941793617,9.914180572020646,-4.941081893353127,23.557079683727046
16300,Ugam,0.0,T+3,LSTM_OS,-4.0295662943415245,6.25392542880786,-4.941081893353127,23.557079683727046
16300,Ugam,0.0,T+3,LSTM_AR,-5.723726503029692,20.870067881464447,-4.941081893353127,23.557079683727046
16300,Ugam,0.0,T+3,LSTM_NQ,-6.656544192952096,20.284100811306207,-4.941081893353127,23.557079683727046
16300,Ugam,0.0,P+10,XGB_OS,1.443458955118504,0.30882537108121166,12.57995181391236,-2.0158886367857907
16300,Ugam,0.0,P+10,XGB_AR,6.791279714365195,-0.4905847475535241,12.57995181391236,-2.0158886367857907
16300,Ugam,0.0,P+10,XGB_NQ,4.924925992343199,0.5000385274375407,12.57995181391236,-2.0158886367857907
16300,Ugam,0.0,P+10,RF_OS,0.9951941519916518,0.26980276424835026,12.57995181391236,-2.0158886367857907
16300,Ugam,0.0,P+10,RF_AR,6.843089689195536,-8.845545622789942,12.57995181391236,-2.0158886367857907
16300,Ugam,0.0,P+10,RF_NQ,3.935174671628583,0.5091812022423259,12.57995181391236,-2.0158886367857907
16300,Ugam,0.0,P+10,Ridge_OS,1.1918736683084408,0.33603745733248314,12.57995181391236,-2.0158886367857907
16300,Ugam,0.0,P+10,Ridge_AR,5.0146317891233805,0.4604808195909138,12.57995181391236,-2.0158886367857907
16300,Ugam,0.0,P+10,Ridge_NQ,5.303890255032595,1.0444793835624244,12.57995181391236,-2.0158886367857907
16300,Ugam,0.0,P+10,LSTM_OS,5.5824737151042525,4.294352609729812,12.57995181391236,-2.0158886367857907
16300,Ugam,0.0,P+10,LSTM_AR,12.334268108373148,-1.1929851965051252,12.57995181391236,-2.0158886367857907
16300,Ugam,0.0,P+10,LSTM_NQ,13.769844102835748,-1.1338076539649347,12.57995181391236,-2.0158886367857907
16300,Ugam,0.0,P-10,XGB_OS,-1.8203750201026048,-0.9090173511143051,-12.441362126309052,1.7686867163877569
16300,Ugam,0.0,P-10,XGB_AR,-9.706881296679114,2.205762138124202,-12.441362126309052,1.7686867163877569
16300,Ugam,0.0,P-10,XGB_NQ,-2.817139389442791,-4.261376203965172,-12.441362126309052,1.7686867163877569
16300,Ugam,0.0,P-10,RF_OS,-1.2487990617760403,-0.6311478964792006,-12.441362126309052,1.7686867163877569
16300,Ugam,0.0,P-10,RF_AR,-7.840902996267241,10.449241184335689,-12.441362126309052,1.7686867163877569
16300,Ugam,0.0,P-10,RF_NQ,-3.9368515726914577,-1.6093440985269547,-12.441362126309052,1.7686867163877569
16300,Ugam,0.0,P-10,Ridge_OS,-1.1918736683084297,-0.33603745733244983,-12.441362126309052,1.7686867163877569
16300,Ugam,0.0,P-10,Ridge_AR,-5.0146317891233805,-0.4604808195909138,-12.441362126309052,1.7686867163877569
16300,Ugam,0.0,P-10,Ridge_NQ,-5.303890255032629,-1.0444793835623911,-12.441362126309052,1.7686867163877569
16300,Ugam,0.0,P-10,LSTM_OS,-5.3818813638397796,-4.613620739047941,-12.441362126309052,1.7686867163877569
16300,Ugam,0.0,P-10,LSTM_AR,-11.86537838718733,0.9444217714406058,-12.441362126309052,1.7686867163877569
16300,Ugam,0.0,P-10,LSTM_NQ,-12.08340269856959,1.1096003746254848,-12.441362126309052,1.7686867163877569
16300,Ugam,0.5,T+2,XGB_OS,-0.21144264618705444,2.5370288956728326,-3.203978170329136,18.5328308415842
16300,Ugam,0.5,T+2,XGB_AR,-3.9805628535618864,23.726906506095823,-3.203978170329136,18.5328308415842
16300,Ugam,0.5,T+2,XGB_NQ,2.035659009882762,3.5915575465605754,-3.203978170329136,18.5328308415842
16300,Ugam,0.5,T+2,RF_OS,-0.283310947601878,0.6880939109604745,-3.203978170329136,18.5328308415842
16300,Ugam,0.5,T+2,RF_AR,-4.89643674903083,24.00748677410317,-3.203978170329136,18.5328308415842
16300,Ugam,0.5,T+2,RF_NQ,2.995555700135122,7.9561371224310395,-3.203978170329136,18.5328308415842
16300,Ugam,0.5,T+2,Ridge_OS,-0.5376246760739445,2.7135588003613487,-3.203978170329136,18.5328308415842
16300,Ugam,0.5,T+2,Ridge_AR,-2.09927903896584,18.252698257996222,-3.203978170329136,18.5328308415842
16300,Ugam,0.5,T+2,Ridge_NQ,-10.018073546601746,8.247794331824831,-3.203978170329136,18.5328308415842
16300,Ugam,0.5,T+2,LSTM_OS,-4.4534206224097765,2.6204220576202424,-3.203978170329136,18.5328308415842
16300,Ugam,0.5,T+2,LSTM_AR,-7.402538077798737,14.768140662665486,-3.203978170329136,18.5328308415842
16300,Ugam,0.5,T+2,LSTM_NQ,-1.834563369885256,11.57700137175237,-3.203978170329136,18.5328308415842
16300,Ugam,0.5,T+3,XGB_OS,-0.48250314769232583,1.3456755128774422,-4.941081893353127,23.557079683727046
16300,Ugam,0.5,T+3,XGB_AR,-4.737500671340323,28.50708705675693,-4.941081893353127,23.557079683727046
16300,Ugam,0.5,T+3,XGB_NQ,3.9923389810678334,3.989296162457434,-4.941081893353127,23.557079683727046
16300,Ugam,0.5,T+3,RF_OS,-1.0912113181307137,-0.8600681249897213,-4.941081893353127,23.557079683727046
16300,Ugam,0.5,T+3,RF_AR,-8.499897702843972,27.828632960648946,-4.941081893353127,23.557079683727046
16300,Ugam,0.5,T+3,RF_NQ,5.566155855011279,11.948436439375708,-4.941081893353127,23.557079683727046
16300,Ugam,0.5,T+3,Ridge_OS,-1.0602729812313805,3.833847167236515,-4.941081893353127,23.557079683727046
16300,Ugam,0.5,T+3,Ridge_AR,-3.629365033465426,26.386871641861866,-4.941081893353127,23.557079683727046
16300,Ugam,0.5,T+3,Ridge_NQ,-15.521699545653945,11.871004936715579,-4.941081893353127,23.557079683727046
16300,Ugam,0.5,T+3,LSTM_OS,-6.725441594748371,3.020556869940904,-4.941081893353127,23.557079683727046
16300,Ugam,0.5,T+3,LSTM_AR,-10.779471559904529,20.27892957776367,-4.941081893353127,23.557079683727046
16300,Ugam,0.5,T+3,LSTM_NQ,-2.8978210334054566,15.924729397983505,-4.941081893353127,23.557079683727046
16300,Ugam,0.5,P+10,XGB_OS,0.7641739835770434,0.10420629362768441,12.57995181391236,-2.0158886367857907
16300,Ugam,0.5,P+10,XGB_AR,0.8733695567521016,1.8227556305980719,12.57995181391236,-2.0158886367857907
16300,Ugam,0.5,P+10,XGB_NQ,2.937617110683166,0.25114760404272296,12.57995181391236,-2.0158886367857907
16300,Ugam,0.5,P+10,RF_OS,0.7334118651229904,0.42690436990600045,12.57995181391236,-2.0158886367857907
16300,Ugam,0.5,P+10,RF_AR,3.688425654185523,0.19071503956225033,12.57995181391236,-2.0158886367857907
16300,Ugam,0.5,P+10,RF_NQ,2.498870496146388,-0.429375697438128,12.57995181391236,-2.0158886367857907
16300,Ugam,0.5,P+10,Ridge_OS,0.6775233653029122,0.17947508103313137,12.57995181391236,-2.0158886367857907
16300,Ugam,0.5,P+10,Ridge_AR,3.067694340781779,0.09492377276856256,12.57995181391236,-2.0158886367857907
16300,Ugam,0.5,P+10,Ridge_NQ,3.531185294099104,0.5768826509724656,12.57995181391236,-2.0158886367857907
16300,Ugam,0.5,P+10,LSTM_OS,3.538026613080558,2.467012748080899,12.57995181391236,-2.0158886367857907
16300,Ugam,0.5,P+10,LSTM_AR,8.545642081451454,-1.4567765322308404,12.57995181391236,-2.0158886367857907
16300,Ugam,0.5,P+10,LSTM_NQ,9.681722440274498,-0.9084007934680791,12.57995181391236,-2.0158886367857907
16300,Ugam,0.5,P-10,XGB_OS,-0.9658897472017758,0.5874296173091209,-12.441362126309052,1.7686867163877569
16300,Ugam,0.5,P-10,XGB_AR,-3.620585967587331,1.0871604464996132,-12.441362126309052,1.7686867163877569
16300,Ugam,0.5,P-10,XGB_NQ,-2.249161119712162,4.6142159945886325,-12.441362126309052,1.7686867163877569
16300,Ugam,0.5,P-10,RF_OS,-0.6605528959493623,-0.08688888512927706,-12.441362126309052,1.7686867163877569
16300,Ugam,0.5,P-10,RF_AR,-3.7649225889855087,3.3702674942020505,-12.441362126309052,1.7686867163877569
16300,Ugam,0.5,P-10,RF_NQ,-2.8783328453211965,3.723159387382957,-12.441362126309052,1.7686867163877569
16300,Ugam,0.5,P-10,Ridge_OS,-0.6775233653029011,-0.17947508103306475,-12.441362126309052,1.7686867163877569
16300,Ugam,0.5,P-10,Ridge_AR,-3.0676943407818236,-0.09492377276851816,-12.441362126309052,1.7686867163877569
16300,Ugam,0.5,P-10,Ridge_NQ,-3.531185294099204,-0.5768826509724323,-12.441362126309052,1.7686867163877569
16300,Ugam,0.5,P-10,LSTM_OS,-3.490789239545633,-2.6532302791731577,-12.441362126309052,1.7686867163877569
16300,Ugam,0.5,P-10,LSTM_AR,-8.667051667200354,1.427935476700636,-12.441362126309052,1.7686867163877569
16300,Ugam,0.5,P-10,LSTM_NQ,-9.89698943957491,1.1735595995644896,-12.441362126309052,1.7686867163877569
16936,Naryn,0.0,T+2,XGB_OS,-1.5231856065801685,6.307064533132245,-7.660041270090745,15.256911560502317
16936,Naryn,0.0,T+2,XGB_AR,-3.6492073491247723,11.805552120838701,-7.660041270090745,15.256911560502317
16936,Naryn,0.0,T+2,XGB_NQ,6.687742795128959,8.122270977117086,-7.660041270090745,15.256911560502317
16936,Naryn,0.0,T+2,RF_OS,-0.4152515975138993,4.7097117999577165,-7.660041270090745,15.256911560502317
16936,Naryn,0.0,T+2,RF_AR,0.3990831977478848,7.634456697531922,-7.660041270090745,15.256911560502317
16936,Naryn,0.0,T+2,RF_NQ,2.7437980655236727,3.5393515289940725,-7.660041270090745,15.256911560502317
16936,Naryn,0.0,T+2,Ridge_OS,-2.8381376572157335,0.04284730421989513,-7.660041270090745,15.256911560502317
16936,Naryn,0.0,T+2,Ridge_AR,-9.06026290247125,0.9535631464392962,-7.660041270090745,15.256911560502317
16936,Naryn,0.0,T+2,Ridge_NQ,-4.024860737127344,-3.8782509988845693,-7.660041270090745,15.256911560502317
16936,Naryn,0.0,T+2,LSTM_OS,-4.59236360605304,15.285624396967222,-7.660041270090745,15.256911560502317
16936,Naryn,0.0,T+2,LSTM_AR,-3.4285413777535134,18.95444229207779,-7.660041270090745,15.256911560502317
16936,Naryn,0.0,T+2,LSTM_NQ,-6.744486534176042,18.356293956080062,-7.660041270090745,15.256911560502317
16936,Naryn,0.0,T+3,XGB_OS,-1.169595184296357,4.879476851329823,-9.876843588348471,21.738540161269704
16936,Naryn,0.0,T+3,XGB_AR,-2.9807099872228737,19.424976901629588,-9.876843588348471,21.738540161269704
16936,Naryn,0.0,T+3,XGB_NQ,13.413051391039454,7.887579857648451,-9.876843588348471,21.738540161269704
16936,Naryn,0.0,T+3,RF_OS,-0.4810207633974106,6.0278824085791545,-9.876843588348471,21.738540161269704
16936,Naryn,0.0,T+3,RF_AR,0.9224453104736963,8.084762685643677,-9.876843588348471,21.738540161269704
16936,Naryn,0.0,T+3,RF_NQ,4.619688138463718,1.8823540590895194,-9.876843588348471,21.738540161269704
16936,Naryn,0.0,T+3,Ridge_OS,-4.274989468222856,0.01659885758524826,-9.876843588348471,21.738540161269704
16936,Naryn,0.0,T+3,Ridge_AR,-13.646734012592187,1.602825619919713,-9.876843588348471,21.738540161269704
16936,Naryn,0.0,T+3,Ridge_NQ,-5.764724393872955,-5.155785259260348,-9.876843588348471,21.738540161269704
16936,Naryn,0.0,T+3,LSTM_OS,-5.9862032329901504,19.162180121641946,-9.876843588348471,21.738540161269704
16936,Naryn,0.0,T+3,LSTM_AR,-4.085827193557545,26.259784382591576,-9.876843588348471,21.738540161269704
16936,Naryn,0.0,T+3,LSTM_NQ,-8.908370186733073,23.53837550936496,-9.876843588348471,21.738540161269704
16936,Naryn,0.0,P+10,XGB_OS,1.7675599312088064,3.9595943390303256,12.083706382444603,2.053594478905918
16936,Naryn,0.0,P+10,XGB_AR,5.995750868564009,9.704365281716566,12.083706382444603,2.053594478905918
16936,Naryn,0.0,P+10,XGB_NQ,6.1257596388012425,1.3227435982987368,12.083706382444603,2.053594478905918
16936,Naryn,0.0,P+10,RF_OS,0.7016978812910857,0.5927732404504171,12.083706382444603,2.053594478905918
16936,Naryn,0.0,P+10,RF_AR,3.925477471313177,7.52548820873098,12.083706382444603,2.053594478905918
16936,Naryn,0.0,P+10,RF_NQ,3.922831411356653,-0.15611410063967046,12.083706382444603,2.053594478905918
16936,Naryn,0.0,P+10,Ridge_OS,1.4554736739582852,0.557675530323043,12.083706382444603,2.053594478905918
16936,Naryn,0.0,P+10,Ridge_AR,4.650501351047631,-0.004170671835734829,12.083706382444603,2.053594478905918
16936,Naryn,0.0,P+10,Ridge_NQ,4.86705960602416,0.8632248633840378,12.083706382444603,2.053594478905918
16936,Naryn,0.0,P+10,LSTM_OS,3.2602794824744707,2.854150417228851,12.083706382444603,2.053594478905918
16936,Naryn,0.0,P+10,LSTM_AR,8.75751725945275,2.500718452323847,12.083706382444603,2.053594478905918
16936,Naryn,0.0,P+10,LSTM_NQ,10.278856741644748,1.5742675648627849,12.083706382444603,2.053594478905918
16936,Naryn,0.0,P-10,XGB_OS,-0.7686647052624562,-1.5932120530633642,-11.883833609210637,-1.2639878246041292
16936,Naryn,0.0,P-10,XGB_AR,-4.085995487395544,-2.9442781288297466,-11.883833609210637,-1.2639878246041292
16936,Naryn,0.0,P-10,XGB_NQ,-2.8059921050745285,-1.3825596195833016,-11.883833609210637,-1.2639878246041292
16936,Naryn,0.0,P-10,RF_OS,-0.3945908307580348,-0.7776127428030799,-11.883833609210637,-1.2639878246041292
16936,Naryn,0.0,P-10,RF_AR,-1.8402364698121843,-2.0339635259064903,-11.883833609210637,-1.2639878246041292
16936,Naryn,0.0,P-10,RF_NQ,-2.6305677088029666,-0.5923500270951121,-11.883833609210637,-1.2639878246041292
16936,Naryn,0.0,P-10,Ridge_OS,-1.455473673958252,-0.5576755303229541,-11.883833609210637,-1.2639878246041292
16936,Naryn,0.0,P-10,Ridge_AR,-4.650501351047676,0.0041706718357903405,-11.883833609210637,-1.2639878246041292
16936,Naryn,0.0,P-10,Ridge_NQ,-4.8670596060240605,-0.8632248633840263,-11.883833609210637,-1.2639878246041292
16936,Naryn,0.0,P-10,LSTM_OS,-3.5012944445622085,-2.502717983245517,-11.883833609210637,-1.2639878246041292
16936,Naryn,0.0,P-10,LSTM_AR,-10.198511110557584,-0.179958423704484,-11.883833609210637,-1.2639878246041292
16936,Naryn,0.0,P-10,LSTM_NQ,-11.52554445998426,-1.0063453746448694,-11.883833609210637,-1.2639878246041292
16936,Naryn,0.5,T+2,XGB_OS,-1.3765583323334885,6.916321781152401,-7.660041270090745,15.256911560502317
16936,Naryn,0.5,T+2,XGB_AR,-5.760935840733927,20.524680763089986,-7.660041270090745,15.256911560502317
16936,Naryn,0.5,T+2,XGB_NQ,3.119367625682279,11.778459366388738,-7.660041270090745,15.256911560502317
16936,Naryn,0.5,T+2,RF_OS,-0.4754179175770812,5.0371263155060575,-7.660041270090745,15.256911560502317
16936,Naryn,0.5,T+2,RF_AR,0.4898594661255862,11.165803932774775,-7.660041270090745,15.256911560502317
16936,Naryn,0.5,T+2,RF_NQ,0.783316589053773,6.899243591644311,-7.660041270090745,15.256911560502317
16936,Naryn,0.5,T+2,Ridge_OS,-4.705176303351177,-0.5492333910845693,-7.660041270090745,15.256911560502317
16936,Naryn,0.5,T+2,Ridge_AR,-16.644493976490526,1.2913392455055082,-7.660041270090745,15.256911560502317
16936,Naryn,0.5,T+2,Ridge_NQ,-9.45626442956261,-5.027492327129524,-7.660041270090745,15.256911560502317
16936,Naryn,0.5,T+2,LSTM_OS,-4.325894414044784,15.904332073043324,-7.660041270090745,15.256911560502317
16936,Naryn,0.5,T+2,LSTM_AR,0.0830809530738108,23.709655865528454,-7.660041270090745,15.256911560502317
16936,Naryn,0.5,T+2,LSTM_NQ,2.3975722001223776,16.8662082428075,-7.660041270090745,15.256911560502317
16936,Naryn,0.5,T+3,XGB_OS,-1.6665235030655756,6.047624606310142,-9.876843588348471,21.738540161269704
16936,Naryn,0.5,T+3,XGB_AR,-3.694922447139126,23.94430871503449,-9.876843588348471,21.738540161269704
16936,Naryn,0.5,T+3,XGB_NQ,6.913136448507329,13.542179550996124,-9.876843588348471,21.738540161269704
16936,Naryn,0.5,T+3,RF_OS,-0.6459650403862538,5.898281438939545,-9.876843588348471,21.738540161269704
16936,Naryn,0.5,T+3,RF_AR,1.0544637762565312,12.049544411976942,-9.876843588348471,21.738540161269704
16936,Naryn,0.5,T+3,RF_NQ,1.734911592651689,7.491926065764398,-9.876843588348471,21.738540161269704
16936,Naryn,0.5,T+3,Ridge_OS,-7.104617066706053,-0.9480376115938771,-9.876843588348471,21.738540161269704
16936,Naryn,0.5,T+3,Ridge_AR,-24.71548123734092,2.048874178837954,-9.876843588348471,21.738540161269704
16936,Naryn,0.5,T+3,Ridge_NQ,-13.942814568080653,-6.983296550024388,-9.876843588348471,21.738540161269704
16936,Naryn,0.5,T+3,LSTM_OS,-5.80700413668519,18.840911661384464,-9.876843588348471,21.738540161269704
16936,Naryn,0.5,T+3,LSTM_AR,-0.36527836368214217,34.640623257425105,-9.876843588348471,21.738540161269704
16936,Naryn,0.5,T+3,LSTM_NQ,3.8432087351019995,25.66207709187057,-9.876843588348471,21.738540161269704
16936,Naryn,0.5,P+10,XGB_OS,0.7005682836231486,1.0369261688034648,12.083706382444603,2.053594478905918
16936,Naryn,0.5,P+10,XGB_AR,0.5974991132363883,-2.546578421620338,12.083706382444603,2.053594478905918
16936,Naryn,0.5,P+10,XGB_NQ,0.4657299268099546,1.6079559072142202,12.083706382444603,2.053594478905918
16936,Naryn,0.5,P+10,RF_OS,0.18838388699700115,0.2349687700385683,12.083706382444603,2.053594478905918
16936,Naryn,0.5,P+10,RF_AR,0.10312465790698333,0.9709138341846835,12.083706382444603,2.053594478905918
16936,Naryn,0.5,P+10,RF_NQ,0.6416902555761217,1.0988965815418084,12.083706382444603,2.053594478905918
16936,Naryn,0.5,P+10,Ridge_OS,0.08537310856870928,0.07248684968883534,12.083706382444603,2.053594478905918
16936,Naryn,0.5,P+10,Ridge_AR,0.30363874637409083,0.05760869605666574,12.083706382444603,2.053594478905918
16936,Naryn,0.5,P+10,Ridge_NQ,0.7800865604009388,0.02271386021797106,12.083706382444603,2.053594478905918
16936,Naryn,0.5,P+10,LSTM_OS,1.3998892587571143,1.3089482115479667,12.083706382444603,2.053594478905918
16936,Naryn,0.5,P+10,LSTM_AR,5.023555499629184,1.8621515424331214,12.083706382444603,2.053594478905918
16936,Naryn,0.5,P+10,LSTM_NQ,3.20125642849749,1.5150296017343745,12.083706382444603,2.053594478905918
16936,Naryn,0.5,P-10,XGB_OS,-0.4983557693838736,0.6516560018416606,-11.883833609210637,-1.2639878246041292
16936,Naryn,0.5,P-10,XGB_AR,-0.6711604692804296,-1.1517845788277747,-11.883833609210637,-1.2639878246041292
16936,Naryn,0.5,P-10,XGB_NQ,-0.20888403528850352,-1.2787450180490878,-11.883833609210637,-1.2639878246041292
16936,Naryn,0.5,P-10,RF_OS,-0.15781037763414885,0.2218575508016296,-11.883833609210637,-1.2639878246041292
16936,Naryn,0.5,P-10,RF_AR,-0.3146829171317367,-0.7277792928045868,-11.883833609210637,-1.2639878246041292
16936,Naryn,0.5,P-10,RF_NQ,-0.1444529176756859,-0.46950766204755245,-11.883833609210637,-1.2639878246041292
16936,Naryn,0.5,P-10,Ridge_OS,-0.08537310856875369,-0.07248684968887975,-11.883833609210637,-1.2639878246041292
16936,Naryn,0.5,P-10,Ridge_AR,-0.303638746374002,-0.05760869605665464,-11.883833609210637,-1.2639878246041292
16936,Naryn,0.5,P-10,Ridge_NQ,-0.7800865604009166,-0.022713860217959958,-11.883833609210637,-1.2639878246041292
16936,Naryn,0.5,P-10,LSTM_OS,-1.4397513861902689,-1.1981894243642488,-11.883833609210637,-1.2639878246041292
16936,Naryn,0.5,P-10,LSTM_AR,-5.567816820416638,-1.232738287091884,-11.883833609210637,-1.2639878246041292
16936,Naryn,0.5,P-10,LSTM_NQ,-3.2966399441572203,-1.3836195510345202,-11.883833609210637,-1.2639878246041292
17202,Karatag,0.0,T+2,XGB_OS,1.890423638937766,6.776920307401413,2.128312375470909,20.84781857761154
17202,Karatag,0.0,T+2,XGB_AR,6.282280545747909,12.666712030169734,2.128312375470909,20.84781857761154
17202,Karatag,0.0,T+2,XGB_NQ,8.53158972340129,11.031487832209685,2.128312375470909,20.84781857761154
17202,Karatag,0.0,T+2,RF_OS,1.1193264362409971,5.078912484542419,2.128312375470909,20.84781857761154
17202,Karatag,0.0,T+2,RF_AR,5.418430698793419,16.39884083088362,2.128312375470909,20.84781857761154
17202,Karatag,0.0,T+2,RF_NQ,6.689355661709606,9.010035297112573,2.128312375470909,20.84781857761154
17202,Karatag,0.0,T+2,Ridge_OS,-1.039450245909912,1.1311995206142678,2.128312375470909,20.84781857761154
17202,Karatag,0.0,T+2,Ridge_AR,-3.086029708840532,5.263939894827252,2.128312375470909,20.84781857761154
17202,Karatag,0.0,T+2,Ridge_NQ,-4.798313434128431,0.02381191077474032,2.128312375470909,20.84781857761154
17202,Karatag,0.0,T+2,LSTM_OS,-0.27668846536924585,9.092315346400214,2.128312375470909,20.84781857761154
17202,Karatag,0.0,T+2,LSTM_AR,0.586970491264549,13.813544690072666,2.128312375470909,20.84781857761154
17202,Karatag,0.0,T+2,LSTM_NQ,-2.505738890786835,11.73120229996576,2.128312375470909,20.84781857761154
17202,Karatag,0.0,T+3,XGB_OS,2.8463823491134077,8.813334393522364,1.9880052676660265,31.042723238972293
17202,Karatag,0.0,T+3,XGB_AR,10.975061951946063,18.822215287238066,1.9880052676660265,31.042723238972293
17202,Karatag,0.0,T+3,XGB_NQ,13.701503385393687,12.214876423410525,1.9880052676660265,31.042723238972293
17202,Karatag,0.0,T+3,RF_OS,2.0673133395809673,7.794257872949784,1.9880052676660265,31.042723238972293
17202,Karatag,0.0,T+3,RF_AR,7.113020718386642,21.260692619525948,1.9880052676660265,31.042723238972293
17202,Karatag,0.0,T+3,RF_NQ,9.942177934322661,13.489128872788593,1.9880052676660265,31.042723238972293
17202,Karatag,0.0,T+3,Ridge_OS,-1.6356444816123195,1.4686171486358424,1.9880052676660265,31.042723238972293
17202,Karatag,0.0,T+3,Ridge_AR,-4.6203080052632295,7.423719356703762,1.9880052676660265,31.042723238972293
17202,Karatag,0.0,T+3,Ridge_NQ,-7.0782632806476675,0.06629453225186488,1.9880052676660265,31.042723238972293
17202,Karatag,0.0,T+3,LSTM_OS,0.2937318155203261,12.006641110822647,1.9880052676660265,31.042723238972293
17202,Karatag,0.0,T+3,LSTM_AR,1.485415896799025,19.706489434281426,1.9880052676660265,31.042723238972293
17202,Karatag,0.0,T+3,LSTM_NQ,-2.428925216788891,16.016811803421728,1.9880052676660265,31.042723238972293
17202,Karatag,0.0,P+10,XGB_OS,1.2966446201131632,1.750839852860464,11.177467655613293,-1.9309597364307383
17202,Karatag,0.0,P+10,XGB_AR,7.4411181239776525,-0.762954663947891,11.177467655613293,-1.9309597364307383
17202,Karatag,0.0,P+10,XGB_NQ,3.340176408799289,2.7651103357237083,11.177467655613293,-1.9309597364307383
17202,Karatag,0.0,P+10,RF_OS,0.6470446650299166,0.4420403509842741,11.177467655613293,-1.9309597364307383
17202,Karatag,0.0,P+10,RF_AR,2.442535688638414,-1.404074142322509,11.177467655613293,-1.9309597364307383
17202,Karatag,0.0,P+10,RF_NQ,1.583482106334233,1.8474380149579472,11.177467655613293,-1.9309597364307383
17202,Karatag,0.0,P+10,Ridge_OS,1.069360957972032,0.6056775344513099,11.177467655613293,-1.9309597364307383
17202,Karatag,0.0,P+10,Ridge_AR,3.2456161206199985,1.4805561356442398,11.177467655613293,-1.9309597364307383
17202,Karatag,0.0,P+10,Ridge_NQ,2.7000545695183398,1.1136217230155676,11.177467655613293,-1.9309597364307383
17202,Karatag,0.0,P+10,LSTM_OS,4.5775831485662,5.835460328421017,11.177467655613293,-1.9309597364307383
17202,Karatag,0.0,P+10,LSTM_AR,11.463701899774792,2.7045850355634116,11.177467655613293,-1.9309597364307383
17202,Karatag,0.0,P+10,LSTM_NQ,12.352521703150622,0.7053085179506304,11.177467655613293,-1.9309597364307383
17202,Karatag,0.0,P-10,XGB_OS,-1.0244801398671788,-0.989693121987878,-10.849197386681597,1.1397351664809499
17202,Karatag,0.0,P-10,XGB_AR,-2.7499101751437105,1.9828219594678287,-10.849197386681597,1.1397351664809499
17202,Karatag,0.0,P-10,XGB_NQ,-3.0322522236086003,-2.2970635518076987,-10.849197386681597,1.1397351664809499
17202,Karatag,0.0,P-10,RF_OS,-0.4497145124754631,-0.416386016698822,-10.849197386681597,1.1397351664809499
17202,Karatag,0.0,P-10,RF_AR,-2.7609382661289317,3.2815521962371696,-10.849197386681597,1.1397351664809499
17202,Karatag,0.0,P-10,RF_NQ,-1.7933722568252097,-2.169196593187439,-10.849197386681597,1.1397351664809499
17202,Karatag,0.0,P-10,Ridge_OS,-1.0693609579719987,-0.6056775344513654,-10.849197386681597,1.1397351664809499
17202,Karatag,0.0,P-10,Ridge_AR,-3.2456161206199874,-1.4805561356442176,-10.849197386681597,1.1397351664809499
17202,Karatag,0.0,P-10,Ridge_NQ,-2.700054569518351,-1.1136217230154677,-10.849197386681597,1.1397351664809499
17202,Karatag,0.0,P-10,LSTM_OS,-4.315453322662566,-5.137024007902813,-10.849197386681597,1.1397351664809499
17202,Karatag,0.0,P-10,LSTM_AR,-9.90108428447759,-2.096420725883462,-10.849197386681597,1.1397351664809499
17202,Karatag,0.0,P-10,LSTM_NQ,-11.321842919437197,-0.770476971364463,-10.849197386681597,1.1397351664809499
17202,Karatag,0.5,T+2,XGB_OS,1.7407538610728412,6.747618624546192,2.128312375470909,20.84781857761154
17202,Karatag,0.5,T+2,XGB_AR,3.6531635607050417,9.331786269654986,2.128312375470909,20.84781857761154
17202,Karatag,0.5,T+2,XGB_NQ,8.282426674543508,9.350003604818436,2.128312375470909,20.84781857761154
17202,Karatag,0.5,T+2,RF_OS,1.0431610730721186,5.298341539401075,2.128312375470909,20.84781857761154
17202,Karatag,0.5,T+2,RF_AR,4.901460247257039,13.538940673070975,2.128312375470909,20.84781857761154
17202,Karatag,0.5,T+2,RF_NQ,6.857977476723209,8.382184609275157,2.128312375470909,20.84781857761154
17202,Karatag,0.5,T+2,Ridge_OS,-0.7597889653816914,1.3078317977211928,2.128312375470909,20.84781857761154
17202,Karatag,0.5,T+2,Ridge_AR,-2.2774615175717994,6.1170411720713025,2.128312375470909,20.84781857761154
17202,Karatag,0.5,T+2,Ridge_NQ,-4.612983201436249,0.38027817894970006,2.128312375470909,20.84781857761154
17202,Karatag,0.5,T+2,LSTM_OS,-1.2004327539355097,8.84125474235994,2.128312375470909,20.84781857761154
17202,Karatag,0.5,T+2,LSTM_AR,-0.526066031976069,13.821091218712134,2.128312375470909,20.84781857761154
17202,Karatag,0.5,T+2,LSTM_NQ,1.373617015699402,15.411618835438878,2.128312375470909,20.84781857761154
17202,Karatag,0.5,T+3,XGB_OS,2.637250755849374,8.951861159436515,1.9880052676660265,31.042723238972293
17202,Karatag,0.5,T+3,XGB_AR,6.1488631180680375,15.802700433361828,1.9880052676660265,31.042723238972293
17202,Karatag,0.5,T+3,XGB_NQ,12.576832771613677,12.511322053892961,1.9880052676660265,31.042723238972293
17202,Karatag,0.5,T+3,RF_OS,1.7983879470897524,7.623366820041088,1.9880052676660265,31.042723238972293
17202,Karatag,0.5,T+3,RF_AR,6.9157300860427595,19.38393866774305,1.9880052676660265,31.042723238972293
17202,Karatag,0.5,T+3,RF_NQ,10.013728461351178,12.689521729365772,1.9880052676660265,31.042723238972293
17202,Karatag,0.5,T+3,Ridge_OS,-1.238074569209735,1.6988601018426697,1.9880052676660265,31.042723238972293
17202,Karatag,0.5,T+3,Ridge_AR,-3.5365523313699354,8.574161831370454,1.9880052676660265,31.042723238972293
17202,Karatag,0.5,T+3,Ridge_NQ,-6.842334385389959,0.5351351003403781,1.9880052676660265,31.042723238972293
17202,Karatag,0.5,T+3,LSTM_OS,-1.808199099741481,11.043298760568309,1.9880052676660265,31.042723238972293
17202,Karatag,0.5,T+3,LSTM_AR,-0.7500081868342612,19.322232217153854,1.9880052676660265,31.042723238972293
17202,Karatag,0.5,T+3,LSTM_NQ,1.9515828604482088,21.6806656153544,1.9880052676660265,31.042723238972293
17202,Karatag,0.5,P+10,XGB_OS,1.1168574021838795,0.9390653309109043,11.177467655613293,-1.9309597364307383
17202,Karatag,0.5,P+10,XGB_AR,3.9594557434448063,-3.1658519946974106,11.177467655613293,-1.9309597364307383
17202,Karatag,0.5,P+10,XGB_NQ,2.943941703385522,-2.0400509536127043,11.177467655613293,-1.9309597364307383
17202,Karatag,0.5,P+10,RF_OS,0.6160467558658622,-0.03369346257404704,11.177467655613293,-1.9309597364307383
17202,Karatag,0.5,P+10,RF_AR,1.7453185562815499,-1.4129131085849345,11.177467655613293,-1.9309597364307383
17202,Karatag,0.5,P+10,RF_NQ,1.6771746122009823,-0.4533236639063354,11.177467655613293,-1.9309597364307383
17202,Karatag,0.5,P+10,Ridge_OS,0.7119765146217816,0.3828385692666192,11.177467655613293,-1.9309597364307383
17202,Karatag,0.5,P+10,Ridge_AR,2.1897388507345017,0.9845078387580308,11.177467655613293,-1.9309597364307383
17202,Karatag,0.5,P+10,Ridge_NQ,1.858495563040763,0.7875028063679679,11.177467655613293,-1.9309597364307383
17202,Karatag,0.5,P+10,LSTM_OS,3.0859659769124415,3.072476942816138,11.177467655613293,-1.9309597364307383
17202,Karatag,0.5,P+10,LSTM_AR,6.991439761336449,0.6929114567414629,11.177467655613293,-1.9309597364307383
17202,Karatag,0.5,P+10,LSTM_NQ,7.015504344879719,-1.3206667990314225,11.177467655613293,-1.9309597364307383
17202,Karatag,0.5,P-10,XGB_OS,-0.5731026283980478,-1.3296103168905282,-10.849197386681597,1.1397351664809499
17202,Karatag,0.5,P-10,XGB_AR,-0.17058672164514954,-3.8409802606043875,-10.849197386681597,1.1397351664809499
17202,Karatag,0.5,P-10,XGB_NQ,-1.717337938359087,-2.347630898412545,-10.849197386681597,1.1397351664809499
17202,Karatag,0.5,P-10,RF_OS,-0.4102494120290401,-0.5589940087357581,-10.849197386681597,1.1397351664809499
17202,Karatag,0.5,P-10,RF_AR,-1.8163040604418867,1.809315270237466,-10.849197386681597,1.1397351664809499
17202,Karatag,0.5,P-10,RF_NQ,-1.5404838718781066,-0.8359913964425592,-10.849197386681597,1.1397351664809499
17202,Karatag,0.5,P-10,Ridge_OS,-0.7119765146217927,-0.3828385692665859,-10.849197386681597,1.1397351664809499
17202,Karatag,0.5,P-10,Ridge_AR,-2.163997909042281,-0.9958609444548405,-10.849197386681597,1.1397351664809499
17202,Karatag,0.5,P-10,Ridge_NQ,-1.858495563040763,-0.7875028063679568,-10.849197386681597,1.1397351664809499
17202,Karatag,0.5,P-10,LSTM_OS,-3.002976290162118,-3.313724659850037,-10.849197386681597,1.1397351664809499
17202,Karatag,0.5,P-10,LSTM_AR,-7.1029569825025956,-0.816699986985503,-10.849197386681597,1.1397351664809499
17202,Karatag,0.5,P-10,LSTM_NQ,-7.693457763257139,0.9801301228549493,-10.849197386681597,1.1397351664809499
17211,Sangardak,0.0,T+2,XGB_OS,-2.8675684378095756,-1.1647466605498984,-10.072324450260373,20.387387347680075
17211,Sangardak,0.0,T+2,XGB_AR,-4.458437725918385,29.578086579288833,-10.072324450260373,20.387387347680075
17211,Sangardak,0.0,T+2,XGB_NQ,2.774905081133827,8.564648900257987,-10.072324450260373,20.387387347680075
17211,Sangardak,0.0,T+2,RF_OS,-2.0326268149783,-0.5818229149153753,-10.072324450260373,20.387387347680075
17211,Sangardak,0.0,T+2,RF_AR,1.071733936217134,24.988074209607767,-10.072324450260373,20.387387347680075
17211,Sangardak,0.0,T+2,RF_NQ,1.7019316191313916,13.004638724583018,-10.072324450260373,20.387387347680075
17211,Sangardak,0.0,T+2,Ridge_OS,-0.31489216683974197,2.1324508869010717,-10.072324450260373,20.387387347680075
17211,Sangardak,0.0,T+2,Ridge_AR,0.018883716799744654,8.742271429145665,-10.072324450260373,20.387387347680075
17211,Sangardak,0.0,T+2,Ridge_NQ,-7.576867872661874,7.2436457048915885,-10.072324450260373,20.387387347680075
17211,Sangardak,0.0,T+2,LSTM_OS,-5.869145033825207,2.6051310966733627,-10.072324450260373,20.387387347680075
17211,Sangardak,0.0,T+2,LSTM_AR,-5.6685783204299955,16.611386196665336,-10.072324450260373,20.387387347680075
17211,Sangardak,0.0,T+2,LSTM_NQ,-5.808906551093429,14.703917474292117,-10.072324450260373,20.387387347680075
17211,Sangardak,0.0,T+3,XGB_OS,-3.717780203389809,-1.4230555167766727,-15.216221232005612,24.994334185231292
17211,Sangardak,0.0,T+3,XGB_AR,-2.812033425155913,35.173826590440314,-15.216221232005612,24.994334185231292
17211,Sangardak,0.0,T+3,XGB_NQ,4.9880315488857185,9.940482713470955,-15.216221232005612,24.994334185231292
17211,Sangardak,0.0,T+3,RF_OS,-2.583873598939246,-1.2763207005244914,-15.216221232005612,24.994334185231292
17211,Sangardak,0.0,T+3,RF_AR,-2.6811452118310375,31.22670580943447,-15.216221232005612,24.994334185231292
17211,Sangardak,0.0,T+3,RF_NQ,2.252810780164194,15.583158013231312,-15.216221232005612,24.994334185231292
17211,Sangardak,0.0,T+3,Ridge_OS,-0.7182403457573261,3.062736275901412,-15.216221232005612,24.994334185231292
17211,Sangardak,0.0,T+3,Ridge_AR,-0.7020192535803438,12.554933159102221,-15.216221232005612,24.994334185231292
17211,Sangardak,0.0,T+3,Ridge_NQ,-12.095919811723787,10.465388353411985,-15.216221232005612,24.994334185231292
17211,Sangardak,0.0,T+3,LSTM_OS,-8.711938054058589,1.7781513034688547,-15.216221232005612,24.994334185231292
17211,Sangardak,0.0,T+3,LSTM_AR,-8.971086513161652,21.80435265025593,-15.216221232005612,24.994334185231292
17211,Sangardak,0.0,T+3,LSTM_NQ,-8.719967761709214,19.029580986733805,-15.216221232005612,24.994334185231292
17211,Sangardak,0.0,P+10,XGB_OS,1.6344305809897541,-0.3114024830490836,15.401981049020286,0.2828504162136767
17211,Sangardak,0.0,P+10,XGB_AR,6.378322997917674,3.799021561920246,15.401981049020286,0.2828504162136767
17211,Sangardak,0.0,P+10,XGB_NQ,4.307223329870413,-1.2943712449135392,15.401981049020286,0.2828504162136767
17211,Sangardak,0.0,P+10,RF_OS,1.1054772799562018,-0.05390696396097017,15.401981049020286,0.2828504162136767
17211,Sangardak,0.0,P+10,RF_AR,7.521262768944448,-1.5299426165891195,15.401981049020286,0.2828504162136767
17211,Sangardak,0.0,P+10,RF_NQ,3.432183590997373,-0.3983907448678048,15.401981049020286,0.2828504162136767
17211,Sangardak,0.0,P+10,Ridge_OS,2.024341066953572,-0.06294098517531932,15.401981049020286,0.2828504162136767
17211,Sangardak,0.0,P+10,Ridge_AR,5.964959016069815,0.4470304114105872,15.401981049020286,0.2828504162136767
17211,Sangardak,0.0,P+10,Ridge_NQ,6.7970726898273215,0.02256981172907846,15.401981049020286,0.2828504162136767
17211,Sangardak,0.0,P+10,LSTM_OS,5.021737063251552,3.353450676551306,15.401981049020286,0.2828504162136767
17211,Sangardak,0.0,P+10,LSTM_AR,11.499730997914925,0.7543572226733168,15.401981049020286,0.2828504162136767
17211,Sangardak,0.0,P+10,LSTM_NQ,14.986399594405576,4.139880002589271,15.401981049020286,0.2828504162136767
17211,Sangardak,0.0,P-10,XGB_OS,-1.6718380160335333,-0.685249014436895,-15.16377712061282,-0.9266655244652977
17211,Sangardak,0.0,P-10,XGB_AR,-5.912074033988201,2.5671944649045884,-15.16377712061282,-0.9266655244652977
17211,Sangardak,0.0,P-10,XGB_NQ,-5.980017764943746,-1.933509896974262,-15.16377712061282,-0.9266655244652977
17211,Sangardak,0.0,P-10,RF_OS,-1.453667394118885,-0.5270903217625245,-15.16377712061282,-0.9266655244652977
17211,Sangardak,0.0,P-10,RF_AR,-3.323088380595063,-0.4531749242644434,-15.16377712061282,-0.9266655244652977
17211,Sangardak,0.0,P-10,RF_NQ,-6.207500339794536,-1.382146692301733,-15.16377712061282,-0.9266655244652977
17211,Sangardak,0.0,P-10,Ridge_OS,-2.024341066953561,0.0629409851752194,-15.16377712061282,-0.9266655244652977
17211,Sangardak,0.0,P-10,Ridge_AR,-5.827377164043879,-0.3975881075893972,-15.16377712061282,-0.9266655244652977
17211,Sangardak,0.0,P-10,Ridge_NQ,-6.79707268982731,-0.022569811729133527,-15.16377712061282,-0.9266655244652977
17211,Sangardak,0.0,P-10,LSTM_OS,-5.951882828354793,-5.12204637331275,-15.16377712061282,-0.9266655244652977
17211,Sangardak,0.0,P-10,LSTM_AR,-13.594150952567075,-0.18364769358988298,-15.16377712061282,-0.9266655244652977
17211,Sangardak,0.0,P-10,LSTM_NQ,-14.760850714009655,-3.6908265970216245,-15.16377712061282,-0.9266655244652977
17211,Sangardak,0.5,T+2,XGB_OS,-3.6308126789671324,-0.9445212732700381,-10.072324450260373,20.387387347680075
17211,Sangardak,0.5,T+2,XGB_AR,-3.7205033796144815,30.11176534738763,-10.072324450260373,20.387387347680075
17211,Sangardak,0.5,T+2,XGB_NQ,-0.8322011905560811,8.694921395177202,-10.072324450260373,20.387387347680075
17211,Sangardak,0.5,T+2,RF_OS,-2.7525933043574535,-1.1979200205428864,-10.072324450260373,20.387387347680075
17211,Sangardak,0.5,T+2,RF_AR,0.9228426215629915,34.44841146722386,-10.072324450260373,20.387387347680075
17211,Sangardak,0.5,T+2,RF_NQ,0.7653474113674674,16.015081389560283,-10.072324450260373,20.387387347680075
17211,Sangardak,0.5,T+2,Ridge_OS,-1.0279998680478908,2.6726152387246183,-10.072324450260373,20.387387347680075
17211,Sangardak,0.5,T+2,Ridge_AR,-1.9405967837680782,11.283470362832727,-10.072324450260373,20.387387347680075
17211,Sangardak,0.5,T+2,Ridge_NQ,-11.644340017531729,9.65309018583044,-10.072324450260373,20.387387347680075
17211,Sangardak,0.5,T+2,LSTM_OS,-8.342686997106375,3.7151529518379736,-10.072324450260373,20.387387347680075
17211,Sangardak,0.5,T+2,LSTM_AR,-9.682979628630795,20.51985474058783,-10.072324450260373,20.387387347680075
17211,Sangardak,0.5,T+2,LSTM_NQ,-5.865568367519014,20.865474473655944,-10.072324450260373,20.387387347680075
17211,Sangardak,0.5,T+3,XGB_OS,-4.7108057215417665,-1.7409928077757657,-15.216221232005612,24.994334185231292
17211,Sangardak,0.5,T+3,XGB_AR,-4.212216986531592,42.7625721428567,-15.216221232005612,24.994334185231292
17211,Sangardak,0.5,T+3,XGB_NQ,0.7017984223703477,13.021117242307978,-15.216221232005612,24.994334185231292
17211,Sangardak,0.5,T+3,RF_OS,-3.568736930262506,-2.2574958119042754,-15.216221232005612,24.994334185231292
17211,Sangardak,0.5,T+3,RF_AR,-0.6993531555637311,38.39855190444442,-15.216221232005612,24.994334185231292
17211,Sangardak,0.5,T+3,RF_NQ,2.1317605756543845,20.98639452366773,-15.216221232005612,24.994334185231292
17211,Sangardak,0.5,T+3,Ridge_OS,-1.825296925630171,3.860609853935471,-15.216221232005612,24.994334185231292
17211,Sangardak,0.5,T+3,Ridge_AR,-3.736668076605265,16.25118352044049,-15.216221232005612,24.994334185231292
17211,Sangardak,0.5,T+3,Ridge_NQ,-18.299984964285088,14.0442953891305,-15.216221232005612,24.994334185231292
17211,Sangardak,0.5,T+3,LSTM_OS,-12.27047623622327,3.1522557239207725,-15.216221232005612,24.994334185231292
17211,Sangardak,0.5,T+3,LSTM_AR,-14.592268083815163,26.39348625460942,-15.216221232005612,24.994334185231292
17211,Sangardak,0.5,T+3,LSTM_NQ,-9.538709890588892,27.14373616827872,-15.216221232005612,24.994334185231292
17211,Sangardak,0.5,P+10,XGB_OS,0.9666745653735598,0.36002552639975427,15.401981049020286,0.2828504162136767
17211,Sangardak,0.5,P+10,XGB_AR,3.2781634797154124,2.3691392879917395,15.401981049020286,0.2828504162136767
17211,Sangardak,0.5,P+10,XGB_NQ,2.212294833340933,-0.393982314464969,15.401981049020286,0.2828504162136767
17211,Sangardak,0.5,P+10,RF_OS,0.4968751130200122,0.2925757129670137,15.401981049020286,0.2828504162136767
17211,Sangardak,0.5,P+10,RF_AR,5.85310145862914,0.2697604462078562,15.401981049020286,0.2828504162136767
17211,Sangardak,0.5,P+10,RF_NQ,1.9316508426749923,0.11885157529720747,15.401981049020286,0.2828504162136767
17211,Sangardak,0.5,P+10,Ridge_OS,1.2398799561368357,-0.05721016724284933,15.401981049020286,0.2828504162136767
17211,Sangardak,0.5,P+10,Ridge_AR,3.8505099634193574,0.1988569536563345,15.401981049020286,0.2828504162136767
17211,Sangardak,0.5,P+10,Ridge_NQ,3.943275180848582,0.0261733547731291,15.401981049020286,0.2828504162136767
17211,Sangardak,0.5,P+10,LSTM_OS,3.3671533840640144,3.771988194962672,15.401981049020286,0.2828504162136767
17211,Sangardak,0.5,P+10,LSTM_AR,9.15382363094135,1.7929828094074498,15.401981049020286,0.2828504162136767
17211,Sangardak,0.5,P+10,LSTM_NQ,11.012812741170341,1.9200072641808443,15.401981049020286,0.2828504162136767
17211,Sangardak,0.5,P-10,XGB_OS,-0.3680105357908192,0.18971503908715714,-15.16377712061282,-0.9266655244652977
17211,Sangardak,0.5,P-10,XGB_AR,2.727169060807322,5.540724835957899,-15.16377712061282,-0.9266655244652977
17211,Sangardak,0.5,P-10,XGB_NQ,-0.49923471592562274,1.4107707802903047,-15.16377712061282,-0.9266655244652977
17211,Sangardak,0.5,P-10,RF_OS,-0.5767981880827056,-0.2838471892116723,-15.16377712061282,-0.9266655244652977
17211,Sangardak,0.5,P-10,RF_AR,-0.8630202617853855,-0.34754615340871764,-15.16377712061282,-0.9266655244652977
17211,Sangardak,0.5,P-10,RF_NQ,-1.4864528465521443,0.5213287929520916,-15.16377712061282,-0.9266655244652977
17211,Sangardak,0.5,P-10,Ridge_OS,-1.2398799561368246,0.05721016724279382,-15.16377712061282,-0.9266655244652977
17211,Sangardak,0.5,P-10,Ridge_AR,-3.7582486434521334,-0.1504979163257092,-15.16377712061282,-0.9266655244652977
17211,Sangardak,0.5,P-10,Ridge_NQ,-3.943275180848538,-0.0261733547731402,-15.16377712061282,-0.9266655244652977
17211,Sangardak,0.5,P-10,LSTM_OS,-3.4013910878362363,-4.044477766367949,-15.16377712061282,-0.9266655244652977
17211,Sangardak,0.5,P-10,LSTM_AR,-9.430198948157608,-2.1774635711823596,-15.16377712061282,-0.9266655244652977
17211,Sangardak,0.5,P-10,LSTM_NQ,-10.816547136389243,-2.236887026550061,-15.16377712061282,-0.9266655244652977
16176,Padshaata,0.0,T+2,XGB_OS,-0.5926145998539578,12.995132921205187,-10.256908835216528,33.79141635866396
16176,Padshaata,0.0,T+2,XGB_AR,-5.08673462115784,31.70921202471264,-10.256908835216528,33.79141635866396
16176,Padshaata,0.0,T+2,XGB_NQ,5.052086990953741,12.782256724136198,-10.256908835216528,33.79141635866396
16176,Padshaata,0.0,T+2,RF_OS,1.1179871354209503,12.855199210438972,-10.256908835216528,33.79141635866396
16176,Padshaata,0.0,T+2,RF_AR,-3.5159957742581627,37.9735610379778,-10.256908835216528,33.79141635866396
16176,Padshaata,0.0,T+2,RF_NQ,4.504947098581091,17.216010249614854,-10.256908835216528,33.79141635866396
16176,Padshaata,0.0,T+2,Ridge_OS,-1.2053947453849023,1.540417088449586,-10.256908835216528,33.79141635866396
16176,Padshaata,0.0,T+2,Ridge_AR,-3.676031831786708,6.948488141491049,-10.256908835216528,33.79141635866396
16176,Padshaata,0.0,T+2,Ridge_NQ,-7.10843775390696,-0.980980448357216,-10.256908835216528,33.79141635866396
16176,Padshaata,0.0,T+2,LSTM_OS,-2.9287139109517635,15.318874563277785,-10.256908835216528,33.79141635866396
16176,Padshaata,0.0,T+2,LSTM_AR,-2.8814120716152747,24.34294956221449,-10.256908835216528,33.79141635866396
16176,Padshaata,0.0,T+2,LSTM_NQ,-2.3288016233403375,24.97538277830793,-10.256908835216528,33.79141635866396
16176,Padshaata,0.0,T+3,XGB_OS,-0.4487728204947805,16.23758473083847,-14.92721528925206,47.31602711866124
16176,Padshaata,0.0,T+3,XGB_AR,-7.178669786410474,38.317434453012694,-14.92721528925206,47.31602711866124
16176,Padshaata,0.0,T+3,XGB_NQ,8.36553376908662,18.682130373629178,-14.92721528925206,47.31602711866124
16176,Padshaata,0.0,T+3,RF_OS,1.1812104579154603,16.471551015489304,-14.92721528925206,47.31602711866124
16176,Padshaata,0.0,T+3,RF_AR,-5.223459238989503,47.06072281234836,-14.92721528925206,47.31602711866124
16176,Padshaata,0.0,T+3,RF_NQ,6.437062721785991,22.729313710377642,-14.92721528925206,47.31602711866124
16176,Padshaata,0.0,T+3,Ridge_OS,-1.8821127436329466,2.1556476793390456,-14.92721528925206,47.31602711866124
16176,Padshaata,0.0,T+3,Ridge_AR,-5.745485945756701,10.28612447496875,-14.92721528925206,47.31602711866124
16176,Padshaata,0.0,T+3,Ridge_NQ,-10.51534924443952,-1.2091704554691107,-14.92721528925206,47.31602711866124
16176,Padshaata,0.0,T+3,LSTM_OS,-4.863371808235605,20.219264455344355,-14.92721528925206,47.31602711866124
16176,Padshaata,0.0,T+3,LSTM_AR,-4.732258530880628,35.62701096990605,-14.92721528925206,47.31602711866124
16176,Padshaata,0.0,T+3,LSTM_NQ,-4.089072442102748,36.3698136931702,-14.92721528925206,47.31602711866124
16176,Padshaata,0.0,P+10,XGB_OS,0.46448893517800904,0.5773484016259101,11.291130597272625,-4.516259615492023
16176,Padshaata,0.0,P+10,XGB_AR,0.10735339608929362,-2.639944413707951,11.291130597272625,-4.516259615492023
16176,Padshaata,0.0,P+10,XGB_NQ,2.1508065437975787,-3.2734094780322742,11.291130597272625,-4.516259615492023
16176,Padshaata,0.0,P+10,RF_OS,0.2694106064994539,0.25398870194714984,11.291130597272625,-4.516259615492023
16176,Padshaata,0.0,P+10,RF_AR,2.494818563636092,-3.2410405676581044,11.291130597272625,-4.516259615492023
16176,Padshaata,0.0,P+10,RF_NQ,2.2845251012872936,-1.6171026602234573,11.291130597272625,-4.516259615492023
16176,Padshaata,0.0,P+10,Ridge_OS,1.0180558054933897,0.3960418267738408,11.291130597272625,-4.516259615492023
16176,Padshaata,0.0,P+10,Ridge_AR,3.2051172346419188,0.09872225116831501,11.291130597272625,-4.516259615492023
16176,Padshaata,0.0,P+10,Ridge_NQ,5.347959900266397,0.5556322081356369,11.291130597272625,-4.516259615492023
16176,Padshaata,0.0,P+10,LSTM_OS,2.9932946095528656,2.9117527337874316,11.291130597272625,-4.516259615492023
16176,Padshaata,0.0,P+10,LSTM_AR,5.953997373783149,0.7285841772499468,11.291130597272625,-4.516259615492023
16176,Padshaata,0.0,P+10,LSTM_NQ,7.634452979649997,-1.577487036689873,11.291130597272625,-4.516259615492023
16176,Padshaata,0.0,P-10,XGB_OS,-0.8898482764187143,-0.7183097581021647,-11.154181142015362,2.7832143220741568
16176,Padshaata,0.0,P-10,XGB_AR,-4.383616237649813,2.5445418475227526,-11.154181142015362,2.7832143220741568
16176,Padshaata,0.0,P-10,XGB_NQ,-1.088632304967152,0.9327694332026182,-11.154181142015362,2.7832143220741568
16176,Padshaata,0.0,P-10,RF_OS,-0.41649312040507036,-0.061572443805502086,-11.154181142015362,2.7832143220741568
16176,Padshaata,0.0,P-10,RF_AR,-3.917855337045084,5.353198437137429,-11.154181142015362,2.7832143220741568
16176,Padshaata,0.0,P-10,RF_NQ,-1.569223492107752,0.33705564061216053,-11.154181142015362,2.7832143220741568
16176,Padshaata,0.0,P-10,Ridge_OS,-1.018055805493312,-0.3960418267738186,-11.154181142015362,2.7832143220741568
16176,Padshaata,0.0,P-10,Ridge_AR,-3.20511723464193,-0.0987222511682595,-11.154181142015362,2.7832143220741568
16176,Padshaata,0.0,P-10,Ridge_NQ,-5.347959900266385,-0.5556322081356151,-11.154181142015362,2.7832143220741568
16176,Padshaata,0.0,P-10,LSTM_OS,-3.0637276688379678,-3.01696739856332,-11.154181142015362,2.7832143220741568
16176,Padshaata,0.0,P-10,LSTM_AR,-6.418065200337608,0.18780160603851748,-11.154181142015362,2.7832143220741568
16176,Padshaata,0.0,P-10,LSTM_NQ,-8.570872689466613,2.333160305614534,-11.154181142015362,2.7832143220741568
16176,Padshaata,0.5,T+2,XGB_OS,-0.6271185266352064,13.46905290480337,-10.256908835216528,33.79141635866396
16176,Padshaata,0.5,T+2,XGB_AR,-9.272949964356304,31.60674148048137,-10.256908835216528,33.79141635866396
16176,Padshaata,0.5,T+2,XGB_NQ,3.667914902427083,18.10083401573994,-10.256908835216528,33.79141635866396
16176,Padshaata,0.5,T+2,RF_OS,0.8686889228000316,13.666207622778249,-10.256908835216528,33.79141635866396
16176,Padshaata,0.5,T+2,RF_AR,-4.094911280026203,39.41544976101747,-10.256908835216528,33.79141635866396
16176,Padshaata,0.5,T+2,RF_NQ,4.118653143141238,18.26672770433101,-10.256908835216528,33.79141635866396
16176,Padshaata,0.5,T+2,Ridge_OS,-1.8132849112655225,1.541048930884048,-10.256908835216528,33.79141635866396
16176,Padshaata,0.5,T+2,Ridge_AR,-5.677408913490256,8.088894836682215,-10.256908835216528,33.79141635866396
16176,Padshaata,0.5,T+2,Ridge_NQ,-12.580850124488885,-1.030286852673612,-10.256908835216528,33.79141635866396
16176,Padshaata,0.5,T+2,LSTM_OS,-4.284070114024219,21.690805794751444,-10.256908835216528,33.79141635866396
16176,Padshaata,0.5,T+2,LSTM_AR,-2.0418748896139816,31.21141598524455,-10.256908835216528,33.79141635866396
16176,Padshaata,0.5,T+2,LSTM_NQ,2.8450538586004326,29.220534097039177,-10.256908835216528,33.79141635866396
16176,Padshaata,0.5,T+3,XGB_OS,-0.8372281797196846,16.757005137384105,-14.92721528925206,47.31602711866124
16176,Padshaata,0.5,T+3,XGB_AR,-6.450928391838517,41.06943603899464,-14.92721528925206,47.31602711866124
16176,Padshaata,0.5,T+3,XGB_NQ,6.5535042761008855,24.167675839157454,-14.92721528925206,47.31602711866124
16176,Padshaata,0.5,T+3,RF_OS,0.8543491064178621,17.510809864763274,-14.92721528925206,47.31602711866124
16176,Padshaata,0.5,T+3,RF_AR,-3.480679213888993,47.18966043837872,-14.92721528925206,47.31602711866124
16176,Padshaata,0.5,T+3,RF_NQ,6.295258277337679,24.06867250228665,-14.92721528925206,47.31602711866124
16176,Padshaata,0.5,T+3,Ridge_OS,-2.8128499874995105,2.1161902508005204,-14.92721528925206,47.31602711866124
16176,Padshaata,0.5,T+3,Ridge_AR,-8.528767856375929,11.97127314275096,-14.92721528925206,47.31602711866124
16176,Padshaata,0.5,T+3,Ridge_NQ,-18.774999169665875,-1.3763941420464985,-14.92721528925206,47.31602711866124
16176,Padshaata,0.5,T+3,LSTM_OS,-6.0733386525379185,28.328127708316508,-14.92721528925206,47.31602711866124
16176,Padshaata,0.5,T+3,LSTM_AR,-3.073309163220328,45.30156973401621,-14.92721528925206,47.31602711866124
16176,Padshaata,0.5,T+3,LSTM_NQ,3.636606390474495,43.620655746666095,-14.92721528925206,47.31602711866124
16176,Padshaata,0.5,P+10,XGB_OS,0.3660348333475616,0.6983312207160974,11.291130597272625,-4.516259615492023
16176,Padshaata,0.5,P+10,XGB_AR,1.2535538111535072,0.8670297848008435,11.291130597272625,-4.516259615492023
16176,Padshaata,0.5,P+10,XGB_NQ,1.706713304791485,-2.672804111771243,11.291130597272625,-4.516259615492023
16176,Padshaata,0.5,P+10,RF_OS,0.27333834281753067,0.2805078629676716,11.291130597272625,-4.516259615492023
16176,Padshaata,0.5,P+10,RF_AR,2.680494826893143,-4.208268262790749,11.291130597272625,-4.516259615492023
16176,Padshaata,0.5,P+10,RF_NQ,0.9945356981207132,-1.4928375194857235,11.291130597272625,-4.516259615492023
16176,Padshaata,0.5,P+10,Ridge_OS,0.5147502894090161,0.12022791671137956,11.291130597272625,-4.516259615492023
16176,Padshaata,0.5,P+10,Ridge_AR,1.6883918495126604,-0.2960571686247748,11.291130597272625,-4.516259615492023
16176,Padshaata,0.5,P+10,Ridge_NQ,2.668692547448659,-0.07477079605353598,11.291130597272625,-4.516259615492023
16176,Padshaata,0.5,P+10,LSTM_OS,1.7449484619485034,1.028954070100796,11.291130597272625,-4.516259615492023
16176,Padshaata,0.5,P+10,LSTM_AR,3.949244040817801,-0.5335853427330228,11.291130597272625,-4.516259615492023
16176,Padshaata,0.5,P+10,LSTM_NQ,6.564390188802949,-2.5343356580058707,11.291130597272625,-4.516259615492023
16176,Padshaata,0.5,P-10,XGB_OS,-0.37173176511350325,-0.13990461469073345,-11.154181142015362,2.7832143220741568
16176,Padshaata,0.5,P-10,XGB_AR,-3.1828184426379025,1.2036381884754976,-11.154181142015362,2.7832143220741568
16176,Padshaata,0.5,P-10,XGB_NQ,0.35739467423867577,-2.126678001152471,-11.154181142015362,2.7832143220741568
16176,Padshaata,0.5,P-10,RF_OS,-0.22637710688824253,-0.299389313179399,-11.154181142015362,2.7832143220741568
16176,Padshaata,0.5,P-10,RF_AR,-1.1093782121813,0.478878835028429,-11.154181142015362,2.7832143220741568
16176,Padshaata,0.5,P-10,RF_NQ,-0.5778936148415181,-0.3906219883790696,-11.154181142015362,2.7832143220741568
16176,Padshaata,0.5,P-10,Ridge_OS,-0.5147502894089828,-0.12022791671135735,-11.154181142015362,2.7832143220741568
16176,Padshaata,0.5,P-10,Ridge_AR,-1.6817951043908153,0.2947085582661546,-11.154181142015362,2.7832143220741568
16176,Padshaata,0.5,P-10,Ridge_NQ,-2.668692547448648,0.07477079605351378,-11.154181142015362,2.7832143220741568
16176,Padshaata,0.5,P-10,LSTM_OS,-1.8610334173330578,-1.1663249032131562,-11.154181142015362,2.7832143220741568
16176,Padshaata,0.5,P-10,LSTM_AR,-4.2461624359541705,0.7323114866663474,-11.154181142015362,2.7832143220741568
16176,Padshaata,0.5,P-10,LSTM_NQ,-6.7091653152847925,2.740283612459627,-11.154181142015362,2.7832143220741568
16202,Chadak,0.0,T+2,XGB_OS,-4.788539433571137,-3.3709995967869277,-19.205964161541146,34.577436575332676
16202,Chadak,0.0,T+2,XGB_AR,0.08538988286370675,28.985072030707638,-19.205964161541146,34.577436575332676
16202,Chadak,0.0,T+2,XGB_NQ,-3.5649795580629973,26.642247299968865,-19.205964161541146,34.577436575332676
16202,Chadak,0.0,T+2,RF_OS,-2.722836204615886,-2.2708317667725626,-19.205964161541146,34.577436575332676
16202,Chadak,0.0,T+2,RF_AR,-2.3467892805965507,32.423229727490124,-19.205964161541146,34.577436575332676
16202,Chadak,0.0,T+2,RF_NQ,-2.7858062570623177,29.382435342599464,-19.205964161541146,34.577436575332676
16202,Chadak,0.0,T+2,Ridge_OS,-0.17139357120440346,2.100805235082037,-19.205964161541146,34.577436575332676
16202,Chadak,0.0,T+2,Ridge_AR,0.7480735631325119,17.385149025418333,-19.205964161541146,34.577436575332676
16202,Chadak,0.0,T+2,Ridge_NQ,-4.392782454879018,6.157574317858728,-19.205964161541146,34.577436575332676
16202,Chadak,0.0,T+2,LSTM_OS,-10.198307132112848,9.221746475806881,-19.205964161541146,34.577436575332676
16202,Chadak,0.0,T+2,LSTM_AR,-15.0692050515992,36.769011308097646,-19.205964161541146,34.577436575332676
16202,Chadak,0.0,T+2,LSTM_NQ,-15.721450633237566,30.553256095078638,-19.205964161541146,34.577436575332676
16202,Chadak,0.0,T+3,XGB_OS,-6.233191298970153,-4.98730857497597,-28.666494665231678,41.06441440428648
16202,Chadak,0.0,T+3,XGB_AR,22.891324452280347,67.68508158546095,-28.666494665231678,41.06441440428648
16202,Chadak,0.0,T+3,XGB_NQ,-5.036860367936901,32.67802009719906,-28.666494665231678,41.06441440428648
16202,Chadak,0.0,T+3,RF_OS,-3.812335228050534,-3.9409463351311342,-28.666494665231678,41.06441440428648
16202,Chadak,0.0,T+3,RF_AR,-2.2528586575426224,46.65350599453709,-28.666494665231678,41.06441440428648
16202,Chadak,0.0,T+3,RF_NQ,-4.098698745512463,34.43200618179399,-28.666494665231678,41.06441440428648
16202,Chadak,0.0,T+3,Ridge_OS,-0.5349778157359375,2.88805276156634,-28.666494665231678,41.06441440428648
16202,Chadak,0.0,T+3,Ridge_AR,0.03806916079380773,24.307096493033185,-28.666494665231678,41.06441440428648
16202,Chadak,0.0,T+3,Ridge_NQ,-7.465220964977826,8.481150158953543,-28.666494665231678,41.06441440428648
16202,Chadak,0.0,T+3,LSTM_OS,-14.68625838896801,9.896240900046037,-28.666494665231678,41.06441440428648
16202,Chadak,0.0,T+3,LSTM_AR,-22.11992855715793,46.54326590947835,-28.666494665231678,41.06441440428648
16202,Chadak,0.0,T+3,LSTM_NQ,-23.037673482715093,39.88289220666482,-28.666494665231678,41.06441440428648
16202,Chadak,0.0,P+10,XGB_OS,0.6103573601663914,1.6283599018086847,18.68360740588293,-8.001465332265823
16202,Chadak,0.0,P+10,XGB_AR,12.101416757850325,2.3882715737308704,18.68360740588293,-8.001465332265823
16202,Chadak,0.0,P+10,XGB_NQ,3.7538545628940767,-4.047817302062784,18.68360740588293,-8.001465332265823
16202,Chadak,0.0,P+10,RF_OS,0.3649434551001862,0.48943114798092324,18.68360740588293,-8.001465332265823
16202,Chadak,0.0,P+10,RF_AR,3.0350687027570933,-1.499988950120379,18.68360740588293,-8.001465332265823
16202,Chadak,0.0,P+10,RF_NQ,2.7212005542206708,0.04921625071134805,18.68360740588293,-8.001465332265823
16202,Chadak,0.0,P+10,Ridge_OS,0.6927744600280672,-0.0719485165672884,18.68360740588293,-8.001465332265823
16202,Chadak,0.0,P+10,Ridge_AR,3.9791806053254053,-1.1311220867865401,18.68360740588293,-8.001465332265823
16202,Chadak,0.0,P+10,Ridge_NQ,7.332465243772912,-1.2759236348689251,18.68360740588293,-8.001465332265823
16202,Chadak,0.0,P+10,LSTM_OS,4.426333956904416,0.3954109788670612,18.68360740588293,-8.001465332265823
16202,Chadak,0.0,P+10,LSTM_AR,13.080202179275657,-6.902554688356457,18.68360740588293,-8.001465332265823
16202,Chadak,0.0,P+10,LSTM_NQ,17.230637703928853,-5.423266012371705,18.68360740588293,-8.001465332265823
16202,Chadak,0.0,P-10,XGB_OS,-1.087331627980348,0.001690713752566797,-18.21821088912312,4.116152762506275
16202,Chadak,0.0,P-10,XGB_AR,3.847252821469449,0.9310859876258792,-18.21821088912312,4.116152762506275
16202,Chadak,0.0,P-10,XGB_NQ,0.5230218888557792,-26.862435613745284,-18.21821088912312,4.116152762506275
16202,Chadak,0.0,P-10,RF_OS,-0.7682171422507822,-0.21781309672712634,-18.21821088912312,4.116152762506275
16202,Chadak,0.0,P-10,RF_AR,-3.6563177570954286,0.8000334976823846,-18.21821088912312,4.116152762506275
16202,Chadak,0.0,P-10,RF_NQ,-2.187663221782099,-7.804124193089201,-18.21821088912312,4.116152762506275
16202,Chadak,0.0,P-10,Ridge_OS,-0.6927744600280783,0.07194851656736612,-18.21821088912312,4.116152762506275
16202,Chadak,0.0,P-10,Ridge_AR,-3.993995038739573,1.1242144710264745,-18.21821088912312,4.116152762506275
16202,Chadak,0.0,P-10,Ridge_NQ,-7.332465243772934,1.2759236348688798,-18.21821088912312,4.116152762506275
16202,Chadak,0.0,P-10,LSTM_OS,-4.710062674647208,-1.7746190960025388,-18.21821088912312,4.116152762506275
16202,Chadak,0.0,P-10,LSTM_AR,-13.851220021902877,5.607864590089706,-18.21821088912312,4.116152762506275
16202,Chadak,0.0,P-10,LSTM_NQ,-16.067123982893918,3.5858360631685002,-18.21821088912312,4.116152762506275
16202,Chadak,0.5,T+2,XGB_OS,-5.702969090528908,-2.9732821912717196,-19.205964161541146,34.577436575332676
16202,Chadak,0.5,T+2,XGB_AR,-14.582562567856561,30.650552028805013,-19.205964161541146,34.577436575332676
16202,Chadak,0.5,T+2,XGB_NQ,-8.872903299796231,20.89307600110555,-19.205964161541146,34.577436575332676
16202,Chadak,0.5,T+2,RF_OS,-2.6150151837016966,-1.957936235135438,-19.205964161541146,34.577436575332676
16202,Chadak,0.5,T+2,RF_AR,-1.9372860948674853,36.43307684079629,-19.205964161541146,34.577436575332676
16202,Chadak,0.5,T+2,RF_NQ,-6.638084221008922,28.515709940509424,-19.205964161541146,34.577436575332676
16202,Chadak,0.5,T+2,Ridge_OS,-0.39222525883629844,2.3140672881915347,-19.205964161541146,34.577436575332676
16202,Chadak,0.5,T+2,Ridge_AR,-0.5074764611532223,20.227549569020255,-19.205964161541146,34.577436575332676
16202,Chadak,0.5,T+2,Ridge_NQ,-7.825146372138825,7.8958722915101305,-19.205964161541146,34.577436575332676
16202,Chadak,0.5,T+2,LSTM_OS,-11.489517649564117,5.447279407719673,-19.205964161541146,34.577436575332676
16202,Chadak,0.5,T+2,LSTM_AR,-18.71457825149311,36.82449829444785,-19.205964161541146,34.577436575332676
16202,Chadak,0.5,T+2,LSTM_NQ,-16.275667748968235,38.139338081793596,-19.205964161541146,34.577436575332676
16202,Chadak,0.5,T+3,XGB_OS,-7.6316040252743855,-5.156891815547926,-28.666494665231678,41.06441440428648
16202,Chadak,0.5,T+3,XGB_AR,-8.696054305388278,51.87624231513777,-28.666494665231678,41.06441440428648
16202,Chadak,0.5,T+3,XGB_NQ,-10.44380699948494,19.537887312596915,-28.666494665231678,41.06441440428648
16202,Chadak,0.5,T+3,RF_OS,-3.763086245684022,-3.5656483635395193,-28.666494665231678,41.06441440428648
16202,Chadak,0.5,T+3,RF_AR,-0.6283266576501578,50.172957073439896,-28.666494665231678,41.06441440428648
16202,Chadak,0.5,T+3,RF_NQ,-9.481916877108375,27.199811155229845,-28.666494665231678,41.06441440428648
16202,Chadak,0.5,T+3,Ridge_OS,-0.893159333927751,3.1944820289298903,-28.666494665231678,41.06441440428648
16202,Chadak,0.5,T+3,Ridge_AR,-1.657579835887868,28.35585048582092,-28.666494665231678,41.06441440428648
16202,Chadak,0.5,T+3,Ridge_NQ,-12.747688484787844,10.99117154096222,-28.666494665231678,41.06441440428648
16202,Chadak,0.5,T+3,LSTM_OS,-16.58590242934609,6.1089942173857885,-28.666494665231678,41.06441440428648
16202,Chadak,0.5,T+3,LSTM_AR,-26.00641179794455,44.77054400229002,-28.666494665231678,41.06441440428648
16202,Chadak,0.5,T+3,LSTM_NQ,-23.71384506879366,45.188555101220786,-28.666494665231678,41.06441440428648
16202,Chadak,0.5,P+10,XGB_OS,1.415344156346321,-1.2329121903212448,18.68360740588293,-8.001465332265823
16202,Chadak,0.5,P+10,XGB_AR,0.07029764898573987,-0.9495998614660439,18.68360740588293,-8.001465332265823
16202,Chadak,0.5,P+10,XGB_NQ,0.5584087083031486,-1.915218600098667,18.68360740588293,-8.001465332265823
16202,Chadak,0.5,P+10,RF_OS,0.5312833180567855,0.2157547911325164,18.68360740588293,-8.001465332265823
16202,Chadak,0.5,P+10,RF_AR,1.9023927392507023,0.21468537249342834,18.68360740588293,-8.001465332265823
16202,Chadak,0.5,P+10,RF_NQ,1.9638325873761575,-3.8175710983493705,18.68360740588293,-8.001465332265823
16202,Chadak,0.5,P+10,Ridge_OS,0.34203604717597536,-0.11696585053362352,18.68360740588293,-8.001465332265823
16202,Chadak,0.5,P+10,Ridge_AR,2.0008491087870173,-1.0000402819579035,18.68360740588293,-8.001465332265823
16202,Chadak,0.5,P+10,Ridge_NQ,4.531579495708349,-1.3394579946326868,18.68360740588293,-8.001465332265823
16202,Chadak,0.5,P+10,LSTM_OS,2.868340134993441,0.9939882154189394,18.68360740588293,-8.001465332265823
16202,Chadak,0.5,P+10,LSTM_AR,9.452068838566019,-5.147592577554748,18.68360740588293,-8.001465332265823
16202,Chadak,0.5,P+10,LSTM_NQ,13.3504057344068,-6.697420972991953,18.68360740588293,-8.001465332265823
16202,Chadak,0.5,P-10,XGB_OS,-0.7370318328514203,0.056609818739927764,-18.21821088912312,4.116152762506275
16202,Chadak,0.5,P-10,XGB_AR,4.84422596863181,5.678831824995001,-18.21821088912312,4.116152762506275
16202,Chadak,0.5,P-10,XGB_NQ,-5.943455937401376,-7.365798987935834,-18.21821088912312,4.116152762506275
16202,Chadak,0.5,P-10,RF_OS,-0.5208623904749077,-0.21228838581233145,-18.21821088912312,4.116152762506275
16202,Chadak,0.5,P-10,RF_AR,-1.7865694126942278,-1.8416123346512658,-18.21821088912312,4.116152762506275
16202,Chadak,0.5,P-10,RF_NQ,-3.913650086933851,-1.6944885165878998,-18.21821088912312,4.116152762506275
16202,Chadak,0.5,P-10,Ridge_OS,-0.34203604717595315,0.11696585053367903,-18.21821088912312,4.116152762506275
16202,Chadak,0.5,P-10,Ridge_AR,-1.9426990301054659,0.9990354208729846,-18.21821088912312,4.116152762506275
16202,Chadak,0.5,P-10,Ridge_NQ,-4.531579495708426,1.3394579946326757,-18.21821088912312,4.116152762506275
16202,Chadak,0.5,P-10,LSTM_OS,-2.814064023335694,-1.6311416579307236,-18.21821088912312,4.116152762506275
16202,Chadak,0.5,P-10,LSTM_AR,-9.611623910849975,4.836711242345881,-18.21821088912312,4.116152762506275
16202,Chadak,0.5,P-10,LSTM_NQ,-13.073539178369852,5.773879669145186,-18.21821088912312,4.116152762506275
