gauge,scenario,seas_AR_xgb,seas_DD_cal,seas_DD_uncal,seas_OS_ens,vol_AR_xgb,vol_DD_cal,vol_DD_uncal,vol_OS_ens,seas_HBV_glac,seas_HBV_noglac,vol_HBV_glac,vol_HBV_noglac,seas_AR_xgb_emp,basin,glacier_%
16176,P+10,-2.7478868418652658,-7.3384763364411585,-4.318450773415882,0.1603497924390184,5.682959397996701,11.462430784059174,10.78337067087194,0.6581872673773193,-4.244583459910277,-4.574537675294987,11.553032850511125,12.576960786317958,,Padshaata,0.69
16176,P-10,12.297182337318011,7.294597687094162,3.7405251663263135,0.260214523776181,-7.932406810336823,-11.394644029019553,-10.78057207766916,-0.7695491227906803,2.306163153266894,2.9810872860041933,-11.3982913940476,-12.321080515977389,,Padshaata,0.69
16176,T+1,19.195460561831037,29.86680525597316,16.974312189458864,2.9757848730686987,-4.766192038828388,-1.874734606469608,-1.0244983780455352,0.288239268668744,18.189011030101142,18.997816888592933,-4.921293883382827,-6.488913119236872,16.197187865940776,Padshaata,0.69
16176,T+2,27.382605092493115,55.28102338193128,31.620451355582425,5.881791033787598,-2.694368422524873,-3.844897934897218,-2.04879840387332,0.7116877374071517,33.40442733322669,35.55777371499072,-9.737354432398371,-12.92375772609291,25.188487347806344,Padshaata,0.69
16176,T+2/P-10,28.02873778883528,54.647587507571714,31.15802773512083,5.829384946750748,-6.029624453764182,-15.157769180229971,-12.821399753500772,0.121771942829163,31.472593329499635,33.89050693159103,-19.818785286057615,-24.01223179512908,,Padshaata,0.69
16176,T+3,34.636667196190906,73.79384119697875,44.57156481042391,7.000533141768173,-2.9900556357579045,-5.782087680678261,-2.9831216231309687,0.5320237847231679,46.816799542065425,49.26412234080501,-14.12176304205608,-19.287625187834433,44.576697706413256,Padshaata,0.69
16202,P+10,-12.245822840930408,-8.27454699690755,-2.468499181739837,1.08756803504515,12.169323052120994,12.55141038714247,11.580953884529489,1.597929631770434,-7.544447457236615,-7.544447457236615,18.693533387366923,18.693533387366923,,Chadak,0.0
16202,P-10,0.6233571914526896,5.612479483383737,2.209149995533876,-1.1891441960017457,-6.186713436462965,-12.352445482691198,-11.523810228392616,-1.4814608366353177,4.116152762506221,4.116152762506221,-18.21821088912308,-18.21821088912308,,Chadak,0.0
16202,T+1,8.795656390353413,15.449932156114777,7.825479319157591,1.08108102601846,2.328421220919408,-2.787113563169674,-1.587168488762103,-0.3542307307525028,20.457385878342674,20.457385878342674,-9.700531562223546,-9.700531562223546,8.5590974435371,Chadak,0.0
16202,T+2,19.98315367817539,28.25662279203145,14.804057109995462,0.4570177976194967,2.950412132623925,-5.962581665240352,-3.601321019377357,-1.0543203459201125,34.85781919640654,34.85781919640654,-19.393668647863006,-19.393668647863006,17.985881273903495,Chadak,0.0
16202,T+2/P-10,23.30629411604772,29.330484233983046,15.091186485742869,0.0990256841528425,-6.720148328996678,-17.842488436004565,-14.995520832955778,-2.002888606985209,29.55891702616672,29.55891702616672,-34.987158004992324,-34.987158004992324,,Chadak,0.0
16202,T+3,23.398261720865637,34.98204284439983,19.253477332231405,-0.8688508713376564,0.7381925517147669,-9.598838093051176,-5.616629233966341,-2.121830102793276,41.06441440428647,41.06441440428647,-28.912164025965982,-28.912164025965982,25.90934913918309,Chadak,0.0
16279,P+10,1.2710802244596089,-5.903813854289707,-5.78046112667534,0.1879302349460765,5.431826028083342,11.458776049419829,11.03290031324502,0.8489883047858804,-1.6810667397273225,-2.121171909693297,11.966365112230882,12.56418997407216,,Chatkal,0.5
16279,P-10,6.811323219380239,4.799170927149065,5.487901729191946,0.508042880367765,-8.231561643034112,-11.342968206586502,-10.996900101159458,-0.9910243500807048,0.026150420709091904,0.18687520390419188,-11.784212232393731,-12.329250831464812,,Chatkal,0.5
16279,T+1,16.994729656898688,16.01877264041884,19.356986609141224,2.683730986794175,-2.4938270984574573,-1.8103121571548475,-1.2144240858695143,-0.7006392414109275,17.024296603000664,17.565057146107165,-4.1709972884032664,-5.033173595689011,19.195411746965465,Chatkal,0.5
16279,T+2,23.05643224076785,31.967987087611935,35.273849730609285,4.892873903565076,1.0246963775400353,-3.7238665095203904,-2.398064338363604,-1.1992583769014131,32.67538944372441,33.5213251620855,-8.14984187740626,-9.942818760883076,31.280421685027424,Chatkal,0.5
16279,T+2/P-10,22.581887955879232,31.976535393819876,34.984265690944135,4.3889430203084,-2.6221092381864985,-14.931523680948269,-13.32318146667346,-1.594251919313039,27.284503869263187,28.315252692356033,-19.176248495031523,-21.40679042155118,,Chatkal,0.5
16279,T+3,42.688620699012816,47.155933344451824,52.96586396820632,6.812012750091768,9.25532265391218,-5.423453024241464,-3.221872571932616,-0.6502353090137913,41.535014708801576,43.27142527150015,-12.388897761161378,-15.052208342198103,48.38627313468096,Chatkal,0.5
16290,P+10,-4.963456557373225,-8.325028913033684,-5.919824656284267,-0.5041702844976292,3.891597616312703,11.174617842946422,10.703626722627124,0.7798930761840905,-0.5826661385148988,-2.4416537992470104,10.007326366989599,12.09817392074688,,Pskem,3.21
16290,P-10,1.9894939844480213,7.456788297551999,5.189121074803704,0.7102300698552333,-5.917187987630879,-11.14505512497499,-10.684402597886676,-0.8846072022145601,0.2993399053654695,1.5348717910475536,-9.835293072692487,-12.036800850268314,,Pskem,3.21
16290,T+1,14.922039038605403,31.18720617902364,21.19893797776249,2.564049332166418,1.4130712728289918,-1.3173996293347034,-0.835730298154902,-0.423627628416634,17.526980531964675,18.550353260261545,-1.0709548672737101,-4.236675778760068,14.640257215195607,Pskem,3.21
16290,T+2,32.02475422121037,63.28313359878588,46.01397058038912,5.899612183333325,2.53701089159748,-2.77858609977385,-1.6647378634020993,-0.5678166033718512,32.57059469098963,36.9209128241803,-1.9939858100950558,-8.532891060367609,24.025206650246,Pskem,3.21
16290,T+2/P-10,21.86194687851789,62.39792532822946,44.63588924630824,5.103958234790984,-4.810066653743017,-13.833027646481463,-12.328079171956364,-1.2477921324655306,27.216198392155178,32.81279104169606,-11.260743853244282,-19.87390618163961,,Pskem,3.21
16290,T+3,38.1961061849072,88.4402799905651,61.47502692837239,6.169382999852235,3.4722415915212634,-4.035149962409601,-2.004599654858785,-0.8379260841155478,41.26943909114783,48.48732994404621,-3.3467620482827254,-12.887390372357288,38.33576381338899,Pskem,3.21
16300,P+10,-0.4444319980465572,-3.029351969861981,-3.3539344654339054,1.0011191813206866,6.70084005867988,10.781174239556268,10.795905824959352,0.9454412024437308,-2.2680670348607315,-2.2680670348607315,12.62398402383087,12.62398402383087,,Ugam,0.0
16300,P-10,1.1375232224898113,2.859510122283904,2.952598916046389,-0.8498480133984243,-4.8183310425583326,-10.76111291763686,-10.76401747072866,-0.680545981624292,1.839481105652041,1.839481105652041,-12.531753914633171,-12.531753914633171,,Ugam,0.0
16300,T+1,5.6053151828213466,13.16907019513156,13.47895251943434,0.7612834704102456,0.6649676307102892,-0.8700353620113122,-1.0812835331240112,0.2068655075650793,9.552529869659764,9.552529869659764,-1.4645548303749423,-1.4645548303749423,7.099617174700623,Ugam,0.0
16300,T+2,10.462831658020244,22.57954897259342,25.555457901892037,1.3076038404821857,8.116148903351794,-1.8236001020862205,-2.030388971667252,0.8319557910138942,18.05113748275734,18.05113748275734,-3.0568851374001893,-3.0568851374001893,13.91195197236248,Ugam,0.0
16300,T+2/P-10,9.276648441700154,22.380686450467856,25.21503235638065,0.6261365965405163,3.328669546528218,-12.56929310449788,-12.741224680701746,0.0801270850576685,16.596688788704316,16.596688788704316,-15.311224689474745,-15.311224689474745,,Ugam,0.0
16300,T+3,12.902846808539994,28.70171281305481,33.890682223003566,1.1598748495571851,18.289332185441776,-2.783949260727292,-2.8375087975638924,1.5308699653171276,22.81249891330741,22.81249891330741,-4.6912761754910655,-4.6912761754910655,23.967324784188506,Ugam,0.0
16936,P+10,-0.6556459250558699,-7.541535165355207,-2.693070088199079,0.6204876252419389,2.217375893473883,12.384199563710862,11.164575752766194,0.2520499978005741,1.8565573700108011,0.7777651456049028,12.11724730229593,13.168690465899079,,Naryn,1.96
16936,P-10,1.4532722437190504,7.728182050111887,2.4958070007222286,-0.4911779900083401,-2.186080220388409,-12.335912823966598,-11.1657056814772,-0.1136635771078253,-1.1466964037788792,-0.22701155696694997,-11.883833609210626,-12.788151162178806,,Naryn,1.96
16936,T+1,6.501198296843636,28.90232758602825,10.406974787517498,2.1636338849644887,0.2784432558638583,-3.1685047890936846,-1.5696836374842316,0.5673149680875955,7.5210474223376345,9.15334584669051,-4.106428072256163,-6.1523729036071835,9.457301304700929,Naryn,1.96
16936,T+2,8.639711187304266,53.4811445509099,19.17768171809907,4.433506795355823,3.4025590048274656,-6.3236418616237415,-3.0421324622731616,1.1340270787577156,15.256911560502296,17.844370029363223,-7.560473648042065,-11.776192347044034,18.631165529246854,Naryn,1.96
16936,T+2/P-10,7.464838002747919,54.1429202963028,19.310906324464483,3.4015399179946004,2.729396720291599,-18.58301637030334,-14.229928661276803,0.9253672582507866,12.532273389899919,15.248930651495229,-18.17033596998242,-23.16344000704291,,Naryn,1.96
16936,T+3,13.873102374488957,73.05797556463199,28.80747747785936,7.108221070087395,5.961229075529073,-9.8756012601261,-4.860786580362175,1.6712501312234451,21.396101848568417,26.09245287027391,-9.840789237565895,-16.247411084144446,31.466057489912977,Naryn,1.96
17202,P+10,2.785820073234424,-8.817792589037587,-3.543739813683965,1.839617812973271,4.860502172000669,11.841824944669987,11.07048495973222,0.7150371002850653,-2.185279564095243,-4.125216722450187,11.036705815462678,12.413885987001482,,Karatag,2.8
17202,P-10,-4.5237749673798895,7.769990584396226,3.166649710029491,-2.074015784930394,-3.497869611099891,-11.635878131059652,-11.037838998931482,-1.0868623908197206,1.1397351664809374,2.914890331023379,-10.696069212013148,-12.112445871711364,,Karatag,2.8
17202,T+1,-2.121814961761725,27.841876622593265,11.441509050249444,-1.9601004957899848,1.590107334759816,-2.03551625317302,-1.2094342767934418,-0.2326410409530188,9.555672624285972,11.30980091550885,1.673608220443601,-0.9269264524198628,-4.657010605167589,Karatag,2.8
17202,T+2,-5.031980920975999,50.59749931868775,22.193142596832654,-3.11682571382339,1.6475859383492608,-4.079261912926713,-2.387081383199674,-0.0780627518471299,20.662678895467135,24.62067450358181,2.128312375470909,-3.488327544930425,-3.0001608685468857,Karatag,2.8
17202,T+2/P-10,-6.986224644459993,49.97894456786892,22.19566196382205,-4.500505582198633,-1.031587553951685,-15.56755528001621,-13.330839691172148,-0.8571994974591823,18.499606288879768,24.5240291770671,-8.880758245412334,-15.974908635627848,,Karatag,2.8
17202,T+3,-9.246175692797308,67.94975470422901,33.45312027195058,-4.756107415666577,2.3871531063676787,-6.3980602089296905,-3.735433536371768,-0.2666803745693835,30.782739270961414,38.28443874598324,1.9880052676660265,-6.634552422012574,-0.7141443926817703,Karatag,2.8
17211,P+10,1.936259692229392,-6.169546979585384,-3.085205611554631,0.8053678733053848,5.810423783031626,12.040845521887732,11.220354176527092,1.1955849339326583,0.8423000012279154,0.6176354570791585,14.820786504311933,14.909096684011436,,Sangardak,0.04
17211,P-10,-1.4445825746482788,5.350341958078953,2.819935821975617,0.2662901651692473,-5.74493781587595,-11.870425733489032,-11.182875599727282,-1.0511235835226396,-1.7183777928958648,-1.360303401017969,-14.586942806518632,-14.681524896920417,,Sangardak,0.04
17211,T+1,2.7607193934527485,16.88597535120764,13.640549584647754,-0.4324709847640884,-0.353112405910494,-2.156351567571424,-1.1383596182986566,-0.931785700867982,12.55613327024101,11.942302200439325,-4.67676091705248,-4.825208383648705,-0.9500885374063904,Sangardak,0.04
17211,T+2,9.74700304348378,28.771940216539384,23.31522720765059,0.5647468157492286,2.049000370949461,-4.398877611199792,-2.377838236077179,-0.2789049672270671,21.48412856654478,20.21008823240955,-9.36437110422913,-9.651472229924574,5.002091418535183,Sangardak,0.04
17211,T+2/P-10,6.33679829567072,29.60655345699894,22.737408297749088,-1.038791446765153,-5.186133167747276,-15.963241029436835,-13.509411829423067,-1.8883565342575623,15.169049377436572,14.290766350964589,-22.991475755838486,-23.50764004111452,,Sangardak,0.04
17211,T+3,10.535696044389296,32.97298461901347,29.127291969881263,-0.3812051666750915,2.442257494491473,-6.731663305346314,-3.711604807497337,-0.8665099556195766,27.244138844639785,24.642880824789035,-14.356681843845,-14.674791558937939,12.17004352974166,Sangardak,0.04
17288,P+10,4.366788639967023,-5.651095504411473,-5.407745062850823,0.6682441501298264,2.6186347892435347,10.20656660215813,10.742648557510323,0.7928811814096326,9.94581012676499,3.5897232532238412,9.725276351517408,11.958259426843053,,Zeravshan,5.33
17288,P-10,-3.5288771303057964,5.794214980674051,4.778695881875716,-0.6489887661813132,-3.7339133636153377,-10.201489908907602,-10.721285348164043,-0.7002581113284445,-9.118389023384744,-4.0980345252975905,-9.538819277480293,-11.746357581050827,,Zeravshan,5.33
17288,T+1,15.48180795184917,35.40525443006369,23.756782721327276,5.797785781752496,4.240733599060786,-0.2133106928213668,-0.9506611384971886,1.5543222849856209,8.161969964221694,8.737249162945382,5.768940142107204,2.69783713981977,5.741508862051248,Zeravshan,5.33
17288,T+2,21.83887081494369,77.66503013821838,46.950626632381166,6.598754763920955,10.400927542531036,-0.263691900494345,-1.6858777745086928,2.827789949214776,19.991240554880886,25.41842538237423,7.626155522982492,-2.599713126552805,9.605827760279364,Zeravshan,5.33
17288,T+2/P-10,17.665453045393907,81.68407263556172,46.26020092625126,4.845304027311226,6.858080168413805,-10.478025844085192,-12.372710302601009,2.415563286912503,9.09135279304397,18.516955112797838,-4.238849164963854,-15.959813661452515,,Zeravshan,5.33
17288,T+3,29.549709461944172,125.66433060929155,62.0373539904527,8.114974152947351,16.58613379228864,-0.3009679868874126,-2.7130900618824727,4.723879907544903,31.772218474389266,41.42940623292189,8.713119620798771,-7.297096701653826,19.2621987719203,Zeravshan,5.33
