gauge,basin,variant,seed,NSE_cal,NSE_val,KGE_val,ice_share_summer,TT,CFMAX,SFCF,CFGL,FC,LP,BETA,PERC,UZL,K0,K1,K2,PCORR,ETF
17288,Zeravshan,HBV_glac,0,0.9251296539960506,0.9384655559756129,0.8897112824894986,50.73793029647499,-1.989116071791609,5.090311835900155,0.979670148589108,1.0115056951948123,455.73490842887446,0.3233360049822695,1.0432774205440407,3.1219205104397076,46.171719071104114,0.4006503219012093,0.10331654949097971,0.05059862724009097,0.5370438633329474,0.3381182277136218
17288,Zeravshan,HBV_glac,1,0.9202480750578612,0.9228536707601099,0.8580560606244767,52.229880306203434,-1.949043182520498,5.159065947168539,1.009998563816773,1.0475326905212938,481.9447374841285,0.7105661392580467,1.4556894264982612,3.383292869425018,44.12811991439751,0.41486811635065857,0.14398203601361342,0.08909064842191777,0.5155315433085376,0.3624661020744549
17288,Zeravshan,HBV_glac,2,0.9209059982547912,0.9204081743396976,0.8061369372086641,14.752917929970208,1.1021112118018084,3.39219585821384,1.1652345728867688,1.0429076175850671,424.07610499935515,0.3302041990661704,1.0027632519059044,1.915976712421207,65.67970366698184,0.3475633920583587,0.06638709041623281,0.12271757378995425,0.5028048383560568,0.11385965261159181
17288,Zeravshan,HBV_glac,3,0.9177193212868643,0.909341858757789,0.8253580575765334,14.499474454079825,1.151581645001706,3.021735327308374,1.3363579933005159,1.2098606506867875,137.0715312020625,0.4487650735786263,4.536550154252842,2.891242907150952,81.7746401205126,0.27216381161406894,0.061315910992975814,0.15061866503716773,0.5076696643529045,0.13968737298599526
17288,Zeravshan,HBV_glac,4,0.9182592018781996,0.9121060490049285,0.8324693772734751,15.576051242959032,1.1152914099386502,2.881627084130745,1.3082747948951248,1.4307550148877248,152.03354829241073,0.3888849932825722,5.770510188555708,2.4390983557147266,82.20003696625736,0.28012106542057164,0.06956021751214445,0.14006186786370078,0.5055506892969535,0.13381361405008957
17288,Zeravshan,HBV_noglac,0,0.9188671328006732,0.905291362691281,0.8061454735105391,0.0,1.2927165513203458,3.8576503677836254,1.4980839577011584,1.74650862083914,567.4295938004686,0.41195103735070226,1.0007025929945832,1.0530273550240175,77.51028703301704,0.24350133064638585,0.06169394760840763,0.189677932049878,0.5183672190597532,0.15034715098770418
17288,Zeravshan,HBV_noglac,1,0.918800800912354,0.8983901166716513,0.7928094946511792,0.0,1.2591235968970649,3.8147857140762613,1.4980658851970383,1.5913448565071167,585.4978581231121,0.3044896807423084,1.025572718707536,0.7202511713198749,87.39706322461922,0.24441579207432024,0.06210329381232618,0.13638352639173582,0.5221911295322371,0.14637510226782208
17288,Zeravshan,HBV_noglac,2,0.9183184568065363,0.9017044824311804,0.7954669397223311,0.0,1.2665206180537236,3.8516658686320207,1.468406230679601,1.766942212531037,522.0440519558057,0.5060855198112632,1.0202242001315995,1.6641360461871955,68.10712262508801,0.23371072705952606,0.06966262468028156,0.11021819467755968,0.5279867951842345,0.1536117636574541
17288,Zeravshan,HBV_noglac,3,0.9185962441328567,0.9030139832962056,0.8008818347471386,0.0,1.258126966697532,3.8173056538830648,1.4697506581539996,1.559663222613433,580.4784079071115,0.47181533865151315,1.0334164612444168,0.4294879546734123,99.44525232309483,0.2545329371088298,0.051568017688991996,0.12933162777723822,0.5300872253644946,0.1559398502204948
17288,Zeravshan,HBV_noglac,4,0.918907469468029,0.9013722069291992,0.795897808246776,0.0,1.2850295528330826,3.8793577766268035,1.4927796303093204,1.5391983408226086,598.2005836336392,0.3534904351569486,1.0020364247936917,0.017116292637579633,93.49479117458878,0.23722103484310442,0.0647595720366973,0.04317264825254707,0.5271548602849712,0.15319586361483062
16279,Chatkal,HBV_glac,0,0.890775315652238,0.872034292829587,0.7965543459453636,6.024689384432263,-1.9936751144369933,4.630722316146855,1.1318548411711087,1.0009746231891956,70.02673807917628,0.3116048244463129,5.93231585996346,4.6200742770948455,99.93916165867762,0.2384781133456273,0.049428516851861004,0.07965061586797623,0.9584116259860356,0.39467524500196993
16279,Chatkal,HBV_glac,1,0.8903298008203526,0.8796949553831437,0.8006868210179695,6.386299686785746,-1.9999533684071642,4.870071567864698,1.1923110337153937,1.0080115637296334,77.86201002285421,0.30704737816893307,4.396408795037638,7.391696935382014,99.72695210568791,0.20546217909917558,0.09156508552756129,0.044242956102613674,0.9399354821780659,0.3962607172464232
16279,Chatkal,HBV_glac,2,0.8897503941324917,0.8655626703371831,0.7818884390802443,6.252341064026343,-1.9970661702305774,4.803352750880014,1.1994036887427846,1.0177215346020207,94.65135216093583,0.314280391062326,3.5743597419715263,9.378934523121488,98.61495811226915,0.19629726745411813,0.11250050765569916,0.04659071284928178,0.9578288244499378,0.39960486626884906
16279,Chatkal,HBV_glac,3,0.8896456007462089,0.8740798107217562,0.7957200146269126,6.563892419090342,-1.9968684081322916,4.928401843729237,1.2615521548863935,1.0309251299967488,102.5347210783205,0.4932678241818218,3.6542729418519073,8.218388225827955,97.43276296711468,0.1959798179931671,0.1078313371270565,0.0445999227284949,0.907999093937842,0.39447490103278204
16279,Chatkal,HBV_glac,4,0.8902408745716437,0.8720027418584548,0.7980546698237011,6.094825450278271,-1.9967580349926757,4.72782816894305,1.2222013377085776,1.0020176048180296,95.71925431377718,0.3120376851115072,2.8754891644777447,9.116347369357653,99.61726726963977,0.19145087222510743,0.12021303926015586,0.04519705151702552,0.9331862366852626,0.3985593742429606
16279,Chatkal,HBV_noglac,0,0.8935371338263722,0.8725356501992667,0.7968254771448041,0.0,-1.9818542838158049,5.044535747614571,1.1924617333384602,1.358008006241437,122.2898818445583,0.5156353522607768,4.3734314116672435,10.239477555818304,99.84101888066306,0.17060343776782777,0.11870522765746064,0.049830204794131375,0.9901298244193071,0.3990167589829816
16279,Chatkal,HBV_noglac,1,0.893399349514126,0.8683987748717736,0.7859655075203228,0.0,-1.9793729526862547,5.185544658591055,1.235309238932475,2.3102493145896466,101.2863934457668,0.4015131012151491,4.074679103548116,8.967264478240494,99.69915842441483,0.18231988064882498,0.09865536700278388,0.047404112366422536,0.9614408921522415,0.3940205791822059
16279,Chatkal,HBV_noglac,2,0.8935812435425428,0.8672873281433363,0.7876954633912165,0.0,-1.9952705225719718,5.046454858935057,1.2045904288944551,1.9940914095444802,116.224499527283,0.37853733166804804,4.027364529538423,10.200421161054031,99.61941653930799,0.16663051707830906,0.12294551865936904,0.04909069655915138,0.988508842676423,0.39967111708142344
16279,Chatkal,HBV_noglac,3,0.8936461775268778,0.8757439163503532,0.7984095585167449,0.0,-1.986326861794789,4.9651936348322625,1.1939074508607583,1.7427633509483331,84.1123680878938,0.30750987010313136,3.4371422006309236,9.39576517588333,98.79288231318566,0.17512987589963946,0.105869501993169,0.04872213078959249,0.9727966212115458,0.3957459568733822
16279,Chatkal,HBV_noglac,4,0.8936876239242675,0.8717831890154583,0.7977430396429249,0.0,-1.970299703592649,5.142493335882371,1.2437198441035973,1.748095059425586,99.49899486237658,0.3162687460296263,2.4925937225346892,9.744572677009726,99.59433331581738,0.17931151502676812,0.10644005411944649,0.04471381630178247,0.9494215979868299,0.3969287398538703
16290,Pskem,HBV_glac,0,0.9128326131933402,0.9427671094822626,0.8799706341518333,23.796751552521812,-1.5471722249033784,5.266706139935776,1.327155557791031,1.011636687329251,111.5594257436093,0.9300529231309143,2.7421547161048423,10.383932363965968,99.86235086712604,0.21962577053981291,0.07280313236398744,0.06375732797971927,0.8240586546592448,0.38356293569349464
16290,Pskem,HBV_glac,1,0.9128399038787153,0.9346585666756285,0.8582083807635887,24.3172663759821,-1.5780021346202635,5.404951655114541,1.3748212324631144,1.0127651610251747,168.69070482359874,0.9917664192460034,4.1503574899911255,11.539086397370545,98.08878986967723,0.21142478991375818,0.09019353090834575,0.052619584233178696,0.8153993530382456,0.3676575728957477
16290,Pskem,HBV_glac,2,0.9128412613924841,0.9392863315174319,0.868818290651752,24.373695420076977,-1.5723805957883474,5.364076787198881,1.3003261632771843,1.0166922235234628,138.40460485398376,0.9058120874926472,3.8279751593194136,11.228796937035442,99.89949891485972,0.2135952685465316,0.08225236050254067,0.04986394773335749,0.8527604829167255,0.3863036236662801
16290,Pskem,HBV_glac,3,0.9128845601938786,0.9352334803637449,0.8590692095700891,23.6880119255606,-1.9944163128645933,5.04806250037448,1.4520982512690672,1.010210651100397,176.307838309031,0.9737216948550029,3.83924822901895,10.873073898881412,99.16241805175937,0.216824980608546,0.07880335906797645,0.058537916810501536,0.7997223394763926,0.39388334529970603
16290,Pskem,HBV_glac,4,0.9128289078623191,0.937429162950819,0.8630929929333421,26.089061030362053,-1.4965447184033482,5.797505179115633,1.2388086783288674,1.0023758766743216,180.192481662212,0.9632399679306833,5.119875292877721,11.305116204871078,99.48404344681343,0.21195867180275707,0.08312261184270395,0.050609187810326924,0.8818821359186659,0.3802532197097447
16290,Pskem,HBV_noglac,0,0.9111904379392418,0.9293677246455497,0.8463190595044707,0.0,-1.1838211734327073,7.117332595306509,1.2840102110302,1.6161129856150362,223.88632488181582,0.9668076273799631,3.804560586940032,22.641434770120156,99.03725563051222,0.10287244121501377,0.12204119748246958,0.09501191802158344,0.9937145579051567,0.35035627906489597
16290,Pskem,HBV_noglac,1,0.9109320476199133,0.9298077335023007,0.8495452199860605,0.0,-1.1655830683553239,7.204814161487661,1.3022098032030507,2.3725620050340375,171.98481674485978,0.9634801440580552,2.312664897425524,23.39096593574932,97.47228448723763,0.11591253623570763,0.11164101373123589,0.10015115047575698,0.9799290515608025,0.38974386985381326
16290,Pskem,HBV_noglac,2,0.911468610649107,0.9290699873600718,0.8464761391338391,0.0,-1.2397394691771193,7.050726300435907,1.2920376942998697,1.892202355239068,193.69470569935783,0.9678909345225963,2.71128405961253,26.72471318816143,99.74956825460184,0.1070262970128874,0.1272317923631468,0.11015614592364688,0.9930220165219883,0.3988577598400799
16290,Pskem,HBV_noglac,3,0.9112672125202981,0.9292689997317833,0.8495416493998107,0.0,-1.2161864295841074,6.993332470493509,1.331269761702333,1.0040886540416636,205.3170582273234,0.9870335666746965,2.9579563858799527,28.14303801592514,99.3950354911706,0.11046523098824351,0.12792271455955959,0.11127576523437174,0.9662441946327343,0.38270083112646897
16290,Pskem,HBV_noglac,4,0.9108564776883985,0.936562765930138,0.8658288742271458,0.0,-1.1184114641469893,7.35314132726752,1.2359682598237125,1.0704861596641282,144.4386422637296,0.993843414845315,2.9404746507665926,9.48804898022891,99.9148867260352,0.14400359537917773,0.05307582748108147,0.09489417232960641,1.0056903714027994,0.3837397585246888
16300,Ugam,HBV_glac,0,0.9251891008998253,0.9071628785167944,0.9274640048046537,0.0,-1.9904093990742153,6.015118071219874,0.7933418560436887,2.1220681693195966,173.07152706519892,0.9534965063389118,1.144749164582219,10.09670722020622,14.35152736048095,0.13050338011327078,0.04464950812263352,0.04648646933121823,1.0613929643956883,0.3302250561333795
16300,Ugam,HBV_glac,1,0.9251364080326597,0.9056008209765979,0.9307169716240525,0.0,-1.9242341221726234,6.283898742011222,0.8177261481324276,2.158231156345779,174.8286606712766,0.9176678598520476,1.0590814174434233,10.022174438144553,13.658724419548534,0.130097512655879,0.04088749610147502,0.04570415924453954,1.0714843966463672,0.3775841149173701
16300,Ugam,HBV_glac,2,0.9251899728398129,0.9055203085493716,0.9233588662642662,0.0,-1.982825137999467,6.11883387686221,0.8171096621575937,1.9960459711357412,167.04289135335893,0.966231339569113,1.2071178190135643,9.666201910490951,27.229978357584194,0.10549558878971688,0.06752662294889972,0.046324105292962686,1.0411736298485967,0.30829927563521153
16300,Ugam,HBV_glac,3,0.9249111749441193,0.9073888941400513,0.9263650322579059,0.0,-1.9927467779174146,5.929082920772,0.7752048579062865,2.0960268435956344,188.99932982414515,0.8709654104561395,1.2592954097793925,10.464886110374103,23.263872428244113,0.10068375500473936,0.07409175007124236,0.03847348247846258,1.0815858823348217,0.3000468642744029
16300,Ugam,HBV_glac,4,0.925304809985339,0.9065525611593925,0.9262564645731629,0.0,-1.9671307900156634,6.044336561960738,0.7967880941397629,1.583813099259176,160.23353840110292,0.9852794137901631,1.0814827733073833,9.46874957853782,17.981807517437396,0.13687602085249084,0.03451923328916012,0.050846013966428544,1.0701543006993073,0.3832092092411826
16300,Ugam,HBV_noglac,0,0.9251891008998253,0.9071628785167944,0.9274640048046537,0.0,-1.9904093990742153,6.015118071219874,0.7933418560436887,2.1220681693195966,173.07152706519892,0.9534965063389118,1.144749164582219,10.09670722020622,14.35152736048095,0.13050338011327078,0.04464950812263352,0.04648646933121823,1.0613929643956883,0.3302250561333795
16300,Ugam,HBV_noglac,1,0.9251364080326597,0.9056008209765979,0.9307169716240525,0.0,-1.9242341221726234,6.283898742011222,0.8177261481324276,2.158231156345779,174.8286606712766,0.9176678598520476,1.0590814174434233,10.022174438144553,13.658724419548534,0.130097512655879,0.04088749610147502,0.04570415924453954,1.0714843966463672,0.3775841149173701
16300,Ugam,HBV_noglac,2,0.9251899728398129,0.9055203085493716,0.9233588662642662,0.0,-1.982825137999467,6.11883387686221,0.8171096621575937,1.9960459711357412,167.04289135335893,0.966231339569113,1.2071178190135643,9.666201910490951,27.229978357584194,0.10549558878971688,0.06752662294889972,0.046324105292962686,1.0411736298485967,0.30829927563521153
16300,Ugam,HBV_noglac,3,0.9249111749441193,0.9073888941400513,0.9263650322579059,0.0,-1.9927467779174146,5.929082920772,0.7752048579062865,2.0960268435956344,188.99932982414515,0.8709654104561395,1.2592954097793925,10.464886110374103,23.263872428244113,0.10068375500473936,0.07409175007124236,0.03847348247846258,1.0815858823348217,0.3000468642744029
16300,Ugam,HBV_noglac,4,0.925304809985339,0.9065525611593925,0.9262564645731629,0.0,-1.9671307900156634,6.044336561960738,0.7967880941397629,1.583813099259176,160.23353840110292,0.9852794137901631,1.0814827733073833,9.46874957853782,17.981807517437396,0.13687602085249084,0.03451923328916012,0.050846013966428544,1.0701543006993073,0.3832092092411826
16936,Naryn,HBV_glac,0,0.8536824757232953,0.8265364589133971,0.8909103752376348,11.084858272077227,-1.638577543071194,1.500851427324645,1.421870968620507,1.016736213318231,53.04748859062249,0.37668005279597916,1.5559387496246981,4.949050604877026,46.05284909969754,0.23683426338580937,0.18492160129653354,0.03771586644654262,0.5095975711546642,0.23132314373391286
16936,Naryn,HBV_glac,1,0.8534878875314439,0.8279411959894409,0.8874592097193079,11.41153073281163,-1.575671534024943,1.5283626812618891,1.4260992305036897,1.0340168718248286,53.21731440803234,0.4954634426053719,1.6711781493957847,5.127458192211563,45.00872353860448,0.25204085375979235,0.1807376210268714,0.03815808459698103,0.5106799094601474,0.23653143341544555
16936,Naryn,HBV_glac,2,0.852064448792998,0.830950109499495,0.8901407212910014,12.382357578159452,-1.4705855671221983,1.6583005775004902,1.3991020826857543,1.0197875320821594,57.58719553799165,0.9327719490275292,1.9568934156978237,5.0078932521602955,42.498126890315326,0.2401635552265574,0.1797429965362929,0.036385997861515335,0.5239767917706528,0.31472830917608524
16936,Naryn,HBV_glac,3,0.8541986004716549,0.8257239144033792,0.889175742016759,11.24889597672823,-1.6803445613456613,1.5238862702474956,1.4456397402936036,1.0038383404717441,54.31878258772758,0.4321941140598673,1.4516133137252516,4.953037497930097,46.580454337231785,0.25635449045282677,0.17938526821943865,0.03900481194131011,0.508615251080228,0.24379907485705105
16936,Naryn,HBV_glac,4,0.8529905849956212,0.8313594244229232,0.8902563466829128,11.69940134071108,-1.3999859854735752,1.60833496642242,1.3595591831948344,1.003904866928587,51.612798957797736,0.6408090818346251,2.153046674533871,5.191954949595086,43.62123636098647,0.2275244615210808,0.18478020355928992,0.04025576533725258,0.5064409675540704,0.21284922411614707
16936,Naryn,HBV_noglac,0,0.8553930627472979,0.8239407830208471,0.8813318729800579,0.0,-1.6094916400005477,1.6465611809513918,1.4324983328118754,1.3828663571263573,55.12683859128492,0.42240500732172714,1.7567418214960542,5.205042700618135,52.994187191649026,0.23035854424008878,0.1487035053929259,0.04476708079949487,0.5626779623131386,0.2666323865235395
16936,Naryn,HBV_noglac,1,0.8560060396763906,0.8206289918315655,0.8879023796546833,0.0,-1.7004220209964898,1.5914730700037545,1.4882397296056251,2.44179354036786,56.84668421154453,0.4711604894143587,1.5241140778018418,4.486082660678777,54.68183317780212,0.23777348335823945,0.145030102119081,0.040023490435029924,0.5250650910472545,0.22920255911095372
16936,Naryn,HBV_noglac,2,0.8545721835743718,0.8239814044294376,0.8748253671697973,0.0,-1.6445788018191192,1.5205090894677458,1.4210949128183645,1.3897821530760281,50.734579103945634,0.5085854527508047,1.2410077402699642,4.948353317165864,53.65139573086238,0.23023132708252658,0.14221409936858576,0.04202546141033041,0.5432949738132683,0.2415132368029018
16936,Naryn,HBV_noglac,3,0.856436039183583,0.8234783416416636,0.8817845065548666,0.0,-1.663476808728454,1.611120154666926,1.4994767893010943,2.203923695833648,53.79618718875298,0.46847829547730724,1.4739857637688156,4.8482473372764385,54.714802790914696,0.2376898278726473,0.1425805338638893,0.042434240790747625,0.5312260175476912,0.24285336769936194
16936,Naryn,HBV_noglac,4,0.8562741609873509,0.8240605660015698,0.8856291334850369,0.0,-1.64048185043533,1.6244086284216763,1.4915604673905314,1.1863670951143959,53.018554696046294,0.45678699620109176,1.4056203069847237,4.779783451219366,53.79583299483788,0.23790833199682432,0.14237753101437475,0.04426363377434733,0.5262821901307152,0.23482754245530457
17202,Karatag,HBV_glac,0,0.9161354214023586,0.8915184433935143,0.8926046275189836,19.270179302104875,1.652585372009694,6.38400857144484,0.8906923268028192,1.0002832733587905,102.62936565551993,0.37307436883994677,2.3059088430494934,12.549322645821059,41.265381668133756,0.12904504643246462,0.15952380552570464,0.018248732794607272,1.172142151367963,0.20447800224372173
17202,Karatag,HBV_glac,1,0.9158572996391338,0.8912126296233864,0.8934769122151303,19.3914701646426,1.6331533783293564,6.192761449897345,0.8885240471344349,1.0354672423425089,101.41584117378528,0.3510637354497807,2.2187497801597225,11.752651885368376,57.408802042852244,0.11393025242993471,0.1785069765627517,0.014143760454562254,1.1841341171399535,0.21960519396686612
17202,Karatag,HBV_glac,2,0.9162019783692698,0.8918647673007221,0.8925909130164686,19.339654995515986,1.6513447212174306,6.32387286680628,0.8634363607111819,1.0104981753063216,113.44443215302334,0.3728133395662348,2.687417700715565,11.841645670911536,69.21663659979636,0.10745877925078401,0.1856226757750126,0.016939585395833942,1.2162258434542594,0.2280790405598281
17202,Karatag,HBV_glac,3,0.9161351872152059,0.8894962263664179,0.8872007689738176,19.219467728385784,1.6296114180115282,6.344513736455438,0.8621120401079974,1.000327497304046,109.02015073544712,0.3706945917471929,2.7052515865449016,12.296643441886319,56.60309415204402,0.12605724433219245,0.15831396528694588,0.016428343883624907,1.2206257282726911,0.22850387435047034
17202,Karatag,HBV_glac,4,0.9161652610656348,0.8921691088207587,0.8910150773003049,19.532431652034337,1.70174999200339,6.4304372556062805,0.8654568487723445,1.0103864572437353,93.54496344748156,0.344983236363522,1.9252335387764432,12.083715829890433,52.569765369686905,0.11381675133077407,0.17559274718504927,0.015554119756626253,1.197432989519045,0.2160018117965925
17202,Karatag,HBV_noglac,0,0.9202388305878709,0.8892454778876618,0.8880119777892672,0.0,1.7042484176216601,7.983659028663066,0.8869997924158715,1.6076071500494789,110.88323318448309,0.3223830539315284,2.101878561064129,12.158708392184398,36.03949397841386,0.10457854316010301,0.10695031681803305,0.021877314142115648,1.335889947106589,0.2554646060663266
17202,Karatag,HBV_noglac,1,0.9203496205684571,0.8889183103640358,0.8875676436420008,0.0,1.7161109814671378,7.85826597372737,0.8867856589133147,1.361608529090109,94.26072063652038,0.3279389463991368,1.8227636145341184,11.29929750670475,39.52536418829043,0.10158531565962364,0.10912147066804256,0.020022063691383596,1.330942369501856,0.25925190171096196
17202,Karatag,HBV_noglac,2,0.9203021712941039,0.8886322324924496,0.8888774728722936,0.0,1.7161793060741695,7.9891656268284095,0.883727129331181,1.1987857097959478,99.60974802116826,0.32791397730697647,1.8119099134642618,11.608585254797353,28.333408142986748,0.11160365602539735,0.09679895604566424,0.022577588347578212,1.3448445797012396,0.2667235128672077
17202,Karatag,HBV_noglac,3,0.9202021093454733,0.8882016303017071,0.890462400791277,0.0,1.7230150427175466,7.924361426704105,0.8564332803710548,1.2837274446293894,105.82686378536854,0.38961606489866135,1.9577228797031152,11.301134152488379,45.09114897936897,0.1034418776258964,0.10975782591010685,0.021809312727233243,1.3517327010186606,0.2487744363678644
17202,Karatag,HBV_noglac,4,0.9203885150085833,0.8890489751480553,0.8895994863173535,0.0,1.6992964379435378,7.960925452363658,0.9096495187483045,1.9814948272698651,100.10419471407877,0.3702527708996946,1.9759767206170515,11.743560255220327,36.48311709071456,0.1000064590024709,0.10958138726376379,0.021559648131487225,1.311178684497844,0.2524094375198296
17211,Sangardak,HBV_glac,0,0.9395650509874548,0.9115717645760929,0.9122079896678115,2.2296251406838037,-0.8475474655493878,6.8370787796558385,0.8474874015746503,1.1397260043440969,213.14967709188977,0.5961566439150967,2.1079563026518198,1.83307707373908,79.48740024361155,0.19614099101426824,0.06752935242332328,0.13686769751378475,0.8866050360701345,0.3965792660231471
17211,Sangardak,HBV_glac,1,0.9393930087593427,0.9123612035331785,0.9065255407688994,2.2530180422520742,-0.8023553893056452,7.430679646144239,0.8716892001707337,1.0780495247044324,199.00584392829347,0.5014075838142591,1.810899310219878,1.1530844604010557,89.51254307339838,0.18846083210601383,0.06804413530283718,0.14759147291557662,0.8775621715488768,0.39774561026767197
17211,Sangardak,HBV_glac,2,0.9394556334675453,0.9132663720049816,0.9106867438685994,2.57914999186733,-0.8741918045904666,6.972449198302991,0.8587667152384415,1.2825607544840514,212.4615603777654,0.5871049208023315,2.0820974552552753,1.9055244011766916,83.22994174413915,0.20368920224658876,0.06121921494819879,0.062079809231713544,0.8750534931985348,0.3857435955479662
17211,Sangardak,HBV_glac,3,0.9399275037955654,0.9133840915924675,0.9163251013933683,2.15293934675023,-0.9007958909048117,7.2355292723331495,0.8787874033603966,1.0388443907764737,244.64551992676175,0.42608777195081193,2.0829931347754367,5.816641836528682,73.93560006102992,0.10093528222020592,0.17592144345589475,0.03683417442821134,0.9014278784626131,0.3930174797237658
17211,Sangardak,HBV_glac,4,0.9394518570846871,0.9143320672612179,0.9181485416498604,2.785466433371475,-0.864241450233143,7.325462883597621,0.886095983866357,1.3222114936417964,221.08066708308473,0.5496455196703522,2.0827771570026092,1.7387637227776445,82.67671135305747,0.20423135078428883,0.05898578592971154,0.06912878550815989,0.8744832738726844,0.3993327441127927
17211,Sangardak,HBV_noglac,0,0.9397530991055836,0.913265822006121,0.9048114076069628,0.0,-0.8131787327946618,7.16688739861896,0.8453656144232259,2.1825382731856418,201.8106056196784,0.5802145063473506,1.9833408339178094,2.193419313201545,82.60683191205479,0.1922746520020241,0.06475663083688998,0.085914790897153,0.8925303949917884,0.3977676774374137
17211,Sangardak,HBV_noglac,1,0.9397246557297249,0.913992041083207,0.9108979466275275,0.0,-0.8667234601252565,7.161315032446583,0.8936766462038124,1.8298497271087029,224.14566367985913,0.46529613918680807,1.4475847702498634,5.751437015563111,76.91812288313159,0.10645319209629034,0.18003613928790782,0.047248059338524245,0.8634823697299172,0.3835884806006092
17211,Sangardak,HBV_noglac,2,0.939921138435487,0.9134588575605815,0.9093374729926575,0.0,-0.990209936238664,6.817788351886113,0.9021987591513063,2.06855491479784,239.95276093818165,0.5145498469938535,2.1388180829971946,6.293279580851349,83.9060059752576,0.10025867445019293,0.17853125227630792,0.039219407562497005,0.8776535251111159,0.3717269997224386
17211,Sangardak,HBV_noglac,3,0.9400513723997675,0.9144219780216004,0.9114818964571547,0.0,-0.904761956524047,7.126901954519143,0.8943114369481511,2.0916799973573843,241.64054552992263,0.44097544299239,1.995968705197696,6.608910022581348,92.90905778390858,0.1015172061348178,0.18329114180922612,0.04275335035354426,0.8991627367628735,0.39345800096046546
17211,Sangardak,HBV_noglac,4,0.9397049563547268,0.9130653548550053,0.9121198024973196,0.0,-0.8485756051756357,7.1309239456446045,0.8625775593195871,1.81260592061712,197.40409002316474,0.4895596101320223,1.777886150126378,1.0525835366085232,93.56556543055385,0.1914635283035761,0.06735130199315084,0.13393781505070357,0.8759218284652155,0.3916005781343467
16176,Padshaata,HBV_glac,0,0.8983408159743962,0.7842309313663783,0.7155053735528946,8.618107844856643,-0.23737247742888012,5.007674572087565,1.1789376306489998,1.063794714172198,65.59377174551645,0.8023251381052144,1.278586688033633,9.616092639024648,1.69168994031606,0.12774338118816592,0.09572854590266469,0.05638909679046404,0.6442181787070724,0.38086151319995815
16176,Padshaata,HBV_glac,1,0.8985189395695907,0.7685441320992776,0.6989306663520278,9.935016803340428,-0.32489687784207066,4.678753038228011,1.289788825082356,1.3062015417792479,54.809955406238544,0.8805472690191988,1.0567673098562098,8.237088461150043,14.828449097256765,0.10422026009307439,0.12884325445579684,0.05393378627191154,0.599902995843887,0.39269318920370566
16176,Padshaata,HBV_glac,2,0.8984259563293864,0.7883050659892333,0.7217365037727028,9.928003897407974,-0.29276333281112166,4.855951186164182,1.2147269840000203,1.248138495412563,62.79752488943359,0.8365897365926855,1.1653828845086531,8.8952565672272,5.20469161169256,0.13583240712826516,0.09269070657946324,0.05431603714101552,0.6221726950547027,0.38828599443080614
16176,Padshaata,HBV_glac,3,0.8985721194593613,0.769136650117756,0.7026830474157986,8.209359060109147,-0.26506717178969885,4.877227754383171,1.3208716157520382,1.0477972445569934,54.34187131157,0.9375148037332173,1.0876484935308826,8.988511825845766,7.982132303764175,0.10338584798588268,0.11883942044048909,0.05630124557731555,0.596775142843903,0.3992875764239935
16176,Padshaata,HBV_glac,4,0.8985224625955199,0.7771852980703247,0.707672482198183,11.004993374810871,-0.2880790602860672,5.030339350161919,1.238230774518136,1.3491328275422045,63.92066805543607,0.5951089194069656,1.0806492685279245,9.466870792577755,4.155152122275744,0.12815274930841547,0.09792872588437548,0.055442196044053614,0.6307835889088375,0.39428665574918437
16176,Padshaata,HBV_noglac,0,0.8980568677831351,0.7701153800175274,0.6959182464022764,0.0,-0.37349074911225943,5.5953449936965995,1.205511666353233,1.2305034856266903,50.18635076545473,0.9326337566498158,5.931434520317609,7.441481026682958,35.29521426385588,0.10145724827742764,0.09179766578387547,0.05143672434652304,0.6827410744521308,0.36620627813517637
16176,Padshaata,HBV_noglac,1,0.8981307705794548,0.7739205402247468,0.7073833233223583,0.0,-0.3041615453691311,5.511227417839347,1.3351332247223295,2.1143002955900796,59.071168819992465,0.7238477539598981,1.0071139253251586,8.886478437065962,7.107350629625415,0.10036097079848649,0.09331346124637971,0.05704372402580795,0.6250838581550443,0.3816686239348583
16176,Padshaata,HBV_noglac,2,0.8984133599217731,0.7685582813556207,0.7010299329548157,0.0,-0.2788858546734392,5.415476454429056,1.289253086697564,2.2909529788854854,66.73173848567308,0.6290840364714819,1.087191182692524,10.36518019947698,0.43675575496827435,0.11902367123872282,0.07768586109030731,0.05924876748839586,0.6526974796170402,0.3948087468471769
16176,Padshaata,HBV_noglac,3,0.8983473633354516,0.7666659486607651,0.6985634711260962,0.0,-0.2808968631290467,5.458777720491623,1.2726834240868292,2.169756901955196,68.1741601398175,0.6623014892931354,1.1001969740554762,9.742888930005225,4.089569348385098,0.11198596850721593,0.08606341680429119,0.05979339673280013,0.6569580254247125,0.39967757291099637
16176,Padshaata,HBV_noglac,4,0.8982778022507978,0.7762306722028092,0.7097441421042254,0.0,-0.34052415120288293,5.366853169691832,1.2515492746063188,1.3965851545068224,69.76702259518433,0.6257757799783645,1.1042732331243235,9.086291684812096,1.4346214346470347,0.14220690247416323,0.051489873455186075,0.053636351531132075,0.6637207965694734,0.398103708330916
16202,Chadak,HBV_glac,0,0.8621343149394061,0.8800399599928513,0.8468313459109686,0.0,-0.07091914095433394,2.5912596550114673,1.1665335206935268,1.5983811170794167,222.05631547230672,0.31266645059936493,5.990440450344234,7.270414482136393,0.11098410275469917,0.14928913637428842,0.14439049713091268,0.03904732030808515,1.1137391251660635,0.3962572112572907
16202,Chadak,HBV_glac,1,0.862056799941376,0.8717231737107457,0.8258547361726158,0.0,-0.11777555739845802,2.624879651630774,1.1748688987309066,2.1646351932431025,231.92026043244442,0.30708064820915365,5.631462501760515,7.370955601990826,0.4062619952855542,0.19334119664541455,0.09459934930762517,0.02534123724909762,1.1332583222267876,0.3988505292452984
16202,Chadak,HBV_glac,2,0.8623433152353954,0.88078415917303,0.8366053614877794,0.0,0.03930505327033407,2.7104110590691874,1.1589501355315384,2.423545077907172,220.4816338002202,0.3055713735566029,5.81971570951828,7.535645743430214,0.22161218277237538,0.16611644028790024,0.12397572505049884,0.03255337332583233,1.1197518841854528,0.39368026783823973
16202,Chadak,HBV_glac,3,0.8598221280660199,0.8773853160870657,0.8215379577477712,0.0,-0.12051499140473942,2.3315701942154954,1.0769163197164366,1.3596684531902075,210.61447007574387,0.40388875858169404,5.383130126472,8.441163097541782,0.10741082375614042,0.17350376011522628,0.12429047213514732,0.040978621115492185,1.1277360751031624,0.3704223592209738
16202,Chadak,HBV_glac,4,0.8621468522501091,0.8770179321438286,0.8247952990475513,0.0,-0.10726840434363005,2.643337352024991,1.187318852333835,1.7355068485786174,223.82440862564232,0.302508685263399,5.887492116053782,7.709082957951445,0.5667425560885988,0.22186497693060953,0.06658306215360774,0.031305802674844715,1.117762929387054,0.3948770966621842
16202,Chadak,HBV_noglac,0,0.8621343149394061,0.8800399599928513,0.8468313459109686,0.0,-0.07091914095433394,2.5912596550114673,1.1665335206935268,1.5983811170794167,222.05631547230672,0.31266645059936493,5.990440450344234,7.270414482136393,0.11098410275469917,0.14928913637428842,0.14439049713091268,0.03904732030808515,1.1137391251660635,0.3962572112572907
16202,Chadak,HBV_noglac,1,0.862056799941376,0.8717231737107457,0.8258547361726158,0.0,-0.11777555739845802,2.624879651630774,1.1748688987309066,2.1646351932431025,231.92026043244442,0.30708064820915365,5.631462501760515,7.370955601990826,0.4062619952855542,0.19334119664541455,0.09459934930762517,0.02534123724909762,1.1332583222267876,0.3988505292452984
16202,Chadak,HBV_noglac,2,0.8623433152353954,0.88078415917303,0.8366053614877794,0.0,0.03930505327033407,2.7104110590691874,1.1589501355315384,2.423545077907172,220.4816338002202,0.3055713735566029,5.81971570951828,7.535645743430214,0.22161218277237538,0.16611644028790024,0.12397572505049884,0.03255337332583233,1.1197518841854528,0.39368026783823973
16202,Chadak,HBV_noglac,3,0.8598221280660199,0.8773853160870657,0.8215379577477712,0.0,-0.12051499140473942,2.3315701942154954,1.0769163197164366,1.3596684531902075,210.61447007574387,0.40388875858169404,5.383130126472,8.441163097541782,0.10741082375614042,0.17350376011522628,0.12429047213514732,0.040978621115492185,1.1277360751031624,0.3704223592209738
16202,Chadak,HBV_noglac,4,0.8621468522501091,0.8770179321438286,0.8247952990475513,0.0,-0.10726840434363005,2.643337352024991,1.187318852333835,1.7355068485786174,223.82440862564232,0.302508685263399,5.887492116053782,7.709082957951445,0.5667425560885988,0.22186497693060953,0.06658306215360774,0.031305802674844715,1.117762929387054,0.3948770966621842
