gauge,basin,variant,seed,scenario,vol,seas
17288,Zeravshan,HBV_glac,0,T+1,6.5063205482069675,-5.199066665768082
17288,Zeravshan,HBV_glac,0,T+2,10.644733118211235,-2.8887250290804642
17288,Zeravshan,HBV_glac,0,T+3,16.5663888440843,12.057022155333087
17288,Zeravshan,HBV_glac,0,P+10,9.42376500151505,14.295118847596111
17288,Zeravshan,HBV_glac,0,P-10,-8.690755478880252,-11.776649382865912
17288,Zeravshan,HBV_glac,0,T+2/P-10,1.954506157969682,-15.958100758306195
17288,Zeravshan,HBV_glac,1,T+1,7.051225184435328,-4.799105779598234
17288,Zeravshan,HBV_glac,1,T+2,11.939034969935157,-2.0305324793667534
17288,Zeravshan,HBV_glac,1,T+3,18.0052881395957,10.540935858762523
17288,Zeravshan,HBV_glac,1,P+10,9.079811833840722,14.990965167394865
17288,Zeravshan,HBV_glac,1,P-10,-8.326869830566297,-12.06731777128175
17288,Zeravshan,HBV_glac,1,T+2/P-10,3.204192150503049,-16.732912867226602
17288,Zeravshan,HBV_glac,2,T+1,3.4493863767718125,8.161969964221694
17288,Zeravshan,HBV_glac,2,T+2,4.114697971065984,23.719380718215156
17288,Zeravshan,HBV_glac,2,T+3,5.32088088922682,36.03736507488117
17288,Zeravshan,HBV_glac,2,P+10,10.083558535387294,9.94581012676499
17288,Zeravshan,HBV_glac,2,P-10,-10.197392696351892,-9.118389023384744
17288,Zeravshan,HBV_glac,2,T+2/P-10,-7.0864573813023135,13.206263539707908
17288,Zeravshan,HBV_glac,3,T+1,5.021560058070795,9.28187437154062
17288,Zeravshan,HBV_glac,3,T+2,5.904407022243219,21.897407866853282
17288,Zeravshan,HBV_glac,3,T+3,6.464754333857736,35.361419892588714
17288,Zeravshan,HBV_glac,3,P+10,9.725276351517408,6.070501642643666
17288,Zeravshan,HBV_glac,3,P-10,-10.125882472563463,-5.565135842059465
17288,Zeravshan,HBV_glac,3,T+2/P-10,-5.812617374578888,12.099120325393109
17288,Zeravshan,HBV_glac,4,T+1,5.768940142107204,8.255774996765151
17288,Zeravshan,HBV_glac,4,T+2,7.626155522982492,19.991240554880886
17288,Zeravshan,HBV_glac,4,T+3,8.713119620798771,31.772218474389266
17288,Zeravshan,HBV_glac,4,P+10,10.379621517421667,6.533881194207282
17288,Zeravshan,HBV_glac,4,P-10,-9.538819277480293,-7.401460030928009
17288,Zeravshan,HBV_glac,4,T+2/P-10,-4.238849164963854,9.09135279304397
17288,Zeravshan,HBV_noglac,0,T+1,2.783564048828713,8.737249162945382
17288,Zeravshan,HBV_noglac,0,T+2,-2.599713126552805,25.41842538237423
17288,Zeravshan,HBV_noglac,0,T+3,-7.297096701653826,41.42940623292189
17288,Zeravshan,HBV_noglac,0,P+10,11.958259426843053,3.5897232532238412
17288,Zeravshan,HBV_noglac,0,P-10,-11.746357581050827,-4.0980345252975905
17288,Zeravshan,HBV_noglac,0,T+2/P-10,-15.959813661452515,18.516955112797838
17288,Zeravshan,HBV_noglac,1,T+1,2.480206705408805,8.372817947899614
17288,Zeravshan,HBV_noglac,1,T+2,-3.084510056258294,24.42294896554464
17288,Zeravshan,HBV_noglac,1,T+3,-7.877840344667386,40.015504284210955
17288,Zeravshan,HBV_noglac,1,P+10,12.124395060169757,4.056204664328924
17288,Zeravshan,HBV_noglac,1,P-10,-11.949297388581993,-4.769299814932358
17288,Zeravshan,HBV_noglac,1,T+2/P-10,-16.499124821431266,17.38526578657329
17288,Zeravshan,HBV_noglac,2,T+1,2.69783713981977,9.044532122535909
17288,Zeravshan,HBV_noglac,2,T+2,-2.45264959032665,25.852768602682996
17288,Zeravshan,HBV_noglac,2,T+3,-6.8021468750873115,42.08232952821016
17288,Zeravshan,HBV_noglac,2,P+10,11.77252856799118,3.3355130903967236
17288,Zeravshan,HBV_noglac,2,P-10,-11.616204602363656,-3.9197540653109098
17288,Zeravshan,HBV_noglac,2,T+2/P-10,-15.636293440245264,19.31549752868591
17288,Zeravshan,HBV_noglac,3,T+1,2.7584667925292905,9.326786703117628
17288,Zeravshan,HBV_noglac,3,T+2,-2.5716801275052825,25.83138867671527
17288,Zeravshan,HBV_noglac,3,T+3,-7.11461707677884,41.85059869966283
17288,Zeravshan,HBV_noglac,3,P+10,11.9137840283827,3.5341301150555235
17288,Zeravshan,HBV_noglac,3,P-10,-11.733497681149874,-4.010820747748543
17288,Zeravshan,HBV_noglac,3,T+2/P-10,-15.900229002546173,18.947796516852623
17288,Zeravshan,HBV_noglac,4,T+1,2.638926615571191,8.494214244657007
17288,Zeravshan,HBV_noglac,4,T+2,-2.849823916291161,24.87844285082128
17288,Zeravshan,HBV_noglac,4,T+3,-7.675515965111346,40.65132164587078
17288,Zeravshan,HBV_noglac,4,P+10,12.119633210464965,3.771692518566814
17288,Zeravshan,HBV_noglac,4,P-10,-11.928937011051822,-4.485866531439575
17288,Zeravshan,HBV_noglac,4,T+2/P-10,-16.292017180472328,17.956573799660813
16279,Chatkal,HBV_glac,0,T+1,-3.7820648878362007,17.768367679701047
16279,Chatkal,HBV_glac,0,T+2,-7.6269550460529745,35.62825948416215
16279,Chatkal,HBV_glac,0,T+3,-11.6336101221161,47.90765880151137
16279,Chatkal,HBV_glac,0,P+10,11.97137480964383,-1.6322907844851926
16279,Chatkal,HBV_glac,0,P-10,-11.659648361048468,-0.3833077347253244
16279,Chatkal,HBV_glac,0,T+2/P-10,-18.524197581006042,29.683162589333723
16279,Chatkal,HBV_glac,1,T+1,-3.9670463845012827,17.238301317183215
16279,Chatkal,HBV_glac,1,T+2,-7.835806825025049,32.72981370095951
16279,Chatkal,HBV_glac,1,T+3,-12.096389006354968,41.954518998477624
16279,Chatkal,HBV_glac,1,P+10,11.93358798844426,-1.9676459437790506
16279,Chatkal,HBV_glac,1,P-10,-11.69265296365598,0.026150420709091904
16279,Chatkal,HBV_glac,1,T+2/P-10,-18.749185693442737,27.6447382106648
16279,Chatkal,HBV_glac,2,T+1,-4.1709972884032664,17.024296603000664
16279,Chatkal,HBV_glac,2,T+2,-8.14984187740626,32.64942763871616
16279,Chatkal,HBV_glac,2,T+3,-12.388897761161378,41.51296413304897
16279,Chatkal,HBV_glac,2,P+10,12.002723838791995,-1.7163510903123846
16279,Chatkal,HBV_glac,2,P-10,-11.83350366761291,0.03782477606661949
16279,Chatkal,HBV_glac,2,T+2/P-10,-19.176248495031523,27.152091521898715
16279,Chatkal,HBV_glac,3,T+1,-4.335455360769602,16.960119185503828
16279,Chatkal,HBV_glac,3,T+2,-8.48329693645976,32.43912154805527
16279,Chatkal,HBV_glac,3,T+3,-12.837408246130499,41.535014708801576
16279,Chatkal,HBV_glac,3,P+10,11.924069482231792,-1.654336330987439
16279,Chatkal,HBV_glac,3,P-10,-11.784212232393731,-0.3698225495021301
16279,Chatkal,HBV_glac,3,T+2/P-10,-19.423560055170363,26.982958062977303
16279,Chatkal,HBV_glac,4,T+1,-4.232262846222512,16.999022562853437
16279,Chatkal,HBV_glac,4,T+2,-8.254907749242212,32.67538944372441
16279,Chatkal,HBV_glac,4,T+3,-12.53740318701203,41.534833683306786
16279,Chatkal,HBV_glac,4,P+10,11.966365112230882,-1.6810667397273225
16279,Chatkal,HBV_glac,4,P-10,-11.815665877180804,0.15044352747947087
16279,Chatkal,HBV_glac,4,T+2/P-10,-19.24064037189367,27.284503869263187
16279,Chatkal,HBV_noglac,0,T+1,-5.10251778715638,17.565057146107165
16279,Chatkal,HBV_noglac,0,T+2,-10.038788220357276,33.75385988730605
16279,Chatkal,HBV_noglac,0,T+3,-15.112082435584773,43.381044124772075
16279,Chatkal,HBV_noglac,0,P+10,12.761207282294373,-1.7492865360706489
16279,Chatkal,HBV_noglac,0,P-10,-12.56876074345401,0.03934113424336516
16279,Chatkal,HBV_noglac,0,T+2/P-10,-21.694967373527753,28.266510482801586
16279,Chatkal,HBV_noglac,1,T+1,-5.026074742995579,17.65366457532296
16279,Chatkal,HBV_noglac,1,T+2,-9.942818760883076,33.502618696113146
16279,Chatkal,HBV_noglac,1,T+3,-15.052208342198103,43.27142527150015
16279,Chatkal,HBV_noglac,1,P+10,12.56418997407216,-2.455390572280301
16279,Chatkal,HBV_noglac,1,P-10,-12.329250831464812,0.07993976456144303
16279,Chatkal,HBV_noglac,1,T+2/P-10,-21.40679042155118,28.315252692356033
16279,Chatkal,HBV_noglac,2,T+1,-5.1388489605610825,17.572029380296083
16279,Chatkal,HBV_noglac,2,T+2,-10.088708733896857,33.78837315371588
16279,Chatkal,HBV_noglac,2,T+3,-15.17869363343749,43.457271820709124
16279,Chatkal,HBV_noglac,2,P+10,12.738544409664065,-1.9961624643151978
16279,Chatkal,HBV_noglac,2,P-10,-12.571906838921908,0.24519458868883603
16279,Chatkal,HBV_noglac,2,T+2/P-10,-21.739410781689937,28.442271847623257
16279,Chatkal,HBV_noglac,3,T+1,-4.782832798995596,17.36631551254577
16279,Chatkal,HBV_noglac,3,T+2,-9.410927025684124,33.5213251620855
16279,Chatkal,HBV_noglac,3,T+3,-14.32311981294474,43.106067510354684
16279,Chatkal,HBV_noglac,3,P+10,12.486547592964325,-2.6704966981781375
16279,Chatkal,HBV_noglac,3,P-10,-12.191691145579798,0.586883951948181
16279,Chatkal,HBV_noglac,3,T+2/P-10,-20.793978676399206,28.618528858500376
16279,Chatkal,HBV_noglac,4,T+1,-5.033173595689011,17.376500459374512
16279,Chatkal,HBV_noglac,4,T+2,-9.805493602032334,33.36019607791499
16279,Chatkal,HBV_noglac,4,T+3,-14.868322405383172,43.195679053035825
16279,Chatkal,HBV_noglac,4,P+10,12.419806028327818,-2.121171909693297
16279,Chatkal,HBV_noglac,4,P-10,-12.276836169534434,0.18687520390419188
16279,Chatkal,HBV_noglac,4,T+2/P-10,-21.203338426862516,28.207937917028584
16290,Pskem,HBV_glac,0,T+1,-1.0621075011178482,17.83538143595128
16290,Pskem,HBV_glac,0,T+2,-1.9818180426237508,33.20498622671178
16290,Pskem,HBV_glac,0,T+3,-3.2526272093139075,42.58564274263327
16290,Pskem,HBV_glac,0,P+10,9.73723852754651,-0.7391737245807448
16290,Pskem,HBV_glac,0,P-10,-9.656570505842854,0.4731665424076663
16290,Pskem,HBV_glac,0,T+2/P-10,-11.013747942485242,28.47012051051212
16290,Pskem,HBV_glac,1,T+1,-1.2371594338793646,17.526980531964675
16290,Pskem,HBV_glac,1,T+2,-2.2867236827597948,32.57059469098963
16290,Pskem,HBV_glac,1,T+3,-3.790715374528497,41.26943909114783
16290,Pskem,HBV_glac,1,P+10,10.007326366989599,-0.2711185264957727
16290,Pskem,HBV_glac,1,P-10,-9.839969172457675,0.03113944097321486
16290,Pskem,HBV_glac,1,T+2/P-10,-11.657818806963771,27.216198392155178
16290,Pskem,HBV_glac,2,T+1,-1.0680202391448401,17.658678016784577
16290,Pskem,HBV_glac,2,T+2,-1.9939858100950558,32.75009461651959
16290,Pskem,HBV_glac,2,T+3,-3.3467620482827254,41.81735139698707
16290,Pskem,HBV_glac,2,P+10,9.911824742389342,-0.6119704524878422
16290,Pskem,HBV_glac,2,P-10,-9.721026672574629,0.3605191412267459
16290,Pskem,HBV_glac,2,T+2/P-10,-11.232755222879653,27.622844869648567
16290,Pskem,HBV_glac,3,T+1,-1.611355163075967,17.480472653534076
16290,Pskem,HBV_glac,3,T+2,-2.963469546259101,31.18901037911469
16290,Pskem,HBV_glac,3,T+3,-4.903039734206116,40.46365451433639
16290,Pskem,HBV_glac,3,P+10,10.134960983882578,-0.5826661385148988
16290,Pskem,HBV_glac,3,P-10,-9.835293072692487,0.2993399053654695
16290,Pskem,HBV_glac,3,T+2/P-10,-12.383658363282624,25.59402341431908
16290,Pskem,HBV_glac,4,T+1,-1.0709548672737101,16.953622447247685
16290,Pskem,HBV_glac,4,T+2,-1.7250053972288737,31.814757564307385
16290,Pskem,HBV_glac,4,T+3,-2.909944990061475,41.107199791762426
16290,Pskem,HBV_glac,4,P+10,10.036892576814548,-0.012211054661403153
16290,Pskem,HBV_glac,4,P-10,-10.09374802814299,-0.24272285082545153
16290,Pskem,HBV_glac,4,T+2/P-10,-11.260743853244282,26.387695734645924
16290,Pskem,HBV_noglac,0,T+1,-4.247649898327821,18.550353260261545
16290,Pskem,HBV_noglac,0,T+2,-8.589922936760386,36.85802074829466
16290,Pskem,HBV_noglac,0,T+3,-13.022121092759642,48.48732994404621
16290,Pskem,HBV_noglac,0,P+10,12.259733974310594,-2.4416537992470104
16290,Pskem,HBV_noglac,0,P-10,-12.174207080864575,1.4424181290815916
16290,Pskem,HBV_noglac,0,T+2/P-10,-20.128937007056514,32.75194502728421
16290,Pskem,HBV_noglac,1,T+1,-4.111972951837184,18.447450874049533
16290,Pskem,HBV_noglac,1,T+2,-8.284404879454343,36.9209128241803
16290,Pskem,HBV_noglac,1,T+3,-12.513466488582203,48.6867606356692
16290,Pskem,HBV_noglac,1,P+10,11.944284032637121,-2.593665603606766
16290,Pskem,HBV_noglac,1,P-10,-11.880221449736483,1.6199603918538141
16290,Pskem,HBV_noglac,1,T+2/P-10,-19.49165048673841,32.981512044849744
16290,Pskem,HBV_noglac,2,T+1,-4.236675778760068,18.700192467141164
16290,Pskem,HBV_noglac,2,T+2,-8.532891060367609,37.024420381472055
16290,Pskem,HBV_noglac,2,T+3,-12.887390372357288,48.403654126828975
16290,Pskem,HBV_noglac,2,P+10,12.09817392074688,-2.4380072823998233
16290,Pskem,HBV_noglac,2,P-10,-12.036800850268314,1.5348717910475536
16290,Pskem,HBV_noglac,2,T+2/P-10,-19.87390618163961,32.81279104169606
16290,Pskem,HBV_noglac,3,T+1,-4.323765749597486,18.741548032787072
16290,Pskem,HBV_noglac,3,T+2,-8.742947213513663,37.066474974424345
16290,Pskem,HBV_noglac,3,T+3,-13.204752624830697,47.95585424441876
16290,Pskem,HBV_noglac,3,P+10,12.125119316551181,-2.416831035585208
16290,Pskem,HBV_noglac,3,P-10,-12.069894074581523,1.3324113204908894
16290,Pskem,HBV_noglac,3,T+2/P-10,-20.123218929791076,32.58053016190714
16290,Pskem,HBV_noglac,4,T+1,-4.000683778461356,18.50082905606738
16290,Pskem,HBV_noglac,4,T+2,-8.065509170463624,36.87562841198964
16290,Pskem,HBV_noglac,4,T+3,-12.181655901106403,50.99514514550495
16290,Pskem,HBV_noglac,4,P+10,11.920022156594001,-2.4821205541296862
16290,Pskem,HBV_noglac,4,P-10,-11.859210194966662,2.0107058097385337
16290,Pskem,HBV_noglac,4,T+2/P-10,-19.196720562929926,33.78556339228104
16300,Ugam,HBV_glac,0,T+1,-1.3503552895877569,9.471892050960607
16300,Ugam,HBV_glac,0,T+2,-2.8081105264183392,17.963486746512668
16300,Ugam,HBV_glac,0,T+3,-4.326190642530181,22.66585590859436
16300,Ugam,HBV_glac,0,P+10,12.62398402383087,-2.2801604476241124
16300,Ugam,HBV_glac,0,P-10,-12.531753914633171,1.8700659177823926
16300,Ugam,HBV_glac,0,T+2/P-10,-15.205855880789976,16.596688788704316
16300,Ugam,HBV_glac,1,T+1,-1.6351972651403979,9.552529869659764
16300,Ugam,HBV_glac,1,T+2,-3.4587373174127745,18.29171455475688
16300,Ugam,HBV_glac,1,T+3,-5.317352390748054,23.350157826930086
16300,Ugam,HBV_glac,1,P+10,12.672871852549461,-2.3742629700070683
16300,Ugam,HBV_glac,1,P-10,-12.561595730764353,1.9400143591571375
16300,Ugam,HBV_glac,1,T+2/P-10,-15.806009945962252,16.89623552303008
16300,Ugam,HBV_glac,2,T+1,-1.4645548303749423,9.563965988351598
16300,Ugam,HBV_glac,2,T+2,-3.0568851374001893,18.042313197176917
16300,Ugam,HBV_glac,2,T+3,-4.6912761754910655,22.616249184672665
16300,Ugam,HBV_glac,2,P+10,12.590137170835902,-1.9434340487942006
16300,Ugam,HBV_glac,2,P-10,-12.426620377550602,1.6784098674991874
16300,Ugam,HBV_glac,2,T+2/P-10,-15.311224689474745,16.57485276451869
16300,Ugam,HBV_glac,3,T+1,-1.1986884051688018,9.505784438846355
16300,Ugam,HBV_glac,3,T+2,-2.548285527591332,18.05113748275734
16300,Ugam,HBV_glac,3,T+3,-3.970331859848808,22.81249891330741
16300,Ugam,HBV_glac,3,P+10,12.822007769249488,-2.2680670348607315
16300,Ugam,HBV_glac,3,P-10,-12.682605379898016,1.839481105652041
16300,Ugam,HBV_glac,3,T+2/P-10,-15.149784858439341,16.422242439266444
16300,Ugam,HBV_glac,4,T+1,-1.5402635057585101,9.77008485114721
16300,Ugam,HBV_glac,4,T+2,-3.203978170329147,18.532830841584225
16300,Ugam,HBV_glac,4,T+3,-4.941081893353127,23.557079683727032
16300,Ugam,HBV_glac,4,P+10,12.579951813912338,-2.0158886367857676
16300,Ugam,HBV_glac,4,P-10,-12.441362126309086,1.7686867163877462
16300,Ugam,HBV_glac,4,T+2/P-10,-15.455270098729546,17.1834675425267
16300,Ugam,HBV_noglac,0,T+1,-1.3503552895877569,9.471892050960607
16300,Ugam,HBV_noglac,0,T+2,-2.8081105264183392,17.963486746512668
16300,Ugam,HBV_noglac,0,T+3,-4.326190642530181,22.66585590859436
16300,Ugam,HBV_noglac,0,P+10,12.62398402383087,-2.2801604476241124
16300,Ugam,HBV_noglac,0,P-10,-12.531753914633171,1.8700659177823926
16300,Ugam,HBV_noglac,0,T+2/P-10,-15.205855880789976,16.596688788704316
16300,Ugam,HBV_noglac,1,T+1,-1.6351972651403979,9.552529869659764
16300,Ugam,HBV_noglac,1,T+2,-3.4587373174127745,18.29171455475688
16300,Ugam,HBV_noglac,1,T+3,-5.317352390748054,23.350157826930086
16300,Ugam,HBV_noglac,1,P+10,12.672871852549461,-2.3742629700070683
16300,Ugam,HBV_noglac,1,P-10,-12.561595730764353,1.9400143591571375
16300,Ugam,HBV_noglac,1,T+2/P-10,-15.806009945962252,16.89623552303008
16300,Ugam,HBV_noglac,2,T+1,-1.4645548303749423,9.563965988351598
16300,Ugam,HBV_noglac,2,T+2,-3.0568851374001893,18.042313197176917
16300,Ugam,HBV_noglac,2,T+3,-4.6912761754910655,22.616249184672665
16300,Ugam,HBV_noglac,2,P+10,12.590137170835902,-1.9434340487942006
16300,Ugam,HBV_noglac,2,P-10,-12.426620377550602,1.6784098674991874
16300,Ugam,HBV_noglac,2,T+2/P-10,-15.311224689474745,16.57485276451869
16300,Ugam,HBV_noglac,3,T+1,-1.1986884051688018,9.505784438846355
16300,Ugam,HBV_noglac,3,T+2,-2.548285527591332,18.05113748275734
16300,Ugam,HBV_noglac,3,T+3,-3.970331859848808,22.81249891330741
16300,Ugam,HBV_noglac,3,P+10,12.822007769249488,-2.2680670348607315
16300,Ugam,HBV_noglac,3,P-10,-12.682605379898016,1.839481105652041
16300,Ugam,HBV_noglac,3,T+2/P-10,-15.149784858439341,16.422242439266444
16300,Ugam,HBV_noglac,4,T+1,-1.5402635057585101,9.77008485114721
16300,Ugam,HBV_noglac,4,T+2,-3.203978170329147,18.532830841584225
16300,Ugam,HBV_noglac,4,T+3,-4.941081893353127,23.557079683727032
16300,Ugam,HBV_noglac,4,P+10,12.579951813912338,-2.0158886367857676
16300,Ugam,HBV_noglac,4,P-10,-12.441362126309086,1.7686867163877462
16300,Ugam,HBV_noglac,4,T+2/P-10,-15.455270098729546,17.1834675425267
16936,Naryn,HBV_glac,0,T+1,-4.115925563175871,7.454500476942116
16936,Naryn,HBV_glac,0,T+2,-7.560473648042065,15.427845524681294
16936,Naryn,HBV_glac,0,T+3,-9.840789237565895,22.15989911241042
16936,Naryn,HBV_glac,0,P+10,12.25840605949542,1.8565573700108011
16936,Naryn,HBV_glac,0,P-10,-11.987698281611369,-0.9970817627952933
16936,Naryn,HBV_glac,0,T+2/P-10,-18.196412783583426,12.887344459485462
16936,Naryn,HBV_glac,1,T+1,-4.106428072256163,7.529865182194563
16936,Naryn,HBV_glac,1,T+2,-7.57017684197182,15.366962134193042
16936,Naryn,HBV_glac,1,T+3,-9.897636903626516,21.396101848568417
16936,Naryn,HBV_glac,1,P+10,12.11724730229593,1.886411127563182
16936,Naryn,HBV_glac,1,P-10,-11.839689996773117,-1.1466964037788792
16936,Naryn,HBV_glac,1,T+2/P-10,-18.20482520576666,12.627652292133394
16936,Naryn,HBV_glac,2,T+1,-4.05034931639724,7.212761270249301
16936,Naryn,HBV_glac,2,T+2,-7.2730682172177925,13.765210069202682
16936,Naryn,HBV_glac,2,T+3,-8.931472962929721,18.420035310014395
16936,Naryn,HBV_glac,2,P+10,11.623781283855394,0.9203037234964739
16936,Naryn,HBV_glac,2,P-10,-11.621944980671728,-1.4199697984567443
16936,Naryn,HBV_glac,2,T+2/P-10,-17.44491738796823,10.621466791203916
16936,Naryn,HBV_glac,3,T+1,-4.17693473466072,7.5210474223376345
16936,Naryn,HBV_glac,3,T+2,-7.660041270090733,15.256911560502296
16936,Naryn,HBV_glac,3,T+3,-9.87684358834846,21.738540161269682
16936,Naryn,HBV_glac,3,P+10,12.083706382444648,2.0535944789058735
16936,Naryn,HBV_glac,3,P-10,-11.883833609210626,-1.2639878246041185
16936,Naryn,HBV_glac,3,T+2/P-10,-18.17033596998242,12.532273389899919
16936,Naryn,HBV_glac,4,T+1,-3.7898879968686128,8.210482442387857
16936,Naryn,HBV_glac,4,T+2,-7.0848520196384435,14.982369729610767
16936,Naryn,HBV_glac,4,T+3,-8.906914101318453,19.407084353136106
16936,Naryn,HBV_glac,4,P+10,12.166246491954634,1.1367018274460303
16936,Naryn,HBV_glac,4,P-10,-11.957926594198753,-0.7634056087131409
16936,Naryn,HBV_glac,4,T+2/P-10,-17.672025425340642,11.88060005196171
16936,Naryn,HBV_noglac,0,T+1,-6.190409814048481,9.164689946650562
16936,Naryn,HBV_noglac,0,T+2,-11.976111772207354,17.988352094127283
16936,Naryn,HBV_noglac,0,T+3,-16.89490428707866,25.96606286656837
16936,Naryn,HBV_noglac,0,P+10,13.335990624218708,1.069852780191093
16936,Naryn,HBV_noglac,0,P-10,-12.919396583648135,-0.22701155696694997
16936,Naryn,HBV_noglac,0,T+2/P-10,-23.531804774200015,15.502716720940622
16936,Naryn,HBV_noglac,1,T+1,-6.1523729036071835,9.192023873574307
16936,Naryn,HBV_noglac,1,T+2,-11.776192347044034,17.922831091863653
16936,Naryn,HBV_noglac,1,T+3,-16.247411084144446,26.09245287027391
16936,Naryn,HBV_noglac,1,P+10,13.254902405551583,0.8225944077362879
16936,Naryn,HBV_noglac,1,P-10,-12.884655288109482,-0.4142451346079703
16936,Naryn,HBV_noglac,1,T+2/P-10,-23.176452093480826,15.098002643560028
16936,Naryn,HBV_noglac,2,T+1,-6.028069182502016,9.017678634120463
16936,Naryn,HBV_noglac,2,T+2,-11.599029873193755,17.70453513068394
16936,Naryn,HBV_noglac,2,T+3,-16.21057606224018,26.67360845312421
16936,Naryn,HBV_noglac,2,P+10,13.107607064323323,0.7670924537621175
16936,Naryn,HBV_noglac,2,P-10,-12.680190932111302,0.188382865509384
16936,Naryn,HBV_noglac,2,T+2/P-10,-22.90544871009358,15.322790313904923
16936,Naryn,HBV_noglac,3,T+1,-6.168047469478166,9.064867374950094
16936,Naryn,HBV_noglac,3,T+2,-11.826157680581751,17.844370029363223
16936,Naryn,HBV_noglac,3,T+3,-16.433242496405764,26.275686484784977
16936,Naryn,HBV_noglac,3,P+10,13.16506941923279,0.7777651456049028
16936,Naryn,HBV_noglac,3,P-10,-12.757804300794518,-0.12139480822510507
16936,Naryn,HBV_noglac,3,T+2/P-10,-23.16344000704291,15.248930651495229
16936,Naryn,HBV_noglac,4,T+1,-6.104448798235307,9.15334584669051
16936,Naryn,HBV_noglac,4,T+2,-11.655818722208943,17.724423536401623
16936,Naryn,HBV_noglac,4,T+3,-16.106950916553043,25.897275208319904
16936,Naryn,HBV_noglac,4,P+10,13.168690465899079,0.5956418027564414
16936,Naryn,HBV_noglac,4,P-10,-12.788151162178806,-0.37590144044293794
16936,Naryn,HBV_noglac,4,T+2/P-10,-22.983156609598044,15.103341585180374
17202,Karatag,HBV_glac,0,T+1,1.7253314284819465,9.239992119855355
17202,Karatag,HBV_glac,0,T+2,2.2478762592339274,20.096033542820102
17202,Karatag,HBV_glac,0,T+3,2.1423331555314062,30.12165599391234
17202,Karatag,HBV_glac,0,P+10,11.000639450721117,-2.287097777253134
17202,Karatag,HBV_glac,0,P-10,-10.576377636663691,1.1036364194337622
17202,Karatag,HBV_glac,0,T+2/P-10,-8.836097349298367,18.259706325301185
17202,Karatag,HBV_glac,1,T+1,1.6569952096729734,9.677385077889722
17202,Karatag,HBV_glac,1,T+2,2.121614840246533,20.662678895467135
17202,Karatag,HBV_glac,1,T+3,1.9700390484496566,30.89151276222246
17202,Karatag,HBV_glac,1,P+10,11.036705815462678,-2.0521249834441146
17202,Karatag,HBV_glac,1,P-10,-10.696069212013148,1.3993727979623625
17202,Karatag,HBV_glac,1,T+2/P-10,-8.880758245412334,18.718293784491134
17202,Karatag,HBV_glac,2,T+1,1.673608220443601,9.699812985188982
17202,Karatag,HBV_glac,2,T+2,2.128312375470909,20.84781857761152
17202,Karatag,HBV_glac,2,T+3,1.9880052676660265,31.042723238972272
17202,Karatag,HBV_glac,2,P+10,11.177467655613293,-1.9309597364307827
17202,Karatag,HBV_glac,2,P-10,-10.849197386681597,1.1397351664809374
17202,Karatag,HBV_glac,2,T+2/P-10,-9.067611118961105,18.499606288879768
17202,Karatag,HBV_glac,3,T+1,1.6450210515021046,9.555672624285972
17202,Karatag,HBV_glac,3,T+2,2.0743888927216902,20.742564104952777
17202,Karatag,HBV_glac,3,T+3,1.9172269733416458,30.782739270961414
17202,Karatag,HBV_glac,3,P+10,11.169065686432722,-2.185279564095243
17202,Karatag,HBV_glac,3,P-10,-10.788665989071866,1.1180589242752568
17202,Karatag,HBV_glac,3,T+2/P-10,-9.118245128576508,18.56945342780453
17202,Karatag,HBV_glac,4,T+1,1.8402229018464666,9.242607065982344
17202,Karatag,HBV_glac,4,T+2,2.496637839006377,20.03952237977905
17202,Karatag,HBV_glac,4,T+3,2.521256740483868,30.19652484926597
17202,Karatag,HBV_glac,4,P+10,10.984989106745058,-2.3837576411011696
17202,Karatag,HBV_glac,4,P-10,-10.575086995617655,1.2422170094861578
17202,Karatag,HBV_glac,4,T+2/P-10,-8.572186929924829,18.14425887652905
17202,Karatag,HBV_noglac,0,T+1,-0.9818574941114044,11.314819518738572
17202,Karatag,HBV_noglac,0,T+2,-3.551342610399688,24.680000762174437
17202,Karatag,HBV_noglac,0,T+3,-6.724496684230807,38.251119498003284
17202,Karatag,HBV_noglac,0,P+10,12.498548795298525,-4.041844762578984
17202,Karatag,HBV_noglac,0,P-10,-12.20569431170173,2.8314157349886067
17202,Karatag,HBV_noglac,0,T+2/P-10,-16.149111759256986,24.50890874582359
17202,Karatag,HBV_noglac,1,T+1,-0.895315874589997,11.30980091550885
17202,Karatag,HBV_noglac,1,T+2,-3.418617634994059,24.62067450358181
17202,Karatag,HBV_noglac,1,T+3,-6.525350787770757,38.3677538929845
17202,Karatag,HBV_noglac,1,P+10,12.383809020658987,-4.253439102186185
17202,Karatag,HBV_noglac,1,P-10,-12.112445871711364,3.0168998539906173
17202,Karatag,HBV_noglac,1,T+2/P-10,-15.882066406310392,24.567547636491906
17202,Karatag,HBV_noglac,2,T+1,-0.9269264524198628,11.360244272943287
17202,Karatag,HBV_noglac,2,T+2,-3.488327544930425,24.663188840585804
17202,Karatag,HBV_noglac,2,T+3,-6.634552422012574,38.328519016311034
17202,Karatag,HBV_noglac,2,P+10,12.419925072261062,-4.125216722450187
17202,Karatag,HBV_noglac,2,P-10,-12.110063636139012,2.97584725918375
17202,Karatag,HBV_noglac,2,T+2/P-10,-15.974908635627848,24.584827459231594
17202,Karatag,HBV_noglac,3,T+1,-0.8191304448223691,11.27836757458438
17202,Karatag,HBV_noglac,3,T+2,-3.190574845866956,24.544394561046914
17202,Karatag,HBV_noglac,3,T+3,-6.124153115377262,38.28443874598324
17202,Karatag,HBV_noglac,3,P+10,12.413885987001482,-3.9667955927372276
17202,Karatag,HBV_noglac,3,P-10,-12.173360825942304,2.734908542208446
17202,Karatag,HBV_noglac,3,T+2/P-10,-15.747705526803646,24.378219504728026
17202,Karatag,HBV_noglac,4,T+1,-0.996811428965394,11.250534001335321
17202,Karatag,HBV_noglac,4,T+2,-3.6126780472254594,24.563337846077136
17202,Karatag,HBV_noglac,4,T+3,-6.807277037422333,38.11583147503691
17202,Karatag,HBV_noglac,4,P+10,12.329879989967596,-4.212417399450485
17202,Karatag,HBV_noglac,4,P-10,-12.077119283542782,2.914890331023379
17202,Karatag,HBV_noglac,4,T+2/P-10,-16.02831177014461,24.5240291770671
17211,Sangardak,HBV_glac,0,T+1,-4.597158612905727,12.55613327024101
17211,Sangardak,HBV_glac,0,T+2,-9.165058057395537,21.959626849784264
17211,Sangardak,HBV_glac,0,T+3,-14.03772957401339,27.615685514518777
17211,Sangardak,HBV_glac,0,P+10,14.820786504311933,0.9061706969052175
17211,Sangardak,HBV_glac,0,P-10,-14.586942806518632,-1.7183777928958648
17211,Sangardak,HBV_glac,0,T+2/P-10,-22.991475755838486,15.523742297055222
17211,Sangardak,HBV_glac,1,T+1,-4.67676091705248,12.277587067501328
17211,Sangardak,HBV_glac,1,T+2,-9.36437110422913,21.295477060245094
17211,Sangardak,HBV_glac,1,T+3,-14.356681843845,27.13484207129236
17211,Sangardak,HBV_glac,1,P+10,14.541731054319907,0.5483051349493238
17211,Sangardak,HBV_glac,1,P-10,-14.314806287403092,-1.5041768324122184
17211,Sangardak,HBV_glac,1,T+2/P-10,-22.899928745628973,15.288846895395256
17211,Sangardak,HBV_glac,2,T+1,-4.572499209203828,12.5596766413687
17211,Sangardak,HBV_glac,2,T+2,-9.146352569886584,21.62122002298922
17211,Sangardak,HBV_glac,2,T+3,-14.00961177162604,27.2597798013154
17211,Sangardak,HBV_glac,2,P+10,14.779407672921074,0.9405471482741419
17211,Sangardak,HBV_glac,2,P-10,-14.54028778815104,-1.857275197661533
17211,Sangardak,HBV_glac,2,T+2/P-10,-22.931290054776397,15.169049377436572
17211,Sangardak,HBV_glac,3,T+1,-5.111425563237903,11.90336662153425
17211,Sangardak,HBV_glac,3,T+2,-10.07232445026035,20.38738734768009
17211,Sangardak,HBV_glac,3,T+3,-15.2162212320056,24.99433418523128
17211,Sangardak,HBV_glac,3,P+10,15.401981049020307,0.2828504162137211
17211,Sangardak,HBV_glac,3,P-10,-15.16377712061281,-0.9266655244652977
17211,Sangardak,HBV_glac,3,T+2/P-10,-24.323819661757284,14.441695979121462
17211,Sangardak,HBV_glac,4,T+1,-4.844311448468696,12.61783913569171
17211,Sangardak,HBV_glac,4,T+2,-9.702001320021314,21.48412856654478
17211,Sangardak,HBV_glac,4,T+3,-14.817256549717772,27.244138844639785
17211,Sangardak,HBV_glac,4,P+10,14.90107532461089,0.8423000012279154
17211,Sangardak,HBV_glac,4,P-10,-14.673713481636641,-1.8206705369225755
17211,Sangardak,HBV_glac,4,T+2/P-10,-23.542795420977935,15.122068488270592
17211,Sangardak,HBV_noglac,0,T+1,-4.659648043534082,12.383849512689094
17211,Sangardak,HBV_noglac,0,T+2,-9.313971380139286,21.7559545732222
17211,Sangardak,HBV_noglac,0,T+3,-14.267609713913366,27.587371876759537
17211,Sangardak,HBV_noglac,0,P+10,14.726238919283642,0.7399432457043424
17211,Sangardak,HBV_noglac,0,P-10,-14.493058599877473,-1.6462388583813343
17211,Sangardak,HBV_noglac,0,T+2/P-10,-23.05332207584333,15.42003941572387
17211,Sangardak,HBV_noglac,1,T+1,-4.825208383648705,11.942302200439325
17211,Sangardak,HBV_noglac,1,T+2,-9.651472229924574,20.21008823240955
17211,Sangardak,HBV_noglac,1,T+3,-14.674791558937939,24.642880824789035
17211,Sangardak,HBV_noglac,1,P+10,14.909096684011436,0.6819192996994978
17211,Sangardak,HBV_noglac,1,P-10,-14.681524896920417,-1.0325741550542542
17211,Sangardak,HBV_noglac,1,T+2/P-10,-23.50764004111452,14.240256558965097
17211,Sangardak,HBV_noglac,2,T+1,-5.1744410277698165,11.893348281299188
17211,Sangardak,HBV_noglac,2,T+2,-10.239853889421536,20.206226831470897
17211,Sangardak,HBV_noglac,2,T+3,-15.487304614978193,24.207385115205454
17211,Sangardak,HBV_noglac,2,P+10,15.292105817044966,0.17051666534575283
17211,Sangardak,HBV_noglac,2,P-10,-15.083750362073879,-0.8411853930562305
17211,Sangardak,HBV_noglac,2,T+2/P-10,-24.406260086585117,14.290766350964589
17211,Sangardak,HBV_noglac,3,T+1,-5.2408312467760005,11.538634258606672
17211,Sangardak,HBV_noglac,3,T+2,-10.390852955701968,19.61126108065965
17211,Sangardak,HBV_noglac,3,T+3,-15.700143333957083,23.438404054390283
17211,Sangardak,HBV_noglac,3,P+10,15.38384281644718,0.5172803299853008
17211,Sangardak,HBV_noglac,3,P-10,-15.154052616045854,-1.360303401017969
17211,Sangardak,HBV_noglac,3,T+2/P-10,-24.593648325319904,13.24793193867821
17211,Sangardak,HBV_noglac,4,T+1,-4.728249465278422,12.54658795798419
17211,Sangardak,HBV_noglac,4,T+2,-9.493599471975056,21.750517013955328
17211,Sangardak,HBV_noglac,4,T+3,-14.586049936034328,27.585024418327713
17211,Sangardak,HBV_noglac,4,P+10,14.687837067412657,0.6176354570791585
17211,Sangardak,HBV_noglac,4,P-10,-14.44468804194361,-1.543043069765627
17211,Sangardak,HBV_noglac,4,T+2/P-10,-23.18051005574461,15.58150797486346
16176,Padshaata,HBV_glac,0,T+1,-4.921293883382827,18.189011030101142
16176,Padshaata,HBV_glac,0,T+2,-9.893149050646722,33.40442733322669
16176,Padshaata,HBV_glac,0,T+3,-14.456135479724075,46.88644083975174
16176,Padshaata,HBV_glac,0,P+10,11.827072841155694,-4.210545617328009
16176,Padshaata,HBV_glac,0,P-10,-11.63998698902915,2.306163153266894
16176,Padshaata,HBV_glac,0,T+2/P-10,-20.342569203928562,31.472593329499635
16176,Padshaata,HBV_glac,1,T+1,-4.954096372121741,18.617099767715207
16176,Padshaata,HBV_glac,1,T+2,-9.737354432398371,33.457692554742216
16176,Padshaata,HBV_glac,1,T+3,-14.12176304205608,46.816799542065425
16176,Padshaata,HBV_glac,1,P+10,11.22553676218554,-4.273490286740245
16176,Padshaata,HBV_glac,1,P-10,-11.087577123157777,2.5848516762652434
16176,Padshaata,HBV_glac,1,T+2/P-10,-19.638841575975242,31.68586083786733
16176,Padshaata,HBV_glac,2,T+1,-4.778401350990935,17.899111861927295
16176,Padshaata,HBV_glac,2,T+2,-9.631877930740117,33.14187079885118
16176,Padshaata,HBV_glac,2,T+3,-13.906799937268543,46.39917691320776
16176,Padshaata,HBV_glac,2,P+10,11.553032850511125,-4.0644768492147385
16176,Padshaata,HBV_glac,2,P-10,-11.3982913940476,2.126914144336279
16176,Padshaata,HBV_glac,2,T+2/P-10,-19.75239853216485,31.149681662243264
16176,Padshaata,HBV_glac,3,T+1,-5.185045408273858,18.804946913994048
16176,Padshaata,HBV_glac,3,T+2,-10.256908835216528,33.79141635866397
16176,Padshaata,HBV_glac,3,T+3,-14.92721528925206,47.31602711866122
16176,Padshaata,HBV_glac,3,P+10,11.291130597272625,-4.5162596154920465
16176,Padshaata,HBV_glac,3,P-10,-11.154181142015352,2.7832143220741905
16176,Padshaata,HBV_glac,3,T+2/P-10,-20.223506651993407,32.22109709951302
16176,Padshaata,HBV_glac,4,T+1,-4.771007067857058,17.83115310144713
16176,Padshaata,HBV_glac,4,T+2,-9.515914604449415,32.81760615079018
16176,Padshaata,HBV_glac,4,T+3,-13.85574997202963,45.99198801389554
16176,Padshaata,HBV_glac,4,P+10,11.819212038973092,-4.244583459910277
16176,Padshaata,HBV_glac,4,P-10,-11.545258888329679,2.1406676854542557
16176,Padshaata,HBV_glac,4,T+2/P-10,-19.818785286057615,30.905927755110554
16176,Padshaata,HBV_noglac,0,T+1,-6.487519883766546,19.01258531633753
16176,Padshaata,HBV_noglac,0,T+2,-12.743043130478249,35.69772303456048
16176,Padshaata,HBV_noglac,0,T+3,-19.38000067437432,48.059540064995616
16176,Padshaata,HBV_noglac,0,P+10,13.248553598896272,-4.101533480590259
16176,Padshaata,HBV_noglac,0,P-10,-12.786369284321298,3.32504970701768
16176,Padshaata,HBV_noglac,0,T+2/P-10,-24.23662642071549,33.89050693159103
16176,Padshaata,HBV_noglac,1,T+1,-6.448441310345087,18.774915715617368
16176,Padshaata,HBV_noglac,1,T+2,-12.876680926635675,35.84361951306293
16176,Padshaata,HBV_noglac,1,T+3,-19.16404584198026,49.26412234080501
16176,Padshaata,HBV_noglac,1,P+10,12.360401435236824,-4.4307007991437395
16176,Padshaata,HBV_noglac,1,P-10,-12.095431282834102,3.0002701979919273
16176,Padshaata,HBV_noglac,1,T+2/P-10,-23.642003955835943,34.14656041215196
16176,Padshaata,HBV_noglac,2,T+1,-6.5285367170803354,19.11040047220701
16176,Padshaata,HBV_noglac,2,T+2,-12.979227360769041,35.186587755659446
16176,Padshaata,HBV_noglac,2,T+3,-19.307800509275907,49.14867550908213
16176,Padshaata,HBV_noglac,2,P+10,12.576960786317958,-5.0397324857564865
16176,Padshaata,HBV_noglac,2,P-10,-12.321080515977389,2.9810872860041933
16176,Padshaata,HBV_noglac,2,T+2/P-10,-24.01223179512908,33.68596832970819
16176,Padshaata,HBV_noglac,3,T+1,-6.528816778731239,18.997816888592933
16176,Padshaata,HBV_noglac,3,T+2,-12.96539120786906,35.5178668550804
16176,Padshaata,HBV_noglac,3,T+3,-19.261327012797945,49.38776781106358
16176,Padshaata,HBV_noglac,3,P+10,12.542391409478837,-4.66385443302495
16176,Padshaata,HBV_noglac,3,P-10,-12.314690060996325,2.836926624274694
16176,Padshaata,HBV_noglac,3,T+2/P-10,-23.96696555051395,33.78266775298049
16176,Padshaata,HBV_noglac,4,T+1,-6.488913119236872,18.701140537045568
16176,Padshaata,HBV_noglac,4,T+2,-12.92375772609291,35.55777371499072
16176,Padshaata,HBV_noglac,4,T+3,-19.287625187834433,49.31505560136934
16176,Padshaata,HBV_noglac,4,P+10,12.701013304389352,-4.574537675294987
16176,Padshaata,HBV_noglac,4,P-10,-12.39798405883642,2.960360662509599
16176,Padshaata,HBV_noglac,4,T+2/P-10,-24.01784463675638,33.96567517945844
16202,Chadak,HBV_glac,0,T+1,-9.700531562223546,20.457385878342674
16202,Chadak,HBV_glac,0,T+2,-19.393668647863006,34.93939698964804
16202,Chadak,HBV_glac,0,T+3,-28.912164025965982,41.11582570555238
16202,Chadak,HBV_glac,0,P+10,18.794287963503375,-7.544447457236615
16202,Chadak,HBV_glac,0,P-10,-18.313784932864884,3.8364852429374707
16202,Chadak,HBV_glac,0,T+2/P-10,-35.00875303735563,29.55891702616672
16202,Chadak,HBV_glac,1,T+1,-9.816892762433172,20.63300817043927
16202,Chadak,HBV_glac,1,T+2,-19.51025030247723,35.70197710931892
16202,Chadak,HBV_glac,1,T+3,-29.067617766366993,41.98669355045097
16202,Chadak,HBV_glac,1,P+10,18.89584988899442,-7.676938783548607
16202,Chadak,HBV_glac,1,P-10,-18.384969259156016,4.251411289101867
16202,Chadak,HBV_glac,1,T+2/P-10,-35.26518104403175,30.119501312308607
16202,Chadak,HBV_glac,2,T+1,-9.530364879752396,20.620764275591718
16202,Chadak,HBV_glac,2,T+2,-19.20596416154111,34.57743657533266
16202,Chadak,HBV_glac,2,T+3,-28.666494665231657,41.06441440428647
16202,Chadak,HBV_glac,2,P+10,18.683607405882952,-8.001465332265823
16202,Chadak,HBV_glac,2,P-10,-18.21821088912308,4.116152762506221
16202,Chadak,HBV_glac,2,T+2/P-10,-34.699896966252176,29.69919194155215
16202,Chadak,HBV_glac,3,T+1,-8.885895979589387,20.073254536262517
16202,Chadak,HBV_glac,3,T+2,-17.42512680879559,34.8225924136749
16202,Chadak,HBV_glac,3,T+3,-26.41268388847241,40.85242504907466
16202,Chadak,HBV_glac,3,P+10,18.5049904722697,-7.082343019959847
16202,Chadak,HBV_glac,3,P-10,-17.9224515935827,3.645213372850133
16202,Chadak,HBV_glac,3,T+2/P-10,-33.321429941786896,28.839202522016837
16202,Chadak,HBV_glac,4,T+1,-9.845152164213255,20.053266692602147
16202,Chadak,HBV_glac,4,T+2,-19.457806215548402,34.85781919640654
16202,Chadak,HBV_glac,4,T+3,-29.021001073717546,40.93422386851013
16202,Chadak,HBV_glac,4,P+10,18.693533387366923,-7.486780137858464
16202,Chadak,HBV_glac,4,P-10,-18.15297568353371,4.209181205418634
16202,Chadak,HBV_glac,4,T+2/P-10,-34.987158004992324,29.458769563419885
16202,Chadak,HBV_noglac,0,T+1,-9.700531562223546,20.457385878342674
16202,Chadak,HBV_noglac,0,T+2,-19.393668647863006,34.93939698964804
16202,Chadak,HBV_noglac,0,T+3,-28.912164025965982,41.11582570555238
16202,Chadak,HBV_noglac,0,P+10,18.794287963503375,-7.544447457236615
16202,Chadak,HBV_noglac,0,P-10,-18.313784932864884,3.8364852429374707
16202,Chadak,HBV_noglac,0,T+2/P-10,-35.00875303735563,29.55891702616672
16202,Chadak,HBV_noglac,1,T+1,-9.816892762433172,20.63300817043927
16202,Chadak,HBV_noglac,1,T+2,-19.51025030247723,35.70197710931892
16202,Chadak,HBV_noglac,1,T+3,-29.067617766366993,41.98669355045097
16202,Chadak,HBV_noglac,1,P+10,18.89584988899442,-7.676938783548607
16202,Chadak,HBV_noglac,1,P-10,-18.384969259156016,4.251411289101867
16202,Chadak,HBV_noglac,1,T+2/P-10,-35.26518104403175,30.119501312308607
16202,Chadak,HBV_noglac,2,T+1,-9.530364879752396,20.620764275591718
16202,Chadak,HBV_noglac,2,T+2,-19.20596416154111,34.57743657533266
16202,Chadak,HBV_noglac,2,T+3,-28.666494665231657,41.06441440428647
16202,Chadak,HBV_noglac,2,P+10,18.683607405882952,-8.001465332265823
16202,Chadak,HBV_noglac,2,P-10,-18.21821088912308,4.116152762506221
16202,Chadak,HBV_noglac,2,T+2/P-10,-34.699896966252176,29.69919194155215
16202,Chadak,HBV_noglac,3,T+1,-8.885895979589387,20.073254536262517
16202,Chadak,HBV_noglac,3,T+2,-17.42512680879559,34.8225924136749
16202,Chadak,HBV_noglac,3,T+3,-26.41268388847241,40.85242504907466
16202,Chadak,HBV_noglac,3,P+10,18.5049904722697,-7.082343019959847
16202,Chadak,HBV_noglac,3,P-10,-17.9224515935827,3.645213372850133
16202,Chadak,HBV_noglac,3,T+2/P-10,-33.321429941786896,28.839202522016837
16202,Chadak,HBV_noglac,4,T+1,-9.845152164213255,20.053266692602147
16202,Chadak,HBV_noglac,4,T+2,-19.457806215548402,34.85781919640654
16202,Chadak,HBV_noglac,4,T+3,-29.021001073717546,40.93422386851013
16202,Chadak,HBV_noglac,4,P+10,18.693533387366923,-7.486780137858464
16202,Chadak,HBV_noglac,4,P-10,-18.15297568353371,4.209181205418634
16202,Chadak,HBV_noglac,4,T+2/P-10,-34.987158004992324,29.458769563419885
